operation_description,machine_type,sam,skill_group_id
Chalk Button Attach-01,Button Attacher,0.21,SG-0003
Chalk Button Attach-02,Button Attacher,0.41,SG-0003
Chalk Button Attach-03,Button Attacher,0.61,SG-0003
Chalk Button Attach-04,Button Attacher,0.75,SG-0003
Chalk Button Attach-05,Button Attacher,1.018518518518518,SG-0003
Chalk Button Attach-06,Button Attacher,1.22,SG-0003
Chalk Button Attach-07,Button Attacher,1.375,SG-0003
Chalk Button Attach-08,Button Attacher,1.62962962962963,SG-0003
Chalk Button Attach-09,Button Attacher,1.833333333333333,SG-0003
Chalk Button Attach-10,Button Attacher,2.037037037037037,SG-0003
Chalk Button Attach-02 Waist Band,Button Attacher,0.41,SG-0003
Buckle Adjustment - 02,Nill,0.21,SG-0005
Button Attach Manual-05,Nill,2.4,SG-0006
Chalk Button Attach (Manual)-01,Nill,0.51,SG-0007
Chalk Button Attach (Manual)-02,Nill,1.02,SG-0007
Chalk Button Attach (Manual)-03,Nill,1.607142857142857,SG-0007
Chalk Button Attach (Manual)-04,Nill,2.142857142857143,SG-0007
Chalk Button Close-3,Nill,0.18,SG-9001
Draw Cord Insertion In Waist Band/Hood,Nill,1.02,SG-0009
Elastic Chalk Button Close-02,Nill,0.12,SG-9001
Elastic Insert into Eyelet For Tacking,Nill,0.18,SG-0011
Elastic Insertion In Waist Band,Nill,0.75,SG-0012
Hook & Bar Attach (Manual),Nill,0.725,SG-0013
Make Hole for Snap Button Attach (Male)- 16,Nill,1.4,SG-0014
Make Hole for Snap Button Attach (Female)-16,Nill,1.4,SG-0014
Metal Plate Attach (Manual)-01,Nill,0.8928571428571429,SG-0015
Metal Plate Attach 2-Corners (Manual),Nill,1.04,SG-0016
Metal Plate Attach 4-Corners (Manual),Nill,1.25,SG-0016
Shank Button & Rivet Insert In Poly Bag SPARE,Nill,0.16,SG-0017
Size Wise Sorting For Cord,Nill,0.14,SG-9017
Snap Buttton Close-08,Nill,0.4285714285714286,SG-0019
Sticker Pasting On Care Label,Nill,0.39,SG-0020
Sticker Pasting On Poly Bag,Nill,0.26,SG-9002
Studs Insert Into Belt-38,Nill,3.39,SG-0022
Tracing for Button Attach-16,Nill,1.45,SG-0023
Tracing For Button Attach-18,Nill,1.6,SG-0023
Washer Insert-01,Nill,0.09,SG-0024
Washer Insert-02,Nill,0.19,SG-0024
Washer Insert-03,Nill,0.26,SG-0024
Washer Insert-04,Nill,0.36,SG-0024
Washer Insert-05,Nill,0.5,SG-0024
Washer Insert-06,Nill,0.56,SG-0024
Washer Insert-07,Nill,0.65,SG-0024
Washer Insert-08,Nill,0.74,SG-0024
Washer Insert-09,Nill,0.83,SG-0024
Washer Insert-10,Nill,0.92,SG-0024
Bar Attach,Stud Rivet,0.2,SG-0030
Hook Attach,Stud Rivet,0.19,SG-0030
Horse Rivet Attach-01 (Logo),Stud Rivet,0.3571428571428572,SG-0030
Make Hole for Bar Attach,Stud Rivet,0.09,SG-0030
Make Hole for Hook Attach,Stud Rivet,0.09,SG-0030
Make Hole for Metal Plate Attach-01,Stud Rivet,0.09,SG-0030
Make Hole for Metal Plate Attach-02,Stud Rivet,0.18,SG-0030
Make Hole for Metal Plate Attach-03,Stud Rivet,0.28,SG-0030
Make Hole for Metal Plate Attach-04,Stud Rivet,0.36,SG-0030
Make Hole for Metal Plate Attach-05,Stud Rivet,0.5,SG-0030
Make Hole for Rivet/Stud/Ring/Snap Button At-90,Stud Rivet,8.18,SG-0030
Make Hole for Rivet/Stud/Ring/Snap Button At-20,Stud Rivet,1.8,SG-0030
Make Hole for Rivet/Stud/Ring/Snap Button Att-01,Stud Rivet,0.09,SG-0030
Make Hole for Rivet/Stud/Ring/Snap Button Att-02,Stud Rivet,0.18,SG-0030
Make Hole for Rivet/Stud/Ring/Snap Button Att-03,Stud Rivet,0.28,SG-0030
Make Hole for Rivet/Stud/Ring/Snap Button Att-04,Stud Rivet,0.36,SG-0030
Make Hole for Rivet/Stud/Ring/Snap Button Att-05,Stud Rivet,0.46,SG-0030
Make Hole for Rivet/Stud/Ring/Snap Button Att-06,Stud Rivet,0.55,SG-0030
Make Hole for Rivet/Stud/Ring/Snap Button Att-07,Stud Rivet,0.67,SG-0030
Make Hole for Rivet/Stud/Ring/Snap Button Att-08,Stud Rivet,0.71,SG-0030
Make Hole for Rivet/Stud/Ring/Snap Button Att-09,Stud Rivet,0.8,SG-0030
Make Hole for Rivet/Stud/Ring/Snap Button Att-10,Stud Rivet,0.89,SG-0030
Make Hole for Rivet/Stud/Ring/Snap Button Att-38,Stud Rivet,3.42,SG-0030
Make Hole for Snap Button Attach (Male)- 12,Stud Rivet,1.06,SG-0030
Make Hole for Snap Button Attach (Female)-12,Stud Rivet,1.06,SG-0030
Make Hole for Snap Button Attach- 09 (Female),Stud Rivet,0.8,SG-0030
Make Hole for Snap Button Attach- 10 (Female),Stud Rivet,0.9,SG-0030
Make Hole for Snap Button Attach (Male)- 14,Stud Rivet,1.25,SG-0030
Make Hole for Snap Button Attach (Male & Female)-16,Stud Rivet,1.4,SG-0030
Metal Plate Attach-01,Stud Rivet,0.425,SG-0030
Metal Plate Attach-02,Stud Rivet,0.86,SG-0030
Metal Plate Attach-03,Stud Rivet,1.295,SG-0030
Metal Plate Attach-04,Stud Rivet,1.73,SG-0030
Metal Plate Attach-05,Stud Rivet,2.07,SG-0030
Metal Ring Attach- 01,Stud Rivet,0.31,SG-0030
Metal Ring Attach- 02,Stud Rivet,0.35,SG-0030
Metal Ring Attach- 03,Stud Rivet,0.3214285714285715,SG-0030
Metal Ring Attach- 04,Stud Rivet,0.4285714285714286,SG-0030
Metal Ring Attach- 05,Stud Rivet,0.47,SG-0030
Metal Ring Attach- 06,Stud Rivet,0.51,SG-0030
Metal Ring Attach- 07,Stud Rivet,0.55,SG-0030
Metal Ring Attach- 08,Stud Rivet,0.4285714285714286,SG-0030
Punch For Rivet / Stud - 01,Stud Rivet,0.11,SG-0030
Punch For Rivet / Stud - 02,Stud Rivet,0.1,SG-0030
Punch For Rivet / Stud - 03,Stud Rivet,0.19,SG-0030
Punch For Rivet / Stud - 04,Stud Rivet,0.23,SG-0030
Punch For Rivet / Stud - 05,Stud Rivet,0.27,SG-0030
Punch For Rivet / Stud - 06,Stud Rivet,0.31,SG-0030
Punch For Rivet / Stud - 07,Stud Rivet,0.25,SG-0030
Punch For Rivet / Stud - 08,Stud Rivet,0.2857142857142858,SG-0030
Punch For Rivet / Stud - 09,Stud Rivet,0.3214285714285715,SG-0030
Punch For Rivet / Stud - 10,Stud Rivet,0.3571428571428572,SG-0030
Punch For Rivet / Stud - 90,Stud Rivet,11.61,SG-0030
Punch For Rivet / Stud - 20,Stud Rivet,1.82,SG-0030
Rivet Attach- 01,Stud Rivet,0.1,SG-0030
Rivet Attach- 02,Stud Rivet,0.18,SG-0030
Rivet Attach- 03,Stud Rivet,0.27,SG-0030
Rivet Attach- 04,Stud Rivet,0.37,SG-0030
Rivet Attach- 05,Stud Rivet,0.45,SG-0030
Rivet Attach- 06,Stud Rivet,0.55,SG-0030
Rivet Attach- 07,Stud Rivet,0.65,SG-0030
Rivet Attach- 08,Stud Rivet,0.75,SG-0030
Rivet Attach- 09,Stud Rivet,0.8,SG-0030
Rivet Attach- 10,Stud Rivet,0.88,SG-0030
Rivet Attach (Flat/Niple)- 01,Stud Rivet,0.11,SG-0030
Rivet Attach (Flat/Niple)- 02,Stud Rivet,0.2,SG-0030
Rivet Attach (Flat/Niple)- 03,Stud Rivet,0.29,SG-0030
Rivet Attach (Flat/Niple)- 04,Stud Rivet,0.38,SG-0030
Rivet Attach (Flat/Niple)- 05,Stud Rivet,0.47,SG-0030
Rivet Attach (Flat/Niple)- 06,Stud Rivet,0.56,SG-0030
Rivet Attach (Flat/Niple)- 07,Stud Rivet,0.65,SG-0030
Rivet Attach (Flat/Niple)- 08,Stud Rivet,0.74,SG-0030
Rivet Attach (Flat/Niple)- 09,Stud Rivet,0.83,SG-0030
Rivet Attach (Flat/Niple)- 10,Stud Rivet,0.92,SG-0030
Rivet Attach (Pyramid)- 01,Stud Rivet,0.15,SG-0030
Rivet Attach (Pyramid)- 02,Stud Rivet,0.28,SG-0030
Rivet Attach (Pyramid)- 03,Stud Rivet,0.42,SG-0030
Rivet Attach (Pyramid)- 04,Stud Rivet,0.56,SG-0030
Rivet Attach (Pyramid)- 05,Stud Rivet,0.7,SG-0030
Rivet Attach (Pyramid)- 06,Stud Rivet,0.84,SG-0030
Rivet Attach (Pyramid)- 07,Stud Rivet,0.98,SG-0030
Rivet Attach (Pyramid)- 08,Stud Rivet,1.12,SG-0030
Rivet Attach (Pyramid)- 09,Stud Rivet,1.26,SG-0030
Rivet Attach (Pyramid)- 10,Stud Rivet,1.4,SG-0030
Rivet Attach (Diamond)- 01,Stud Rivet,0.16,SG-0030
Rivet attach (Diamond)- 02,Stud Rivet,0.2142857142857143,SG-0030
Rivet Attach (Diamond)- 03,Stud Rivet,0.3214285714285715,SG-0030
Rivet Attach (Diamond)- 04,Stud Rivet,0.4285714285714286,SG-0030
Rivet Attach (Diamond)- 05,Stud Rivet,0.5357142857142857,SG-0030
Rivet Attach (Diamond)- 06,Stud Rivet,0.6428571428571429,SG-0030
Rivet Attach (Diamond)- 07,Stud Rivet,0.7500000000000001,SG-0030
Rivet Attach (Diamond)- 08,Stud Rivet,0.8571428571428572,SG-0030
Rivet Attach (Diamond)- 09,Stud Rivet,0.9642857142857144,SG-0030
Rivet Attach (Diamond)- 10,Stud Rivet,1.071428571428571,SG-0030
Rivet Attach (small)- 01,Stud Rivet,0.1785714285714286,SG-0030
Rivet Attach (small)- 02,Stud Rivet,0.3571428571428572,SG-0030
Rivet Attach (small)- 03,Stud Rivet,0.5357142857142857,SG-0030
Rivet Attach (small)- 04,Stud Rivet,0.7142857142857143,SG-0030
Rivet Attach (small)- 05,Stud Rivet,0.8928571428571429,SG-0030
Rivet Attach (small)- 06,Stud Rivet,1.071428571428571,SG-0030
Rivet Attach (small)- 07,Stud Rivet,1.25,SG-0030
Rivet Attach (small)- 08,Stud Rivet,1.39,SG-0030
Rivet Attach (small)- 09,Stud Rivet,1.55,SG-0030
Rivet Attach (small)- 10,Stud Rivet,1.785714285714286,SG-0030
Rivet Attach (Logo)- 01,Stud Rivet,0.12,SG-0030
Rivet Attach (Logo)- 02,Stud Rivet,0.25,SG-0030
Rivet Attach (Logo)- 03,Stud Rivet,0.36,SG-0030
Rivet Attach (Logo)- 04,Stud Rivet,0.48,SG-0030
Rivet Attach (Logo)- 05,Stud Rivet,0.59,SG-0030
Rivet Attach (Logo)- 06,Stud Rivet,0.71,SG-0030
Rivet Attach (Logo)- 07,Stud Rivet,0.85,SG-0030
Rivet Attach (Logo)- 08,Stud Rivet,0.96,SG-0030
Rivet Attach (small)- 02,Stud Rivet,0.22,SG-0030
Rivet Attach (Logo)- 09,Stud Rivet,1.1,SG-0030
Rivet Attach (Logo)- 10,Stud Rivet,1.25,SG-0030
Rivet Attach- 01 (Special),Stud Rivet,0.34,SG-0030
Rivet Attach- 02 (Special),Stud Rivet,0.7142857142857143,SG-0030
Rivet Attach- 03 (Special),Stud Rivet,1.071428571428571,SG-0030
Rivet Attach- 04 (Special),Stud Rivet,1.428571428571429,SG-0030
Rivet Attach- 05 (Special),Stud Rivet,1.785714285714286,SG-0030
Shank Button Attach- 01,Stud Rivet,0.1,SG-0030
Shank Button Attach- 02,Stud Rivet,0.2,SG-0030
Shank Button Attach- 03,Stud Rivet,0.29,SG-0030
Shank Button Attach- 04,Stud Rivet,0.38,SG-0030
Shank Button Attach- 05,Stud Rivet,0.46,SG-0030
Shank Button Attach- 06,Stud Rivet,0.55,SG-0030
Shank Button Attach- 07,Stud Rivet,0.65,SG-0030
Shank Button Attach- 08,Stud Rivet,0.72,SG-0030
Shank Button Attach- 09,Stud Rivet,0.8,SG-0030
Shank Button Attach- 10,Stud Rivet,0.87,SG-0030
Shank Button Attach (Logo)- 01,Stud Rivet,0.12,SG-0030
Shank Button Attach (Logo)- 02,Stud Rivet,0.25,SG-0030
Shank Button Attach (Logo)- 03,Stud Rivet,0.36,SG-0030
Shank Button Attach (Logo)- 04,Stud Rivet,0.5,SG-0030
Shank Button Attach (Logo)- 05,Stud Rivet,0.59,SG-0030
Shank Button Attach (Logo)- 06,Stud Rivet,0.7,SG-0030
Shank Button Attach (Logo)- 07,Stud Rivet,0.86,SG-0030
Shank Button Attach (Logo)- 08,Stud Rivet,0.93,SG-0030
Shank Button Attach (Logo)- 09,Stud Rivet,1.1,SG-0030
Shank Button Attach (Logo)- 10,Stud Rivet,1.22,SG-0030
Shank Button Attach (Diamond)- 01,Stud Rivet,0.172,SG-0030
Shank Button Attach (Diamond)- 02,Stud Rivet,0.314,SG-0030
Shank Button Attach (Diamond)- 03,Stud Rivet,0.3214285714285715,SG-0030
Shank Button Attach (Diamond)- 04,Stud Rivet,0.4285714285714286,SG-0030
Shank Button Attach (Diamond)- 05,Stud Rivet,0.5357142857142857,SG-0030
Shank Button Attach (Diamond)- 06,Stud Rivet,0.6428571428571429,SG-0030
Shank Button Attach (Diamond)- 07,Stud Rivet,0.7500000000000001,SG-0030
Shank Button Attach (Diamond)- 08,Stud Rivet,0.8571428571428572,SG-0030
Shank Button Attach (Diamond)- 09,Stud Rivet,0.9642857142857144,SG-0030
Shank Button Attach (Diamond)- 10,Stud Rivet,1.071428571428571,SG-0030
Shank Button Attach (Logo)- 12,Stud Rivet,1.4,SG-0030
Shank Button Attach at W/B (Logo)- 02,Stud Rivet,0.24,SG-0030
Snap Button Attach (Female)-01,Stud Rivet,0.12,SG-0030
Snap Button Attach (Male)- 01,Stud Rivet,0.11,SG-0030
Snap Button Attach (Female)-02,Stud Rivet,0.24,SG-0030
Snap Button Attach (Male)- 02,Stud Rivet,0.21,SG-0030
Snap Button Attach (Female)-03,Stud Rivet,0.35,SG-0030
Snap Button Attach (Male)- 03,Stud Rivet,0.32,SG-0030
Snap Button Attach (Female)-04,Stud Rivet,0.5,SG-0030
Snap Button Attach (Male)- 04,Stud Rivet,0.42,SG-0030
Snap Button Attach (Female)-05,Stud Rivet,0.63,SG-0030
Snap Button Attach (Male)- 05,Stud Rivet,0.53,SG-0030
Snap Button Attach (Female)-06,Stud Rivet,0.69,SG-0030
Snap Button Attach (Male)- 06,Stud Rivet,0.62,SG-0030
Snap Button Attach (Female)-07,Stud Rivet,0.82,SG-0030
Snap Button Attach (Male)- 07,Stud Rivet,0.7777777777777778,SG-0030
Snap Button Attach (Female)-08,Stud Rivet,0.96,SG-0030
Snap Button Attach (Male)- 08,Stud Rivet,0.82,SG-0030
Snap Button Attach (Female)-09,Stud Rivet,1.1,SG-0030
Snap Button Attach (Male)- 09,Stud Rivet,0.92,SG-0030
Snap Button Attach (Female)-10,Stud Rivet,1.25,SG-0030
Snap Button Attach (Male)- 10,Stud Rivet,1.02,SG-0030
Snap Button Attach (Diamond)-01,Stud Rivet,0.1071428571428572,SG-0030
Snap Button Attach (Diamond)-02,Stud Rivet,0.2142857142857143,SG-0030
Snap Button Attach (Diamond)-03,Stud Rivet,0.3214285714285715,SG-0030
Snap Button Attach (Diamond)-04,Stud Rivet,0.4285714285714286,SG-0030
Snap Button Attach (Diamond)-05,Stud Rivet,0.5357142857142857,SG-0030
Snap Button Attach (Diamond)-06,Stud Rivet,0.6428571428571429,SG-0030
Snap Button Attach (Diamond)-07,Stud Rivet,0.7500000000000001,SG-0030
Snap Button Attach (Diamond)-08,Stud Rivet,0.8571428571428572,SG-0030
Snap Button Attach (Diamond)-09,Stud Rivet,0.9642857142857144,SG-0030
Snap Button Attach (Diamond)- 10,Stud Rivet,1.071428571428571,SG-0030
Snap Button Attach (Male)- 12,Stud Rivet,1.23,SG-0030
Snap Button Attach (Female)-12,Stud Rivet,1.555555555555555,SG-0030
Snap Button Attach (Female)-02 at Collar,Stud Rivet,0.22,SG-0030
Snap Button Attach (Female)-02 at Cuff,Stud Rivet,0.22,SG-0030
Studs Attach At Belt-38,Stud Rivet,5.16,SG-0030
Tracing for Snap Button Attach-12 (Female),Stud Rivet,1.09,SG-0030
Tracing At Back Flap for Snap Button Attach-04 (Female),Tracing Pattern,0.35,SG-0046
Tracing for Button Attach-01,Tracing Pattern,0.1,SG-0046
Tracing for Button Attach-02,Tracing Pattern,0.18,SG-0046
Tracing for Button Attach-03,Tracing Pattern,0.26,SG-0046
Tracing for Button Attach-04,Tracing Pattern,0.36,SG-0046
Tracing for Button Attach-05,Tracing Pattern,0.44,SG-0046
Tracing for Button Attach-06,Tracing Pattern,0.55,SG-0046
Tracing for Button Attach-07,Tracing Pattern,0.63,SG-0046
Tracing for Button Attach-08,Tracing Pattern,0.7,SG-0046
Tracing for Button Attach-09,Tracing Pattern,0.8,SG-0046
Tracing for Button Attach-10,Tracing Pattern,0.89,SG-0046
Tracing for Button Attach-12,Tracing Pattern,1.09,SG-0046
Tracing for Button Attach-90,Tracing Pattern,8.18,SG-0046
Tracing for Button Attach-20,Tracing Pattern,1.8,SG-0046
Tracing for Button Attach-38,Tracing Pattern,3.68,SG-0046
Tracing for Hook Attach-01,Tracing Pattern,0.09,SG-0046
Tracing for Metal Plate Attach-01,Tracing Pattern,0.1,SG-0046
Tracing for Metal Plate Attach-02,Tracing Pattern,0.18,SG-0046
Tracing for Metal Plate Attach-03,Tracing Pattern,0.26,SG-0046
Tracing for Metal Plate Attach-04,Tracing Pattern,0.36,SG-0046
Tracing For Metal Plate Attach-05,Tracing Pattern,0.45,SG-0046
Tracing for Snap Button Attach-01 (Male),Tracing Pattern,0.102,SG-0046
Tracing for Snap Button Attach-02 (Male) With Handling,Tracing Pattern,0.18,SG-0046
Tracing for Snap Button Attach-03 (Male),Tracing Pattern,0.26,SG-0046
Tracing for Snap Button Attach-04 (Male),Tracing Pattern,0.39,SG-0046
Tracing for Snap Button Attach-01 (Female),Tracing Pattern,0.102,SG-0046
Tracing for Snap Button Attach-02 (Female),Tracing Pattern,0.19,SG-0046
Tracing for Snap Button Attach-02 (Female) with Tab attach,Tracing Pattern,0.19,SG-0046
Tracing for Snap Button Attach-03 (Female),Tracing Pattern,0.28,SG-0046
Tracing for Snap Button Attach-04 (Female),Tracing Pattern,0.4,SG-0046
Tracing for Snap Button Attach-12 (Male),Tracing Pattern,1.09,SG-0046
Tracing for Snap Button Attach-08 (Male),Tracing Pattern,0.95,SG-0046
Tracing for Snap Button Attach-08 (Female),Tracing Pattern,0.95,SG-0046
Tracing for Snap Button Attach-05 (Male),Tracing Pattern,0.45,SG-0046
Tracing for Snap Button Attach-05 (Female),Tracing Pattern,0.45,SG-0046
Tracing for Snap Button Attach-07 (Female),Tracing Pattern,0.6,SG-0046
Tracing for Snap Button Attach-06 (Female),Tracing Pattern,0.25,SG-9003
Tracing for Snap Button Attach-02 (Female) at Collar,Tracing Pattern,0.1428571428571429,SG-9003
Tracing for Snap Button Attach-02 (Female) at Cuff,Tracing Pattern,0.1428571428571429,SG-9003
Garment Turnover,Turner,0.15,SG-1330
Bottom Hem (Auto)- (Slit Hem),Auto Hemmer,0.684,SG-0053
Bottom Hem-(Auto)(2.5 Cm),Auto Hemmer,0.69,SG-0053
Bottom Hem-Auto(1~2cm),Auto Hemmer,0.609,SG-0053
Bottom Hem (Auto)-3cm,Auto Hemmer,0.715,SG-0053
Bottom Hem Flaper(greater than 70cm)-Auto,Auto Hemmer,0.68,SG-0053
Bottom Hem 8mm (Auto),Auto Hemmer,0.7,SG-0053
Bottom Hem narrow(less than 30cm),Auto Hemmer,0.74,SG-0053
Bottom Hem Short abv knee >70 Cm,Auto Hemmer,0.74,SG-0053
Bottom Hem Chain Stitch(abv knee),Auto Hemming (Chain),0.92,SG-0053
Bottom Hem Skirt Chain Stitch- Auto,Auto Hemming (Chain),0.951,SG-0053
Loop Attach-5 (Auto),Auto Loop,0.3571428571428572,SG-0062
Loop Attach-3 (Auto),Auto Loop,0.2,SG-0062
Loop Attach-6 (Auto),Auto Loop,0.4285714285714287,SG-0062
Loop Attach-4 (Auto),Auto Loop,0.2857142857142857,SG-0062
Loop Attach-8 (Auto),Auto Loop,0.51,SG-0062
Loop Attach-7 (Auto),Auto Loop,0.46,SG-0062
Loop Attach-9 (Auto),Auto Loop,0.57,SG-0062
Loop Attach-10 (Auto),Auto Loop,0.63,SG-0062
Loop Attach-2 (Auto),Auto Loop,0.1428571428571429,SG-0062
Loop Attach-2 (Auto),Auto Loop,0.1428571428571428,SG-0062
Bottom Strip Press 1Side By Folder,Auto Press,0.52,SG-5099
Cuff fuse-2,Auto Press,0.37,SG-0064
Cuff fuse-2*2,Auto Press,0.74,SG-0064
Cuff fuse-2 2nd,Auto Press,0.37,SG-0064
Armhole Bartack-2,Bartack,0.167,SG-0066
Armhole Bartack-4,Bartack,0.286,SG-0066
Back Loop Attach-1 (Top Side 2 Bt),Bartack,0.188,SG-0067
Bartack At Bib Join End-4*2 (Back & Front),Bartack,0.5,SG-0066
Bartack At Bottom-2,Bartack,0.18,SG-0066
Bartack at Hip Stitch-4,Bartack,0.29,SG-0066
"Bartack Fly-1, Crotch-1",Bartack,0.17,SG-0066
Bottom Chain secure Tacking-2 Bartack,Bartack,0.1785714285714286,SG-0066
Bottom Hem Bartack-4,Bartack,0.28,SG-0066
Bottom Hem Bartack-6,Bartack,0.42,SG-0066
Bottom Vent Bartack-2,Bartack,0.169,SG-0066
Braid Loop Attach-1,Bartack,0.17,SG-0067
Braid Loop Attach -(Bartack 3*5),Bartack,0.99,SG-0067
Cargo Pocket Bartack-4(with below fold),Bartack,0.37,SG-0066
Cargo Pocket Bartack-2*2,Bartack,0.31,SG-0066
Cargo Pocket Bartack-2*2 with Velcro Tape Handling,Bartack,0.42,SG-0066
Cord Loop Bartack With Fold-2,Bartack,0.2142857142857143,SG-0067
Front Flap Bartack-2*2 With Inner Patch,Bartack,0.65,SG-0066
Front Loops Attach Brtk-4 With Edge Bartack-4,Bartack,0.58,SG-0067
Front Rise Bartack-1 with Inside Panel Handling,Bartack,0.13,SG-0066
Hip Stitch Bartack-2 (Verticle),Bartack,0.1714285714285714,SG-0066
Hip Stitch Bartack-2 (Verticle) with Inside Panel Handling,Bartack,0.62,SG-0066
Hip Stitch Bartack-2 (Verticle) with Pocket Bag Handling,Bartack,0.21,SG-0066
Hip Stitch Bartack-2 (Horizontal),Bartack,0.169,SG-0066
Hip Stitch Bartack-1,Bartack,0.1,SG-0066
Hip Stitch Bartack-2*2,Bartack,0.3,SG-0066
Inseam Bartack-1,Bartack,0.08571428571428572,SG-0066
Loop Attach-5 (Manual),Bartack,0.693,SG-0067
Loop Attach-5 (Manual) with Inner Body Handling,Bartack,2.15,SG-0067
Loop Attach-3 (Manual),Bartack,0.405,SG-0067
Loop Attach-3 (Manual) With Label Handling-1,Bartack,0.42,SG-0067
Loop Attach-2 (Slanted),Bartack,0.309,SG-0067
Loop Attach-2 (Manual),Bartack,0.296,SG-0067
Loop Attach-4 (Manual),Bartack,0.571,SG-0067
Loop Attach-10(Manual),Bartack,1.266,SG-0067
Loop attach-6 (Manual),Bartack,0.926,SG-0067
Loop attach-6 (Manual) with Double Bartack,Bartack,1.8,SG-0067
Loop attach- 7 (Manual),Bartack,1.042,SG-0067
Loop attach-1 (Manual),Bartack,0.156,SG-0067
Loop attach-1 (Manual) with Label Handling-1,Bartack,0.18,SG-0067
Loop attach- 9 (Manual),Bartack,1.186,SG-0067
Loop attach- 8 (Manual),Bartack,1.102,SG-0067
Loop Attach-5 (vertical bartack),Bartack,0.865,SG-0067
Loop Attach With Inner Patch-1,Bartack,0.18,SG-0067
Loop Attach With Inner Patch-2,Bartack,0.38,SG-0067
Loop Attach With Inner Patch-2 Piping Handling,Bartack,0.43,SG-0067
Loop Attach With Inner Patch-2 Slanted-2,Bartack,0.43,SG-0067
Loop Attach With Inner Patch-2 Directional,Bartack,0.45,SG-0067
Loop Attach With Inner Patch-2 Directional 2cm,Bartack,0.45,SG-0067
Loop Attach With Inner Patch-2 with Elastic Handling,Bartack,0.5,SG-0067
Loop Attach-1(Twisted),Bartack,0.2,SG-0067
Loop Attach With Inner Patch-4,Bartack,0.68,SG-0067
Loop Attach With Inner Patch-4 Piping Handling,Bartack,0.78,SG-0067
Loop Attach With Inner Patch-4 Cross-2,Bartack,0.78,SG-0067
Loop Attach With Inner Patch-4 Cross-2 with Double Bartack-4,Bartack,0.78,SG-0067
Loop Attach With Inner Patch-4 2cm Height & Low Rpm,Bartack,0.78,SG-0067
LOOP ATTACH WITH INNER PATCH-3,Bartack,0.541,SG-0067
Loop Attach-5(Inside Piping Care),Bartack,0.74,SG-0067
LOOP ATTACH-4(INSIDE PIPING CARE),Bartack,0.6,SG-0067
Loop attach- 6 (Inside Piping Care),Bartack,0.87,SG-0067
LOOP ATTACH-2(INSIDE PIPING CARE),Bartack,0.32,SG-0067
Loop Attach With Inner Patch-2,Bartack,0.39,SG-0067
Loop Attach-5 (Inside Label Care),Bartack,0.72,SG-0067
Loop attach- 7 (Inside Piping Care),Bartack,0.98,SG-0067
Loop attach-6 (Manual) 2cm Height,Bartack,0.93,SG-0067
Loop Attach-2 (Manual) 2cm Height & Low Rpm,Bartack,0.32,SG-0067
Loop Attach-3 (Manual) Directional,Bartack,0.44,SG-0067
Loop Attach-3 (Manual) Directional 2cm,Bartack,0.5,SG-0067
Loop attach- 6 Manual (1 Side Only),Bartack,0.518,SG-0067
Loop attach- 5 Manual (1 Side Only),Bartack,0.42,SG-0067
Loop attach- 1 Manual (1 Side Only),Bartack,0.1,SG-0067
Loop Attach-5 (Manual) Manual WB Edge Handling,Bartack,2.1,SG-0067
Loop attach-6 (Manual) Manual WB Edge Handling,Bartack,2.1,SG-0067
Loop Attach 1Side-2(after wash),Bartack,0.24,SG-0067
Loop Attach 1Side(After Wash)-5,Bartack,0.51,SG-0067
Loop Attach Slanted-2(inside piping care),Bartack,0.34,SG-0067
LOOP ATTACH TOP SIDE ONLY- 6,Bartack,0.52,SG-0067
Loop attach V-shape(3 bartack)-1 with Inner Patch-2,Bartack,0.35,SG-0067
Loop attach V-shape(3 bartack)-2,Bartack,0.44,SG-0067
Loop attach V-shape(3 bartack)-5,Bartack,1.04,SG-0067
Loop attach V-shape(3 bartack)-5 With Inner Patch-04,Bartack,1.32,SG-0067
Loop Attach-3 (Manual) Without Top Stitch & Elastic Handling,Bartack,0.75,SG-0067
Loop Attach-3 (Manual) Without Top Stitch WB,Bartack,0.75,SG-0067
Loop Bartack-5 (After attach),Bartack,0.317,SG-0067
Loop Bartack-2*2,Bartack,0.3,SG-0067
Loop Bartack-3 (After attach),Bartack,0.2571428571428572,SG-0067
Loop Extra Bartack-2,Bartack,0.17,SG-0067
Loop Extra Bartack-1,Bartack,0.08571428571428572,SG-0067
Loop Extra Bartack-2*2,Bartack,0.28,SG-0067
Loop Tacking-5 Bartack,Bartack,0.5357142857142857,SG-0067
Loop Tacking-6 Bartack,Bartack,0.58,SG-0067
Loop Tacking-7 Bartack,Bartack,0.7500000000000001,SG-0067
Loop Tacking-6 Bartack,Bartack,0.58,SG-0067
Side Cargo Pocket Bartack-4*2,Bartack,0.58,SG-0066
SIDE FLAP BARTACK-2*2,Bartack,0.32,SG-0066
Side Flap Bartack-2*2 With Inner Patch,Bartack,0.65,SG-0066
Side Flap Bartack-2*2 With Patch Handling,Bartack,0.45,SG-0066
Side Flap Bartack-2*4 With Inner Patch,Bartack,1.3,SG-0066
Side Flap Bartack-2*4 With Patch Handling,Bartack,0.85,SG-0066
SIDE FLAP BARTACK-2*2 Patch Handling,Bartack,0.41,SG-0066
Side Pocket Bartack-2*2,Bartack,0.31,SG-0066
Side Pocket Bartack-2*2 With Inner Patch,Bartack,0.65,SG-0066
Side Pocket Bartack-2*2 With Inner Patch-2,Bartack,0.45,SG-0066
Side Pocket Bartack-2*4 With Inner Patch,Bartack,0.84,SG-0066
Side Pocket Bartack-2*4 With Patch Handling,Bartack,0.9,SG-0066
Side Pocket Bartack-2*2 Patch Handling,Bartack,0.42,SG-0066
Side Pocket Bartack-2*2 PKt Bag & Velcro Handling,Bartack,0.6,SG-0066
Side Zipper Bartack-1,Bartack,0.08,SG-0066
Slider Loop Bartack-3 With Insert With Loop Edge Bartack-3*2,Bartack,0.75,SG-0067
Slider Loop Bartack To Secure-3,Bartack,0.21,SG-0067
Slider Loop Bartack To Secure-3*2,Bartack,0.42,SG-0067
Slider Loop Bartack To Secure-3*4,Bartack,0.84,SG-0067
Tab Bartack-4,Bartack,0.26,SG-0066
Tab Loop Attach(4-Bartack)-1,Bartack,0.24,SG-0067
Tab Loop Attach(3-Bartack)-1,Bartack,0.23,SG-0067
Tab Loop Attach(4-Bartack)-1 With Piping Care,Bartack,0.26,SG-0067
Waist Band Bartack -4,Bartack,0.223,SG-0066
Waist Band Bartck-2,Bartack,0.17,SG-0066
Waist Band Chain secure Tacking-1,Bartack,0.08928571428571429,SG-0066
Waist Band Chain secure Tacking-2,Bartack,0.1785714285714286,SG-0066
Waist Band Chain secure Tacking-3,Bartack,0.2678571428571428,SG-0066
Waist Band Chain secure Tacking-2*2,Bartack,0.35,SG-0066
Yoke Deco Bartack-2*2,Bartack,0.3428571428571429,SG-0066
Bottom Hem Chain Stitch-Auto,Bottom Chain,0.8,SG-0053
Bottom Hem Chain Top Stitch Pant,Bottom Chain,0.3,SG-0053
Bottom Hem Chain Top Stitch Pant With Thread Trim,Bottom Chain,0.63,SG-0053
Bottom Hem Chain Top Stitch Pant Flappered,Bottom Chain,0.4,SG-0053
Bottom Hem Chain Top Stitch Short,Bottom Chain,0.51,SG-0053
Bottom Hem Chain Top Stitch Short 4 Ply Thread,Bottom Chain,0.58,SG-0053
Bottom Hem Chain Top Stitch Skirt,Bottom Chain,0.51,SG-0053
Waist Band Service Stitch with B/A,Button Attacher,0.122,SG-0003
Triangular Deco Stitch at Side-2,Close End,0.42,SG-0121
Waist Band End Close (Auto),Close End,0.242,SG-0121
Waist Band End Close (Auto)-1 side,Close End,0.197,SG-0121
Bib Eyelet-2,Eyelet Button Hole,0.31,SG-0124
Bottom Vent Button Hole-2,Eyelet Button Hole,0.28,SG-0124
Cuff Eyelet-2,Eyelet Button Hole,0.31,SG-0124
Cuff Eyelet-2*2,Eyelet Button Hole,0.62,SG-0124
Cuff Eyelet-3*2,Eyelet Button Hole,0.92,SG-0124
Fly Button Hole-2(assembly),Eyelet Button Hole,0.26,SG-0124
Front Placket Button Hole-2,Eyelet Button Hole,0.26,SG-0124
Side Fly Eyelet-3*2,Eyelet Button Hole,0.92,SG-0124
Side Fly Eyelet -2*2,Eyelet Button Hole,0.52,SG-0124
Waist Band Button Hole-1,Eyelet Button Hole,0.18,SG-0124
Waist Band Button Hole-3,Eyelet Button Hole,0.35,SG-0124
Waist Band Button Hole-2,Eyelet Button Hole,0.26,SG-0124
Waist Band Button Hole-1,Eyelet Button Hole,0.16,SG-0124
Arm Hole Top Stitch-2 Round FOA,Feed Off Arm,0.82,SG-0132
Inseam Close After Outseam Top-FOA,Feed Off Arm,0.61,SG-0132
Inseam Close After Outseam Top-FOA(Above Knee),Feed Off Arm,0.43,SG-0132
Inseam Close After Outseam Top-FOA Heavy Fabric,Feed Off Arm,0.95,SG-0132
Inseam Close After Outseam Top-FOA Low Rpm,Feed Off Arm,0.84,SG-0132
Inseam Close After Outseam Top-FOA Workwear,Feed Off Arm,0.95,SG-0132
INSEAM CLOSE FELL-PANT (2 EXTRA JOINTS MATCH),Feed Off Arm,0.57,SG-0132
Inseam Fell (Pant Small Group),Feed Off Arm,0.3571428571428572,SG-0132
Inseam Fell - (Pant),Feed Off Arm,0.5,SG-0132
Inseam Fell - (Pant) with Emb Follow,Feed Off Arm,0.75,SG-0132
Inseam fell(below knee),Feed Off Arm,0.41,SG-0132
Inseam fell(abv knee),Feed Off Arm,0.37,SG-0132
Inseam Fell - (Pant) Low Rpm,Feed Off Arm,0.58,SG-0132
Inseam Fell-Separatly(Pant),Feed Off Arm,0.4107142857142857,SG-0132
Inseam Top-(short below knee),Feed Off Arm,0.34,SG-0132
Inseam Top-(abv knee),Feed Off Arm,0.22,SG-0132
Inseam Top After O/S- Below Knee(2extra joints Match),Feed Off Arm,0.63,SG-0132
Inseam Top-Below knee(2extra joints Match),Feed Off Arm,0.41,SG-0132
INSEAM TOP-BELOW KNEE(4 EXTRA JOINTS MATCH),Feed Off Arm,0.47,SG-0132
Inseam Top-(short below knee) Low RPM,Feed Off Arm,0.48,SG-0132
INSEAM TOP-PANT (2 EXTRA JOINTS MATCH),Feed Off Arm,0.46,SG-0132
Inseam Top-Pant(6 Extra Joints Match),Feed Off Arm,0.58,SG-0132
Inseam Top Stitch - (After Side Seam),Feed Off Arm,0.43,SG-0132
Inseam Top Stitch - (After Side Seam) Long,Feed Off Arm,0.55,SG-0132
Inseam Top Stitch - (After Side Seam/Closed) Low RPM,Feed Off Arm,0.53,SG-0132
Inseam Top Stitch-pant,Feed Off Arm,0.25,SG-0132
INSEAM TOP STITCH-PANT (4 EXTRA JOINTS MATCH),Feed Off Arm,0.51,SG-0132
Inseam Top Stitch-Pant(special fabric),Feed Off Arm,0.4107142857142857,SG-0132
Inseam Top Stitch-Pant(chain on external side),Feed Off Arm,0.721,SG-0132
Inseam Top Stitch-pant (Complete Garment),Feed Off Arm,0.5575,SG-0132
Inseam Top Stitch-pant Low Rpm,Feed Off Arm,0.43,SG-0132
Inseam Top Stitch - (After Side Seam) Short,Feed Off Arm,0.35,SG-0132
Inseam Top Stitch - (After Side Seam) Short 4 Ply Thread,Feed Off Arm,0.88,SG-0132
Outseam Fell-(Pant),Feed Off Arm,1.12,SG-0132
Outseam Fell After Inseam Close,Feed Off Arm,0.62,SG-0132
Outseam Fell-(Pant) Long,Feed Off Arm,1.1,SG-0132
OUTSEAM TOP-BOLEW KNEE(2 EXTRA JOINTS MATCH),Feed Off Arm,0.478,SG-0132
Outseam Top-Pant(2extra joints Match),Feed Off Arm,0.58,SG-0132
OUTSEAM TOP- PANT (4 EXTRA JOINTS MATCH),Feed Off Arm,0.59,SG-0132
Outseam Top Stitch-FOA (below knee),Feed Off Arm,0.4,SG-0132
Outseam Top Stitch-FOA (Pant),Feed Off Arm,0.497,SG-0132
Outseam Top Stitch-FOA (Pant) with Puller,Feed Off Arm,0.72,SG-0132
Outseam Top Stitch-FOA (abv knee),Feed Off Arm,0.336,SG-0132
Outseam Top Stitch-FOA (Pant) Low Rpm,Feed Off Arm,0.65,SG-0132
Outseam Top Stitch-FOA (Pant) Workwear,Feed Off Arm,0.72,SG-0132
Outseam Top Stitch-Pant (Special Fabric),Feed Off Arm,0.61,SG-0132
Shoulder join (FOA),Feed Off Arm,0.43,SG-0132
Shoulder join turn & top-FOA,Feed Off Arm,0.445,SG-0132
Shoulder top-FOA,Feed Off Arm,0.325,SG-0132
Shoulder Top-FOA (Front & Back),Feed Off Arm,0.65,SG-0132
Shoulder top-FOA Joint,Feed Off Arm,0.38,SG-0132
Side Seam Close with sleeve FOA,Feed Off Arm,1.05,SG-0132
Side Seam Close with sleeve FOA With Puller,Feed Off Arm,1.21,SG-0132
Side Seam Close with sleeve with join match (2*2),Feed Off Arm,1.14,SG-0132
Side Seam Close with sleeve FOA With Puller (Short Sleeve),Feed Off Arm,0.97,SG-0132
Side seam close FOA,Feed Off Arm,0.65,SG-0132
Side seam Top,Feed Off Arm,0.403,SG-0132
Side Seam Top With Sleeve FOA-After O/L,Feed Off Arm,1.6,SG-0132
Sleeve Arm Hole Top,Feed Off Arm,0.67,SG-0132
Sleeve Arm Hole Top-(Fake Fell),Feed Off Arm,0.81,SG-0132
Sleeve Arm Hole Top Straight FOA-2*2,Feed Off Arm,0.7,SG-0132
SLEEVE ARMHOLE TOP(CLOSED),Feed Off Arm,1.61,SG-0132
Waist Band Top St. Top Side Wd Fulness>10 cm,Feed Off Arm,0.75,SG-0132
Waist Band Top Stitch Lower Side Narrow,Feed Off Arm,0.44,SG-0132
Waist shell stay stitch,Feed Off Arm,0.18,SG-0173
Waist shell stay stitch with Label Handling,Feed Off Arm,0.22,SG-0173
Waist shell stay stitch with Panel & Label Handling,Feed Off Arm,0.3,SG-0173
Waist shell stay stitch with Edge Manage,Feed Off Arm,0.28,SG-0173
Waist shell stay stitch,Feed Off Arm,0.18,SG-0173
Waist shell stay stitch For Cellbes Large Bodies,Feed Off Arm,0.48,SG-0173
Waist shell stay stitch For Mustang with Panel Handling,Feed Off Arm,0.42,SG-0173
Waist shell stay stitch For Zara Large,Feed Off Arm,0.26,SG-0173
Waist shell stay stitch Large,Feed Off Arm,0.29,SG-0173
Waist shell stay stitch Large & with Label Handling,Feed Off Arm,0.28,SG-0173
Waist shell stay stitch Split (Front & Back),Feed Off Arm,0.41,SG-0173
Waist shell stay stitch without hip stitch,Feed Off Arm,0.31,SG-0173
Arm Hole Binding Trim-2,Nill,0.2,SG-0181
Arm Hole Strip Matching-2,Nill,0.18,SG-0182
Armhole Binding Trim-2,Nill,0.19,SG-0183
Armhole joints trim,Nill,0.265,SG-0184
Armhole Joints Trim Both Sides,Nill,0.39,SG-0185
Back & Front Bottom Strip Corner Turn-2*2,Nill,0.27,SG-0186
Back & Front Bottom Strip Corner Turn-2*2,Nill,0.27,SG-0186
Back & Front Bottom Strip Cut & Trim(Half Moon Shape-2*2),Nill,0.38,SG-0187
Back Neck Round Cuts,Nill,0.24,SG-0188
Back Panel Bottom Piping Stitch Open-1*2,Nill,0.3571428571428572,SG-0189
Belt Matching,Nill,0.2,SG-0190
Belt Matching,Nill,0.2,SG-0190
Belt Matching (Front & Back),Nill,0.31,SG-0190
Belt Parts Matching,Nill,0.24,SG-0191
Bib Matching(Front & Back),Nill,0.2857142857142858,SG-0192
Bib Matching(Front),Nill,0.1428571428571429,SG-0192
Bib Matching(Back),Nill,0.1428571428571429,SG-0192
Bottom Band Matching,Nill,0.2142857142857143,SG-0193
Bottom Binding Trim-2,Nill,0.17,SG-0194
Bottom Binding Trim-2*2,Nill,0.28,SG-0194
Bottom Corner Cut-2*2,Nill,0.33,SG-9004
Bottom Corners Turn-2*2,Nill,0.31,SG-0196
Bottom Frill Stay Stitch Unpick-4,Nill,0.42,SG-0197
Bottom Joint Trim (2 Joints),Nill,0.21,SG-0198
Bottom Tape Trim-2,Nill,0.14,SG-9005
Bottom Vent Chain Open-2*2,Nill,0.44,SG-9006
Bundle Disposing,Nill,0.223,SG-0201
Bundle Disposing,Nill,0.243,SG-0201
Bundle disposing with outside thread trimming,Nill,0.37,SG-0201
Collar Attach Center Notches-2,Nill,0.2142857142857143,SG-0202
Collar Attach Center Notches-1,Nill,0.1071428571428572,SG-0202
Collar band Notches-Round band,Nill,0.54,SG-0203
Collar Matching,Nill,0.3571428571428572,SG-0204
Cuff Chain Fold-2*2,Nill,0.17,SG-0205
Cuff chain open-2*2,Nill,0.398,SG-0206
Cuff chain open-4*2,Nill,0.586,SG-0206
Cuff chain open-6*2,Nill,0.98,SG-0206
Cuff chain open-8*2,Nill,1.05,SG-0206
Cuff chain open-3*2,Nill,0.46,SG-0206
Cuff Chain Unpick 1Side-2 A/W,Nill,0.5,SG-0207
Cuff Corner Tape Removing-2,Nill,0.23,SG-0208
Cuff Matching,Nill,0.3571428571428572,SG-0209
Cuff Piping Trim-2,Nill,0.19,SG-0210
Cuff Turn 3Corner-2,Nill,0.34,SG-0211
Cut At Bottom For Zipper Attach-1*1,Nill,0.19,SG-0218
Cut At Bottom Patch For Close-2*2,Nill,0.33,SG-0213
Cut AT Cuffs(for expansion),Nill,0.27,SG-0214
Cut At Outseam-1*1,Nill,0.18,SG-0215
Cut For Collar Attach-15,Nill,0.95,SG-0216
Cut For Side Zipper Attach-1,Nill,0.1,SG-0218
Cut For Zipper Attach-1,Nill,0.09,SG-0218
Cut For Zipper Attach-2,Nill,0.12,SG-0218
Cut Notches At Collar-8,Nill,0.5,SG-0219
Cut Notches At Panel-2,Nill,0.2,SG-0220
Cuts AT Neck(for expansion),Nill,0.162,SG-0221
Dart Excess Notch Trim-2,Nill,0.21,SG-0222
Edge Binding Trim,Nill,0.14,SG-0223
Excess panel cutting Back With Notch,Nill,0.13,SG-0224
Excess panel cutting Front,Nill,0.11,SG-9007
Excess panel cutting Front & Back-1*1,Nill,0.1785714285714286,SG-9007
Excess panel cutting Front & Back For Side Fell-2*2,Nill,0.44,SG-9007
Extra Cuff trim-2,Nill,0.29,SG-9008
Extra Cuff trim-2 AW,Nill,0.29,SG-9008
Extra Cuff Trim 1Side-2,Nill,0.2,SG-9008
Extra Placket Trim-2,Nill,0.32,SG-0231
Extra Placket Trim-1,Nill,0.12,SG-0231
Extra Waist Band Trim,Nill,0.223,SG-0232
Extra Waist Band Trim-2*2,Nill,0.3571428571428572,SG-0232
Extra Waist Band Trim,Nill,0.22,SG-0232
Extra Waist Band Trim For QC,Nill,0.22,SG-9009
Extra Waist Band Trim 2nd,Nill,0.22,SG-9010
Extra Waist Band Trim-2*2 2nd for QC,Nill,0.3571428571428572,SG-9009
Extra Waist Band Trim-1 side,Nill,0.12,SG-9010
Flap Matching-2,Nill,0.17,SG-0237
Flap Matching-4,Nill,0.34,SG-0237
Flap Matching-1,Nill,0.08928571428571429,SG-0237
Fly Trim,Nill,0.096,SG-9011
Front & Back W.B Top Chain Open-1*1,Nill,0.34,SG-0239
Front Corner Cut-2,Nill,0.15,SG-0240
Front Panel Bottom Piping Stitch Open-1*2,Nill,0.3571428571428572,SG-0241
Front Placket Chain Open-3*2,Nill,0.56,SG-4421
Front Pocket & Flap Matching-2,Nill,0.33,SG-0243
Front Strips Excess Trim-2,Nill,0.21,SG-0244
Fusing Remove at Bottom Front & Back,Nill,3.2,SG-0245
Gallace Corner Trim-2*2,Nill,0.25,SG-0246
Garment Tracing Remove (Complete),Nill,0.54,SG-9012
Garment Turnover (Inner Short),Nill,0.18,SG-9013
Garment Turnover Manual,Nill,0.286,SG-9014
Garment Turnover Manual Half 2nd,Nill,0.286,SG-9014
Garment Turnover Manual Half 3rd,Nill,0.286,SG-9014
Garment Turnover Manual Half 1st,Nill,0.286,SG-9014
Garment Turnover Manual Half 4th,Nill,0.286,SG-9014
Garment Turnover Manual-2ND,Nill,0.286,SG-9014
Garment Turnover Manual-3RD,Nill,0.286,SG-9014
Hood Matching,Nill,0.2857142857142858,SG-0256
Inner Placket Binding Trim-2,Nill,0.1785714285714286,SG-0257
Inseam Bottom Piping Stitch Open-1*2,Nill,0.3571428571428572,SG-0258
Inseam Bottom Piping Trim-2,Nill,0.2857142857142858,SG-9015
Inside Garment Thread Trimming,Nill,0.3,SG-2843
Left Fly Trim,Nill,0.096,SG-0261
Lining Inner Pocket Attach Tracing-1,Nill,0.12,SG-0262
Lining Inner Pocket Turn-1,Nill,0.3571428571428572,SG-0263
Lining Sleeve Jacket Turnover,Nill,0.3571428571428572,SG-9016
Lining Sleeve Jacket Turnover A/W,Nill,0.3571428571428572,SG-9016
LOOP REINFORCEMENT Patch Extra TRIM-2,Nill,0.171,SG-0266
LOOP REINFORCEMENT TAPE TRIM-2,Nill,0.171,SG-0267
Matching Front & Back (Pant/Short),Nill,0.2,SG-0268
Matching Front & Back (Inner Short),Nill,0.2,SG-0268
Matching Front & Back Jkt,Nill,0.3571428571428572,SG-0268
Matching Inner Skirt,Nill,0.2,SG-0270
Matching Outseam Patch,Nill,0.24,SG-0271
Mending,Nill,0.34,SG-0272
Mending,Nill,0.54,SG-0272
Neck Binding Trim-2*2,Nill,0.28,SG-0273
Neck Joints Trim,Nill,0.27,SG-0274
Neck Joints Trim (5 Joints),Nill,0.34,SG-0274
Neck Piping Chain Open-2*2,Nill,0.4,SG-0275
Neck Piping Trim-1,Nill,0.09,SG-0276
Neck Piping Trim-2,Nill,0.15,SG-0276
Notch at Center Back For Waist Band Attach,Nill,0.16,SG-9128
Outseam Bottom Piping Trim-2,Nill,0.18,SG-9015
Outseam Chain Open-2,Nill,0.24,SG-0279
OUTSEAM PANEL TRIM -2,Nill,0.298,SG-0280
Outseam Twill Tape Trim-2,Nill,0.16,SG-0281
Panel Piping Trim-1,Nill,0.18,SG-0282
Patch Matching-1,Nill,0.08928571428571429,SG-0283
Patch Size Wise Sorting,Nill,0.13,SG-9017
Placket Box Stitch Tracing Btm Side-2,Nill,0.1785714285714286,SG-0285
Placket Box Stitch Tracing Btm Side-2 with inside,Nill,0.3571428571428572,SG-0285
Placket Matching-2,Nill,0.27,SG-0286
Placket Matching-1,Nill,0.14,SG-0286
Shoulder Patch Matching-1,Nill,0.14,SG-0287
Shoulder Turn-2 (Sandwich),Nill,0.1785714285714286,SG-0288
Side Fly Trims-2,Nill,0.2142857142857143,SG-0289
Side Pocket Matching-2,Nill,0.17,SG-0290
Side Pocket Matching-1,Nill,0.08928571428571429,SG-0290
Side Pocket Matching-4,Nill,0.34,SG-0290
Side Pocket Matching-1,Nill,0.08928571428571429,SG-0290
Sleeve Edge Binding Trim-2,Nill,0.2,SG-0291
Sleeve Matching,Nill,0.3571428571428572,SG-0292
Sleeve Twill Tape Cutting,Nill,0.15,SG-0293
Slider Loop Cut-1,Nill,0.1,SG-4302
Slider Loop Insert To Zipper-1,Nill,0.2142857142857143,SG-0295
Slider Loop Insert To Zipper-2,Nill,0.2857142857142858,SG-0295
Slider Loop Insert To Zipper-4,Nill,0.5714285714285715,SG-0295
Tab Matching,Nill,0.1785714285714286,SG-0296
Thread Trim Arm Hole Top-2*2,Nill,0.28,SG-9018
Thread Trim Waist band-2,Nill,0.24,SG-9019
Thread Trim Waist band Top-2nd For Body Fold,Nill,0.24,SG-9020
Thread Trim Waist band Top-1st For Body Fold,Nill,0.24,SG-9020
Thread Triming at Shell,Nill,0.32,SG-0301
Ticket Removing,Nill,0.2142857142857143,SG-0302
Ticket Removing (F/HF/JKT),Nill,0.3571428571428572,SG-0302
Ticket Removing (Denim),Nill,0.12,SG-0302
Ticket Removing (Non-Denim),Nill,0.3571428571428572,SG-0302
Ticket Removing (Non-Denim) with Inside Double Body,Nill,0.5357142857142857,SG-0302
Ticket Removing(dungaree/Abv 30 SAM),Nill,0.601,SG-0302
Ticket Removing (Chalk Number),Nill,0.21,SG-0302
Ticket Removing Inside (Heavy Fashion-Above 40 SAM),Nill,0.98,SG-9021
Ticket Removing Inside GMT,Nill,0.3214285714285715,SG-9021
TICKET REMOVING(JACKET/SHIRT) Non-Denim,Nill,0.7142857142857143,SG-0305
Ticket Removing (Denim) Sticker,Nill,0.3571428571428572,SG-0306
Tracing Remove at Hip Stitch,Nill,0.18,SG-0307
Tracing Remove at Pocket 1side,Nill,0.15,SG-0308
Tracing Remove at waist band,Nill,0.18,SG-0309
Turnover garment(manual) with inside thread trimming,Nill,0.44,SG-9013
Turnover Short Manual(inside thread trimming),Nill,0.36,SG-0311
Waist Band Binding Open(C.F Side),Nill,0.23,SG-0312
Waist Band Chain Fold,Nill,0.25,SG-0313
Waist Band Chain Fold,Nill,0.25,SG-0313
Waist Band Chain Fold,Nill,0.25,SG-0313
Waist Band Chain Open-1*1,Nill,0.24,SG-0314
Waist Band Chain Open-4*2,Nill,0.65,SG-0314
Waist Band Chain Open-1*1,Nill,0.24,SG-0314
Waist Band Chain Open-2*2,Nill,0.41,SG-0314
Waist Band Chain Open-3*2,Nill,0.56,SG-0314
Waist Band Chain Open-4*2,Nill,0.65,SG-0314
Waist Band Chain Open-4*2,Nill,0.65,SG-0314
Waist Band Chain Open-2*2,Nill,0.4,SG-0314
Waist Band Chain Open & Trim- (2 st./4 sides),Nill,0.671,SG-9022
Waist Band Chain Open & trim -3 st. (2 sides),Nill,0.445,SG-9022
Waist Band Chain Open-4*2 4 Ply Thread,Nill,0.82,SG-0314
Waist band Chain Open-1 Side(2 Chain),Nill,0.24,SG-0318
Waist band Chain Open-1 Side(4 Chain),Nill,0.398,SG-0318
Waist Band Chain Open-2 St (One side),Nill,0.24,SG-0319
Waist Band Chain Open-2 st (2 Sides),Nill,0.367,SG-0319
Waist Band Corner Cut-2*2,Nill,0.33,SG-9023
Waist Band Corner Fusing Remove-2,Nill,0.14,SG-9023
Waist Band Corner Tape Removing,Nill,0.12,SG-9023
Waist Band Corner Trim & Turn (1 Side),Nill,0.185,SG-0323
Waist Band Corner trim & Turn-2,Nill,0.25,SG-0323
Waist Band Joint Trim (2 Joints),Nill,0.21,SG-0324
Waist Band Open For Gallace Insertion-2,Nill,0.24,SG-0325
Waist Band Ring Corner Cut-2,Nill,0.1785714285714286,SG-9023
Waist Band Ring Matching To Body,Nill,0.2,SG-0327
Wasit band Stitch Open-2*2,Nill,0.32,SG-0328
Yoke Turn-Sandwich (Pre-Att Bk & Fr),Nill,0.32,SG-0329
Zipper cover for washing(with trim)-1,Nill,0.689,SG-0330
Zipper cover for washing(with trim)-2,Nill,1.348,SG-0330
Arm Hole Edge Secure After Attach-2,O/L,0.4285714285714286,SG-0331
Armhole Edge Secure-2,O/L,0.41,SG-0331
Armhole Edge Secure After Attach(Closed)-2,O/L,0.67,SG-0331
Armhole Frill Edge Secure(after attach)-2,O/L,0.54,SG-0331
Back & Front Panels Trim(btm side),O/L,0.37,SG-0335
Back Busted Panels Secure-2 JKT,O/L,0.5,SG-1495
Back Panel Secure For Zipper-1,O/L,0.14,SG-0331
Back Panels Secure Bottom Side For Ring Attach-2*2,O/L,0.42,SG-0331
Bag Make For Wash-O/L,O/L,0.37,SG-0331
Bottom Edge Secure,O/L,0.315,SG-0331
Bottom Edge Secure Flappered>50cm,O/L,0.5,SG-0331
Bottom Edge Secure Flappered>80cm,O/L,0.6,SG-0331
Bottom Edge Secure Jkt,O/L,0.6428571428571429,SG-0331
Bottom Edge Secure Short,O/L,0.53,SG-0331
BOTTOM ELASTIC RING ATTACH-2 All Around,O/L,1.253,SG-0344
Bottom Hem Trim-O/L (Stitching),O/L,0.1785714285714286,SG-0335
BOTTOM HEM TRIM - SKIRT (CIRCUMFERENCE>120 CM),O/L,0.25,SG-0335
Bottom Panels Secure For Vent-2*2,O/L,0.42,SG-0331
Bottom Panels Secure For Zipper-2*2,O/L,0.42,SG-0331
Bottom Ring Edge Secure After Attach-2,O/L,0.52,SG-0331
Bottom Secure Allaround(Dress),O/L,0.47,SG-0331
Bottom Vent Overlock-4,O/L,0.24,SG-0351
CLASSIC RISE JOIN(BACK & FRONT),O/L,0.66,SG-0352
Cuff Edge Secure-2*2,O/L,0.45,SG-0331
Fly O/L - 2 ~ 30 inch,O/L,0.52,SG-0354
Front Bib Edge Secure (After Attach),O/L,0.26,SG-0331
Front Inner Facing Edge Secure(allaround),O/L,0.76,SG-0331
Front Panel Secure For Zipper-1,O/L,0.14,SG-0331
Front Panels Secure Bottom Side For Ring Attach-2*2,O/L,0.42,SG-0331
Front Panels Secure For Vent-2*2,O/L,0.42,SG-0331
Front Pocket inner Patch Edge Secure 2side-2,O/L,0.35,SG-0331
Inner Body Side Seam Close With Sleeve O/L,O/L,0.8,SG-0424
Inner waistband Edge Secure 2side-1,O/L,0.24,SG-0331
Inseam Close After O/S Top-Below Knee(2extra joints Match),O/L,0.54,SG-0363
Inseam Close After O/S Top-Pant(2extra joints Match),O/L,0.59,SG-0363
Inseam Close After Outseam Top-O/L,O/L,0.52,SG-0363
Inseam Close After Outseam Top-O/L (Below knee),O/L,0.47,SG-0363
Inseam Close After Outseam Top-O/L (Abv knee),O/L,0.38,SG-0363
Inseam Close After Outseam Top-Pant(special fabric),O/L,0.64,SG-0363
INSEAM CLOSE-BELOW KNEE(4 EXTRA JOINTS MATCH),O/L,0.54,SG-0363
INSEAM CLOSE-PANT (4 EXTRA JOINTS MATCH),O/L,0.62,SG-0363
INSEAM CLOSE-PANT(6 EXTRA JOINTS MATCH),O/L,0.68,SG-0363
INSEAM CLOSE SEPARATELY(SMALL GROUP),O/L,0.54,SG-0363
Inseam O/L-(short below knee),O/L,0.41,SG-0363
Inseam O/L-(short below knee) 14SPI,O/L,0.41,SG-0363
Inseam O/L-(abv knee),O/L,0.32,SG-0363
Inseam O/L-(abv knee) 14SPI,O/L,0.42,SG-0363
Inseam O/L-(short below knee) Low Rpm,O/L,0.41,SG-0363
Inseam O/L-(short below knee) Low Rpm 14SPI,O/L,0.41,SG-0363
Inseam O/L-(short below knee) Low Rpm Split,O/L,0.41,SG-0363
Inseam O/L-(short below knee) Low Rpm Split 14SPI,O/L,0.41,SG-0363
Inseam O/L-pant,O/L,0.32,SG-0363
Inseam O/L-pant 14 SPI,O/L,0.36,SG-0363
INSEAM O/L-PANT (2 EXTRA JOINTS MATCH),O/L,0.54,SG-0363
Inseam O/L-Pant(special fabric),O/L,0.5,SG-0363
Inseam O/L-pant 14 SPI & Joints-2,O/L,0.4,SG-0363
Inseam O/L-pant Low Rpm,O/L,0.36,SG-0363
Inseam O/L-pant Low Rpm 14 SPI,O/L,0.4,SG-0363
Inseam O/L-pant Low Rpm Split,O/L,0.44,SG-0363
Inseam O/L-pant Low Rpm Split 14 SPI,O/L,0.5,SG-0363
Inseam O/L-pant Low Rpm Split 14 SPI with Extra Fabric Fold,O/L,0.9,SG-0363
Inseam O/L-pant Split,O/L,0.4,SG-0363
Inseam O/L-pant Split 14 SPI,O/L,0.52,SG-0363
Inseam O/L-pant Split 14 SPI with Joints-2,O/L,0.58,SG-0363
Inseam O/L-pant Split 14 SPI with Emb Follow,O/L,0.72,SG-0363
Inseam O/L-pant Split 14 SPI Joints Match-3 & Joint-2,O/L,0.85,SG-0363
Inseam O/L-(short below knee) Split,O/L,0.41,SG-0363
Inseam O/L-(short below knee) Split 14SPI,O/L,0.41,SG-0363
INSEAM OVERLOCK-BELOW KNEE-(2 EXTRA JOINTS MATCH),O/L,0.47,SG-0363
Label Secure at Outseam,O/L,0.195,SG-0331
Lining Filler Make For Random Wash,O/L,0.42,SG-0382
Lining Shoulder join -O/L With Incentive,O/L,0.43,SG-0383
Lining Side Seam Close with sleeve O/L With Incentive,O/L,1.05,SG-0424
Lining Sleeve Arm Hole Attach -O/L With Incentive,O/L,0.95,SG-9024
Neckline Edge Secure,O/L,0.35,SG-0331
Outseam Close-Below Knee(4Extra Joints Match),O/L,0.68,SG-0387
Outseam close Busted(abv knee),O/L,0.492,SG-0387
Outseam close Busted(abv knee) 14SPI,O/L,0.59,SG-0387
Outseam close Busted(belw knee short),O/L,0.52,SG-0387
Outseam close Busted(belw knee short) 14SPI,O/L,0.62,SG-0387
Outseam close Busted(belw knee short) 14SPI Joint,O/L,0.64,SG-0387
Outseam close Busted(belw knee short) Low RPM,O/L,0.58,SG-0387
Outseam close Busted(belw knee short) Low Rpm 14SPI,O/L,0.62,SG-0387
Outseam close Busted(belw knee short) Low Rpm Reverse Direction,O/L,0.62,SG-0387
Outseam close Busted(belw knee short) Low Rpm Reverse Direction 14SPI,O/L,0.62,SG-0387
Outseam Close Busted-Pant,O/L,0.48,SG-0387
Outseam Close Busted-Pant 14 SPI,O/L,0.56,SG-0387
Outseam Close Busted-Pant Joint,O/L,0.54,SG-0387
Outseam Close Busted-Pant Low Rpm,O/L,0.56,SG-0387
Outseam Close Busted-Pant Low Rpm 14 SPI,O/L,0.6,SG-0387
Outseam Close Busted-Pant Low Rpm Reverse Direction,O/L,0.62,SG-0387
Outseam Close Busted-Pant Low Rpm Reverse Direction 14 SPI,O/L,0.68,SG-0387
Outseam Close Busted-Pant Low Rpm Reverse Direction 14SPI with Extra Fabric Fold,O/L,0.92,SG-0387
Outseam Close Busted-Pant Reverse Direction,O/L,0.52,SG-0387
Outseam Close Busted-Pant Reverse Direction 14 SPI,O/L,0.58,SG-0387
Outseam Close Busted-Pant Reverse Direction 14 SPI Heavy Fabric With Joints,O/L,0.98,SG-0387
Outseam close Busted(belw knee short) Reverse Direction,O/L,0.65,SG-0387
Outseam close Busted(belw knee short) Reverse Direction 14SPI,O/L,0.62,SG-0387
OUTSEAM CLOSE SEPARATELY(SMALL GROUP),O/L,0.6,SG-0387
Outseam Close-Separatly(Pant),O/L,0.67,SG-0387
Outseam Long Patch Edge Secure After Attach 3Sides-2,O/L,1.23,SG-0331
Outseam O/L-(below knee),O/L,0.52,SG-0387
Outseam O/L-(below knee) 14SPI,O/L,0.58,SG-0387
Outseam O/L (abv knee),O/L,0.44,SG-0387
Outseam O/L (abv knee) 14SPI,O/L,0.52,SG-0387
Outseam O/L (Small Group Pant),O/L,0.52,SG-0387
Outseam O/L -(Pant),O/L,0.42,SG-0387
Outseam O/L -(Pant) 14 SPI,O/L,0.5,SG-0387
Outseam O/L-(Skirt),O/L,0.41,SG-0387
Outseam O/L-(Skirt) 14SPI,O/L,0.45,SG-0387
OUTSEAM O/L-BOLEW KNEE(2 EXTRA JOINTS MATCH),O/L,0.62,SG-0387
Outseam O/L -(Pant) 14 SPI For Cross Pocket,O/L,0.75,SG-0387
Outseam O/L (abv knee) Inner,O/L,0.44,SG-0387
Outseam O/L-(below knee) Low Rpm,O/L,0.62,SG-0387
Outseam O/L -(Pant) Low Rpm,O/L,0.5,SG-0387
Outseam O/L -(Pant) Low Rpm 14 SPI,O/L,0.6,SG-0387
Outseam O/L -(Pant) Low Rpm Reverse Direction,O/L,0.6,SG-0387
Outseam O/L -(Pant) Low Rpm Reverse Direction 14 SPI,O/L,0.7,SG-0387
Outseam O/L -(Pant) Low Rpm Reverse Direction 14 SPI with Extra Fabric Fold,O/L,0.9,SG-0387
OUTSEAM O/L PANT-(2EXTRA JOINTS MATCH),O/L,0.66,SG-0387
Outseam O/L Pant (4 Extra Joints Match),O/L,0.74,SG-0387
OUTSEAM O/L-PANT(SPECIAL FABRIC),O/L,0.68,SG-0387
Outseam O/L (abv knee) Reverse Direction,O/L,0.54,SG-0387
Outseam O/L -(Pant) Reverse Direction,O/L,0.5,SG-0387
Outseam O/L -(Pant) Reverse Direction 14 SPI,O/L,0.6,SG-0387
Outseam O/L -(Pant) Reverse Direction 14 SPI with Side Fly Handling,O/L,0.8,SG-0387
Outseam O/L -(Pant) Reverse Direction 14 SPI with Joints-2,O/L,0.8,SG-0387
Outseam O/L -(Pant) Reverse Direction 14 SPI with Emb Follow,O/L,0.8,SG-0387
Outseam O/L-1 Short Top,O/L,0.32,SG-0387
Outseam O/L - 1 Side (below knee),O/L,0.265,SG-0387
Outseam Sec- 1-Side with Fly (Below Knee),O/L,0.22,SG-0387
Outseam Secure After Attach (abv knee),O/L,0.35,SG-0331
Outseam Secure Wd Right Fly After Att (abv knee),O/L,0.44,SG-0331
Padded Side Seam Close With Sleeve O/L,O/L,0.92,SG-0424
Placket Edge Secure-2*2,O/L,0.2857142857142858,SG-0331
Quilted Sleeve Arm Attach To Front & Back-2*2,O/L,0.85,SG-0417
Quilting/Lining Sleeve Panel Join-O/L-2,O/L,0.48,SG-9348
Rib Edge Seure Sides-2,O/L,0.26,SG-0419
Shoulder Join-4 (Front & Back),O/L,0.78,SG-0420
Shoulder Join Joint,O/L,0.45,SG-0420
Shoulder Join-O/L,O/L,0.386,SG-0420
Shoulder Join Padded Heavy Fabric,O/L,0.55,SG-0420
Side Seam Close with Full sleeve,O/L,1.107142857142857,SG-0424
Side Seam Close with sleeve Padded Heavy Sleeve Fabric,O/L,1.25,SG-0424
Side Seam Close with Quilted sleeve,O/L,1.2,SG-0424
Side seam close,O/L,0.452,SG-0424
Side Seam Close with Half sleeve,O/L,0.85,SG-0424
Side Vent Secure-1*1,O/L,0.32,SG-0331
Sleeve Arm Hole Att O\L,O/L,0.856,SG-9024
Sleeve Arm Hole Att O\L Padded Heavy Fabric,O/L,1.21,SG-9024
Sleeve Arm Hole Attach -O\L,O/L,0.856,SG-9024
Sleeve Edge Secure-2 Round,O/L,0.4,SG-0331
Sleeve Edge Secure-2 Round Elasticated,O/L,0.54,SG-0331
Sleeve Elastic Ring Secure-2(allaround) After Attach,O/L,0.62,SG-0331
THIGH Pocket SECURE-2 (4 SIDES OF CUT&SEW Pocket SEAM),O/L,0.81,SG-0331
Waist band Bottom- O/L,O/L,0.24,SG-0433
Waist Band Edge Secure(After Attach),O/L,0.4285714285714286,SG-0331
Waist band Edge Secure-2*2,O/L,0.2857142857142858,SG-0331
Waist Band Edge Secure-1 with Trim,O/L,0.24,SG-0331
Waist Band Edges Secure-2,O/L,0.19,SG-0331
Waist Band Edges Secure-1,O/L,0.1071428571428572,SG-0331
Waist Band Ring Edge Secure After Attach,O/L,0.62,SG-0331
Waist Band Ring Edge Secure(After Attach) Elasticated,O/L,0.55,SG-0331
Waist Shell Edge Secure (All-around),O/L,0.36,SG-0331
Welt Pocket Bag Close 3Sided-2 Assembly Large Pc,O/L,1.7,SG-0439
Back Busted Panels Join Press-1 JKT,Press,0.32,SG-0440
Bottom Hem Press,Press,0.3571428571428572,SG-0441
Inseam close Busted-pant,O/L,0.52,SG-0363
Outseam close Busted-pant,O/L,0.6071428571428572,SG-0387
Arm Hole Binding Close Stay Stitch-2,Snls,0.44,SG-0444
Arm Hole Hem Pre S/F-2 Round Water Thread (Heavy Joints),Snls,1.23,SG-9025
Arm Hole Hem S/F-2 Round Water Thread (Heavy Joints),Snls,1.071428571428571,SG-9025
Arm Hole stay Stitch-2*2,Snls,0.35,SG-0444
Arm Hole stay Stitch-3*2,Snls,0.55,SG-0444
Arm Hole Strip Attach Tacking-2 With Incentive A/W,Snls,0.29,SG-0448
Arm Hole Strip Attach Tacking-2,Snls,0.5357142857142857,SG-0448
Arm Hole Strip Attach Tacking-2 With Incentive,Snls,0.58,SG-0448
Arm Hole Strip Attach Tacking-2 With Incentive,Snls,0.58,SG-0448
Arm Hole Strip Make With Fold-2,Snls,0.32,SG-0449
Armhole Binding Stay Stitch(Length For Folder-2,Snls,0.12,SG-0444
Armhole Frill Attach-2,Snls,0.96,SG-0451
Armhole Frill Edge Stay Stitch-2,Snls,0.31,SG-0444
ARMHOLE FRILL GATHERING MAKE TOP STITCH-2,Snls,0.587,SG-0453
Armhole Frill Top-2,Snls,0.93,SG-0454
Back & Front Bottom Strip Attach(Half Moon Shape-2*2),Snls,0.94,SG-0455
Back & Front Bottom Strip Top(Half Moon Shape-2*2),Snls,0.63,SG-0456
Back & Front Inner Yoke Join(shoulder side),Snls,0.32,SG-0457
Back & Front Outer Yoke Join(shoulder side),Snls,0.32,SG-0458
"Back Bib And Waistband Deco Stitch -2(2Sides,1 Corner)",Snls,0.52,SG-9136
Back Bib Attach(W.B Top & Corner Close),Snls,1.32,SG-0460
Back Bib Attach(W.B Top & Corner Close Straight),Snls,1.01,SG-0460
Back Bib Attach(W.B Top & Corner Close),Snls,1.23,SG-0460
Back Bib Attach Stay Stitch-1,Snls,0.18,SG-0444
Back Bottom Stay Stitch-SN,Snls,0.23,SG-0444
Back Btm Panel Corner Hem With Fold-2,Snls,0.34,SG-0463
Back Neck Patch Stay Stitch(Bottom & Sides),Snls,0.42,SG-0444
Back Panels Hem(Bottom Vent Make )SN-2,Snls,0.55,SG-0465
Back Panels Side Seam Stay Stitch-2,Snls,0.5,SG-0444
Back Panels Stay Stitch Top & Lower Side-2*2,Snls,0.38,SG-0444
Back Patch Tacking 1-Side(After Bottom Hem)-2,Snls,0.41,SG-0053
Back Waist Band Elasticated Ring Attach To Body-Sandwich,Snls,1.52,SG-9028
Back Waist Band Elasticated Ring Attach To Sides Hidden-Sandwich,Snls,2.2,SG-9068
Back Waist Band Ring Edge Stay Stitch For Elastic Water Thread,Snls,0.41,SG-0444
Back Waist Band Ring Top Stitch SN-2 Straight,Snls,1.428571428571429,SG-9059
Bib And Side Fly Service Stitch for wash-5 Dungaree,Snls,0.95,SG-0473
Bib Attach-3(W.B Top With Back Bib & 2 Frnt Bib) No Sty Stitch,Snls,1.73,SG-0474
Bib Attach Stay Stitch-1,Snls,0.18,SG-0444
"Binding Attach at Btm & O/S(abv knee short,6mm piping)",Snls,1.43,SG-0476
"Binding Attach To Arm Hole(Open Piece,Folder)",Snls,0.45,SG-0477
Binding Attach To Armhole(folder),Snls,0.726,SG-0478
Binding Attach To Armhole With Trim(Manual),Snls,0.96,SG-0478
Binding Attach To Bottom(Front & Back),Snls,0.44,SG-0479
Binding Attach To Neck,Snls,0.31,SG-9030
Bottom Band Attach Allaround(skirt)-SN,Snls,0.87,SG-0481
Bottom Band Attach Stay Stitch-3,Snls,0.35,SG-0444
Bottom Band Close(skirt)-SN,Snls,1.11,SG-0483
Bottom Band Close(shirt)-SN,Snls,2.6,SG-0483
Bottom Band Close Stay Stitch-3,Snls,0.36,SG-0444
Bottom Band Edge Hidden Stitch-SN,Snls,0.79,SG-0485
Bottom Binding Attach Allround(With Side Vent),Snls,0.81,SG-0486
Bottom Binding Close Allround(With Side Vent),Snls,1.05,SG-0487
Bottom Chain secure Tacking-4,Snls,0.31,SG-9031
Bottom Chain secure Tacking-2 SNLS,Snls,0.1785714285714286,SG-9031
Bottom D-Fold & Tacking-2*2,Snls,0.71,SG-0490
Bottom Edge Stitch Jacket,Snls,0.85,SG-0491
Bottom Elastic Ring Attach-2(After Tacking),Snls,0.88,SG-9032
Bottom Elastic Ring Attach-2 SN,Snls,0.95,SG-9032
Bottom Elastic Ring Attach Tacking-SN,Snls,0.46,SG-9032
Bottom Elastic Ring Stay Stitch Allaround-2(After Attach),Snls,0.74,SG-0444
Bottom Elastic Ring Top After Attach-2 SN,Snls,1.2,SG-9032
Bottom Elastic Tacking-2,Snls,0.2857142857142858,SG-0497
Bottom Elastic Tacking-2*2 with Fold,Snls,0.51,SG-0497
Bottom Frill Attach(allaround),Snls,1.37,SG-9033
Bottom Frill Attach Stay Stitch-2,Snls,0.34,SG-0444
Bottom Hem (Manual),Snls,0.4,SG-0053
Bottom Hem (Manual) (2-2.5cm),Snls,0.55,SG-0053
Bottom Hem (Manual) (3.5-4.5cm),Snls,0.95,SG-0053
Bottom Hem (Manual) with Joints-2,Snls,0.55,SG-0053
Bottom Hem (Manual) with Emb Follow,Snls,0.62,SG-0053
Bottom Hem with Zipper-Pant,Snls,0.8214285714285714,SG-0053
Bottom Hem(short abv knee),Snls,0.71,SG-0053
Bottom Hem(short abv knee) with Cargo Pocket Handling,Snls,0.92,SG-0053
Bottom Hem(short blow knee),Snls,0.64,SG-0053
Bottom Hem(short below knee) with Front Double Panel,Snls,0.82,SG-0053
Bottom Hem(short below knee) with Emb Handling,Snls,0.82,SG-0053
Bottom Hem With Vent(below knee)-SN,Snls,0.74,SG-0053
Bottom Hem With Vent(below knee)-SN Water Thread,Snls,0.74,SG-0053
Bottom Hem with Vent Pant-SN,Snls,0.75,SG-0053
Bottom Hem with Vent & Busted Pant-SN,Snls,0.7142857142857143,SG-0053
Bottom Hem With Vent(abv knee)-SN,Snls,0.81,SG-0053
Bottom Hem (Manual) With Bustard Seam,Snls,0.5,SG-0053
Bottom Hem (Manual) with Bustard Seam water thread,Snls,0.54,SG-0053
Bottom Hem (Manual) with Bustard Seam Less Than 13cm,Snls,0.55,SG-0053
Bottom Hem (Manual) with Bustard Seam 2cm,Snls,0.6,SG-0053
Bottom Hem (Manual) with Bustard Seam Joint & Heavy Fabric,Snls,1.3,SG-0053
Bottom Hem 3cm(flapper),Snls,0.94,SG-0053
Bottom Hem(short abv knee) 2-2.5cm,Snls,0.9,SG-0053
Bottom Hem(short abv knee) 3cm-3.5cm Pre-SF,Snls,0.8,SG-0053
Bottom Hem(short abv knee) 6cm Height,Snls,1.12,SG-0053
Bottom Hem Edge Stitch,Snls,0.4285714285714286,SG-0053
Bottom Hem Edge Stitch,Snls,0.4285714285714286,SG-0053
Bottom Hem Edge Stitch Flappered,Snls,0.6428571428571429,SG-0053
Bottom Hem Edge Stitch Flappered with Emb Follow,Snls,0.65,SG-0053
Bottom Hem Edge Stitch Flappered>50cm,Snls,0.58,SG-0053
Bottom Hem Edge Stitch Flappered>50cm 12SPI,Snls,0.94,SG-0053
Bottom Hem Edge Stitch Short,Snls,0.54,SG-0053
Bottom Hem flaper(greater than 50cm),Snls,0.55,SG-0053
Bottom Hem flaper(greater than 50cm) with Busted Seam,Snls,0.6,SG-0053
Bottom Hem flaper(greater than 50cm) with Busted Seam Joints & Tab Handling,Snls,0.92,SG-0053
Bottom Hem flaper(greater than 50cm) with Busted Seam & Loop Handling,Snls,0.92,SG-0053
Bottom Hem flaper(greater than 50cm) with Joints-2,Snls,0.65,SG-0053
Bottom Hem flaper(greater than 50cm) with Busted Seam & Joints-2,Snls,0.71,SG-0053
Bottom Hem Flaper(greater than 70cm),Snls,0.8,SG-0053
Bottom Hem flaper(greater than 70cm) with Busted Seam,Snls,0.84,SG-0053
Bottom Hem flaper(greater than 90cm),Snls,0.98,SG-0053
Bottom Hem flaper(greater than 70cm) 2-2.5cm,Snls,0.95,SG-0053
Bottom Hem flaper(greater than 50cm) 2cm-2.5cm,Snls,0.82,SG-0053
Bottom Hem flaper(greater than 50cm) 5cm Height,Snls,1.15,SG-0053
Bottom Hem flaper(greater than 50cm) (3.5-4.5cm) Pre Single Fold,Snls,0.95,SG-0053
Bottom Hem flaper(greater than 50cm) Stretch Fabric,Snls,0.75,SG-0053
Bottom hem jacket/shirt-SN,Snls,1.1,SG-0053
Bottom hem jacket/shirt-SN with Inside Quilting,Snls,1.85,SG-0053
Bottom hem jacket/shirt-SN Curved,Snls,1.25,SG-0053
Bottom hem jacket/shirt-SN Pre S/F,Snls,0.9,SG-0053
Bottom hem jacket/shirt-SN Pre S/F & stay stitches,Snls,0.8,SG-0444
Bottom Hem Manual-(2.5-3.5cm),Snls,0.7,SG-0053
Bottom Hem (Manual) Narrow Less Than 13cm,Snls,0.5,SG-0053
Bottom Hem 2nd Top Stitch-SN,Snls,0.54,SG-0053
Bottom Hem(short abv knee) Panel Joint-1,Snls,0.85,SG-0053
Bottom Hem Pre S/F & Stay Stitches-Pant 8cm,Snls,1.6,SG-0444
Bottom Hem Pre S/F-Pant 4-6cm,Snls,1.12,SG-0053
Bottom Hem (Manual) (3.5-4.5cm) Pre Single Fold,Snls,0.82,SG-0053
Bottom Hem S/F 4-6cm JKT,Snls,1.41,SG-0053
Bottom Hem S/F 5cm Pant,Snls,1.1,SG-0053
Bottom Hem S/F(with elastic)SN,Snls,0.8,SG-0053
Bottom Hem Single Fold,Snls,0.41,SG-0053
Bottom Hem Single Fold 3 cm (Flapper),Snls,0.5714285714285715,SG-0053
Bottom Hem Single Fold Flapperred,Snls,0.5,SG-0053
Bottom Hem Single Fold Jacket,Snls,0.8,SG-0053
Bottom Hem Single Fold Jkt Curved water thread,Snls,1.12,SG-0053
Bottom Hem Single Fold Jkt water thread,Snls,1.12,SG-0053
Bottom Hem Single Fold Short Abv Knee Water Thread,Snls,0.73,SG-0053
Bottom Hem Skirt with Slit,Snls,0.946,SG-0053
Bottom Hem Skirt-2cm Water Thread,Snls,0.85,SG-0053
Bottom Hem Skirt-Normal,Snls,0.8,SG-0053
Bottom Hem Skirt-Normal 2-3cm Height,Snls,0.98,SG-0053
Bottom Hem Skirt-Normal Joints-4,Snls,0.75,SG-0053
Bottom Hem Skirt-Normal Padded Fabric,Snls,1.05,SG-0053
Bottom Hem Skirt-Normal water thread,Snls,0.75,SG-0053
Bottom Hem Skirt (Circumference >110 cm)-SN,Snls,1.45,SG-0053
Bottom Hem Skirt TN (Front & Back Split) 2cm,Snls,1.15,SG-0053
Bottom Hem Skirt (Single Fold) Water Thread,Snls,1.2,SG-0053
Bottom Hem SN,Snls,0.84,SG-0053
Bottom Hem Stay Stitch(abv knee),Snls,0.62,SG-0444
"BOTTOM HEM STAY STITCH WITH FOLD(ALLAROUND,SKIRT)",Snls,0.82,SG-0444
Bottom Hem Stay Stitch-2,Snls,0.31,SG-0444
Bottom Hem Stay Stitch(abv knee) 2nd,Snls,0.62,SG-0444
Bottom Hem Stay Stitch-Only Back (abv knee),Snls,0.38,SG-0444
Bottom Hem Stay Stitch water thread-5,Snls,0.52,SG-0444
Bottom hem Top shirt-SN Joints-6,Snls,1.45,SG-0053
Bottom Hem Top Stitch-SN,Snls,0.52,SG-0053
Bottom Hem Top Stitch SN Elasticated Jkt,Snls,1.2,SG-0053
Bottom Hem (Manual) water thread,Snls,0.44,SG-0053
Bottom Hem(short below knee) water thread,Snls,0.75,SG-0053
Bottom Hem (Manual) water thread & Joints-2,Snls,0.52,SG-0053
Bottom Hem (Manual) (2-2.5cm) Workwear,Snls,0.75,SG-0053
Bottom Inner Patch Attach(with slit corners)-2,Snls,1.42,SG-9035
Bottom Inner Patch Close(with Slit corners)abv knee-2,Snls,2.17,SG-0557
Bottom Inner Patch Join Hidden Stitch(with slit corners)-2,Snls,1.41,SG-0558
Bottom Inner Ring Attach-2,Snls,0.72,SG-0559
Bottom Joint Stay Stitch-1,Snls,0.12,SG-0444
Bottom Leggy Zipper Attach Edge Stitch (closed leg)-2 Lower Round,Snls,2.3,SG-0561
Bottom Lining Attach 3sides-2,Snls,0.62,SG-0562
Bottom Patch Attach(before side seam),Snls,0.64,SG-0563
Bottom Patch Attach(before Inseam),Snls,0.64,SG-0563
Bottom Patch Close(before side seam),Snls,0.61,SG-0564
Bottom Patch Close(Manual),Snls,0.901,SG-0564
Bottom Patch Stay Stitch(sides)-2*2,Snls,0.49,SG-0444
Bottom Piping Attach(before Inseam close),Snls,0.58,SG-9060
Bottom Ring Close (Manual)-S/N,Snls,1.12,SG-0567
Bottom Ring Make & Busted Stay Stitch-2,Snls,0.85,SG-0444
Bottom Stay Stitch-2,Snls,0.31,SG-0444
Bottom Strip Attach With Zipper-2 Round,Snls,1.42,SG-0570
Bottom Strip Attach with joint stay stitch,Snls,1.55,SG-0444
Bottom Strip Attach Manual Long With Joints,Snls,1.34,SG-0571
Bottom Strip Close With Fold Long,Snls,1.52,SG-0572
Bottom Strip Close Stay Stitch water thread,Snls,1.2,SG-0444
Bottom Strip Edge Hidden Stitch,Snls,1.25,SG-0574
Bottom Strip Edge Top Stitch Long,Snls,1.2,SG-0575
Bottom Strip Make-3 with Busted stay stitch,Snls,0.52,SG-0444
Bottom Strip Tacking With Elastic-2(inseam side),Snls,0.52,SG-0577
Bottom Strip Top U-shape-2(inseam side),Snls,0.46,SG-0578
Bottom Tab Attach Stay Stitch With Fold-2,Snls,0.31,SG-0444
Bottom Tab Attach Stay Stitch-2 2nd,Snls,0.25,SG-0444
Bottom Vent Inner Stitch,Snls,0.36,SG-0581
Bottom Vent Make (Both Sides) Double Fold,Snls,1.32,SG-0582
Bottom Vent Make (Both Sides) Single Fold,Snls,1.2,SG-0583
Bottom Vent Stay Stitch-2,Snls,0.45,SG-0444
Bottom Zipper Attach At Pannel 1Side-2,Snls,0.49,SG-0585
Bottom Zipper Attach At Pannel 1Side-2 (Inner Stitch),Snls,0.61,SG-0585
Bottom Zipper Attach At Pannel 2Sided-2,Snls,0.87,SG-0586
Bottom Zipper Attach Top Stitch With Fold-2 Upper Round,Snls,2.3,SG-0587
Bottom Zipper Service Stitch-2,Snls,0.33,SG-9074
Bottom Zipper Top After Inner Stitch-2(Open Leg),Snls,0.58,SG-0589
Bottom Zipper Top At Panel 2 Sided After Inner Stitch-2,Snls,0.67,SG-0590
Bottom Zipper Top 1Side-2,Snls,0.46,SG-0591
"Bottom Zipper Top 2Side(narrow,closed leg)-2",Snls,0.83,SG-0591
Bottom Zipper Top 2Sided-2,Snls,0.86,SG-0592
Braid Loop Attach 2Sided-2 with U Shape Ends Horizontal at Outseam,Snls,2.5,SG-9038
Braid Loop Corner Close U-shape-2,Snls,0.75,SG-0594
Braid Loop Stay Stitch For attach-2 at Btm,Snls,0.21,SG-0444
Braid Loop Stay Stitch For attach-2 at Outseam,Snls,0.21,SG-0444
Cargo Pocket Attach Allround 4Sided-2 Without Press,Snls,2.78,SG-0597
Cargo Pocket Deco Stitch (Straight)-2*2,Snls,0.54,SG-0598
Classic Rise Join(With Joints StayStitches),Snls,0.62,SG-0599
Classic Rise Join(Without Joints StayStitches),Snls,0.76,SG-0599
Classic Rise Stay Stitch At Joints-2,Snls,0.34,SG-0444
Collar Attach,Snls,0.625,SG-0601
Collar Attach with Quilting Body,Snls,0.72,SG-0601
Collar Attach Hidden,Snls,0.78,SG-0602
Collar Attach Padded Heavy Body Fabric,Snls,0.78,SG-0603
Collar Close with band top,Snls,1.156,SG-0604
Collar Close With Band Top And Inside Piping,Snls,1.32,SG-0604
Collar Close With Band Top(Fashion),Snls,1.23,SG-0604
Collar close-SN,Snls,0.675,SG-9039
Collar close-SN Cordura Part Inner,Snls,0.99,SG-0606
Collar close-SN Hidden,Snls,0.95,SG-0606
Collar close-SN Joints,Snls,0.75,SG-0608
Collar close-SN Joints-4,Snls,0.85,SG-0608
Collar close-SN Joints-4 & with Quilting Body,Snls,0.95,SG-0606
Collar close-SN Joints Padded Heavy Body Fabric,Snls,0.92,SG-0606
Collar close-SN Sandwich Collar,Snls,1.21,SG-9040
Collar close-SN Sandwich Collar Pre Hem,Snls,0.88,SG-9040
Collar close-SN Sandwich Collar Pre Hem Fabric Issue,Snls,0.95,SG-0606
Collar Edge Corner Cuts,Snls,2.45,SG-0606
Collar Joint Stay Stitch-2*2,Snls,0.35,SG-0444
Collar 2nd Top Stitch(after attach)-SN,Snls,0.56,SG-0606
Collar 2nd Top Stitch(after attach)-SN Cordura Part Inner,Snls,0.62,SG-9041
Collar Stay Stitch-2,Snls,0.25,SG-0444
Collar Top Stitch(after attach)-SN,Snls,0.65,SG-0619
Collar Top Stitch(after attach)-SN,Snls,0.82,SG-0619
Collar Top Stitch(after attach)-SN Corner Part Inner,Snls,0.72,SG-9041
Collar Top Stitch(after attach)-SN Sandwich Collar,Snls,1.05,SG-0606
Cuff Attach Manual With 3Corners-2 Curved Hard Fabric Closed Pc,Snls,3.3,SG-0622
Cuff Attach Manual With 3Corners-2 Curved,Snls,2.11,SG-0622
Cuff Attach SN-2,Snls,0.7,SG-0623
Cuff Attach SN-2 with Quilting Inside,Snls,0.82,SG-0623
Cuff Attach SN-2 A/W,Snls,1.4,SG-0624
Cuff Attach SN 3sided with Corners-2,Snls,0.92,SG-0624
Cuff Close Curved-2 Closed Pc Hard Fabric,Snls,3.5,SG-0626
Cuff Close Curved-2 Hard Fabric,Snls,2.22,SG-0626
Cuff Close SN-2,Snls,0.71,SG-0628
Cuff Close SN With Top Stitch Allround-2,Snls,1.11,SG-0628
Cuff Close SN-2 With Fold,Snls,0.88,SG-0628
Cuff Close SN With Top Stitch Allround 1side mitered-2,Snls,2.25,SG-0628
Cuff Close SN With Top Stitch Allround 1side mitered-2 with Inside Quilting,Snls,2.5,SG-0628
Cuff Close SN-2 With Top Stitch Mitered 1Side Allround,Snls,2.3,SG-0628
Cuff Close SN-2 A/W,Snls,1.4,SG-0626
Cuff corner close Deco Stitch U-Shape (2side),Snls,0.88,SG-0630
Cuff corner close Deco Stitch U-Shape (1side),Snls,0.44,SG-0630
Cuff corner close-L shape(1side),Snls,1.324,SG-0631
Cuff corner close-L shape(2side),Snls,1.324,SG-0631
CUFF CORNER CLOSE-L SHAPE WITH TOP(2SIDE),Snls,0.79,SG-0631
Cuff corner close-L shape(2side) 8cm Height,Snls,1.324,SG-0626
Cuff corner close 2nd stitch-2*2,Snls,0.445,SG-0633
Cuff corner close 2nd stitch-4*2,Snls,0.856,SG-0633
Cuff Corner Close-1Side (Mitered Shape),Snls,0.96,SG-0626
Cuff Corner Close-1Side (Mitered Shape) Lining,Snls,1.05,SG-9042
Cuff corner close straight(2side),Snls,0.5714285714285715,SG-9043
Cuff corner close straight(2side) 2nd,Snls,0.5714285714285715,SG-9043
Cuff corner close-U shape(1side),Snls,0.6964285714285715,SG-0638
Cuff corner close-U shape(2side),Snls,1.324,SG-0638
Cuff corner close-U shape(2side) Height Above 5cm,Snls,1.44,SG-0626
Cuff corner close-U shape(1side) Lining,Snls,0.81,SG-9042
Cuff corner close-U shape(2side) Padded Heavy Sleeve Fabric,Snls,1.44,SG-0626
Cuff corner close-U shape(2side) 2Pcs,Snls,1.45,SG-9044
Cuff corner close-U shape(2side) 2Pcs A/W,Snls,2.4,SG-9044
Cuff corner close-U shape(2side) Pre Tucking,Snls,0.95,SG-0626
Cuff Corner Close U-shape 1Side(zipr & fly insert),Snls,1.33,SG-0626
Cuff Corner 2nd Stitch(straight)-2,Snls,0.27,SG-9045
Cuff Corner 2nd Stitch-1Side (Mitered Shape),Snls,0.52,SG-9045
Cuff corner Stay stitch-2*2 water thread,Snls,0.7142857142857143,SG-0444
Cuff dart make stay stitch-2,Snls,0.364,SG-0444
Cuff Extra Corner Chain Secure-2,Snls,0.19,SG-0650
Cuff 2nd Top With 2Corners-2,Snls,0.42,SG-0651
Cuff 2nd Top Stitch SN Allround 1side mitered-2,Snls,1.6,SG-0652
Cuff 2nd Top Stitch SN Allround 1side mitered-2 with Inside Quilting,Snls,1.8,SG-0652
Cuff Piping Attach-2(corner tucking),Snls,0.7,SG-0653
Cuff Piping Make-2,Snls,0.32,SG-0654
CUFF RIB RING TOP STITCH AFTER ATTACH-2 Narrow,Snls,2.98,SG-0658
Cuff Shell Stay Stitch,Snls,0.31,SG-0444
Cuff Top With 2Corners-2,Snls,0.48,SG-0657
Cuff Top With 4Corners-2,Snls,0.58,SG-0657
Cuff Top Stitch-2,Snls,0.41,SG-0658
Cuff Top Stitch-2*2,Snls,0.6785714285714286,SG-0658
Cuff Top Stitch With Press 3Corners-2 Hard Fabric Closed Pc,Snls,3.48,SG-0658
Cuff Top Stitch With Press 2Corners-2 Hard Fabric,Snls,1.52,SG-0658
Cuff Top Stitch-2 water thread,Snls,0.42,SG-0658
Cuff Vent Top Stitch-3*2,Snls,0.689,SG-0658
Cut Welt Pocket Stay Stitch For Side Seam Close-2,Snls,0.41,SG-0444
Deco Stitch Mitered-1,Snls,0.34,SG-0662
Double Fly Attach Inside Zip-SN,Snls,0.62,SG-9047
Double Fly Attach Inside Zip-SN Long,Snls,0.85,SG-9047
Elastic attach to Waist Band (Verticle 4 st),Snls,0.5,SG-0665
Elastic attach to Waist Band (Horzintal st),Snls,0.36,SG-0665
ELASTIC BELT ATTACH(AFTER STAY STITCH),Snls,0.72,SG-0444
ELASTIC BELT CLOSE(AFTER STAY STITCH),Snls,0.88,SG-0444
Elastic Tacking At Waist Band-5,Snls,0.53,SG-0668
Elastic Tacking At Waist Band-5 With Edge Fold,Snls,0.64,SG-0668
Elastic Tacking At Waist Band-7,Snls,0.8,SG-0668
Embroidery Patch Attach At Panel Allround-1,Snls,3.5,SG-9143
Embroidery Patch Edge Stitch Allround-2,Snls,2.5,SG-0670
Embroidery Patch Top At Panel Allround-1,Snls,3.2,SG-0671
FLAP ATTACH(ASSEMBLY)-1,Snls,0.22,SG-1132
Flap Attach(assembly)-2,Snls,0.44,SG-1132
Flap Attach(assembly)-4,Snls,0.88,SG-1132
Flap Attach(assembly)-2 at Panel Edge Handling,Snls,0.68,SG-1132
Flap Attach(assembly)-2 Joint,Snls,0.51,SG-1132
Flap Attach(assembly)-2 Long & Heavy Fabric,Snls,0.75,SG-1132
Flap Attach(assembly)-2 2nd,Snls,0.44,SG-1132
Flap Corner Tacking(after attach)-2*2,Snls,0.38,SG-0677
Flap Corner Tacking(after attach)-2*4,Snls,0.76,SG-0677
"Flap Top Stitch SN-1(After attach,Assembly)",Snls,0.19,SG-2994
"Flap Top Stitch SN-2(After attach,Assembly)",Snls,0.37,SG-2994
"Flap Top Stitch SN-4(After attach,Assembly)",Snls,0.92,SG-2994
"Flap Top Stitch SN-2(After attach,Assembly) 2nd",Snls,0.37,SG-2994
"Flap Top Stitch SN-2(After attach,Assembly) 4 Ply Thread",Snls,0.46,SG-2994
Fly Attach To Zipper -1 Short Top,Snls,0.34,SG-0681
Fly box Stay stitch To Side Waist-2,Snls,0.293,SG-0444
Fly Inner Tape Attach 2Sides-1,Snls,0.22,SG-0683
Fly Zipper Attach At Right Panel,Snls,0.48,SG-0684
Front & Back Bib Joint Stay Stitch For Attach-2,Snls,0.38,SG-0444
Front & Back Waist Band Elasticated Ring Inside Close,Snls,1.25,SG-9058
Front & Back Yoke Stay Stitch(allaround),Snls,0.58,SG-0444
Front Bib Attach(W.B Top & Corner Close),Snls,1.23,SG-0688
Front Bib Attach(W.B Top & Corner Close Straight),Snls,0.92,SG-0688
Front Bib Attach-1 SN (with Shell),Snls,1.15,SG-0688
Front Bib Lining Waist Band Attach (Manual) Water Thread,Snls,0.9,SG-0688
Front Bib Lining Waist Band Close Stitch water Thread,Snls,1.11,SG-0992
Front Bib Stay Stitch For Attach-3,Snls,0.54,SG-0444
Front Bib Wb Bottom Stitch Straight-2 TN,Snls,0.44,SG-0693
Front Bib Wb Top Stitch Straight-2 TN,Snls,0.44,SG-9211
FRONT CARGO POCKET ATTACH-2 Allround with Zip Handling Assembly,Snls,2.65,SG-0695
FRONT CARGO POCKET ATTACH-4 Allround with Zip Handling Assembly,Snls,5.3,SG-0695
Front cargo pocket corner stay stitch-2 sided-1 For Bartack,Snls,0.2857142857142858,SG-0444
Front Inner Facing Attach Stay Stitch-2,Snls,0.42,SG-0444
Front Inner Facing Edge Top Allround-SN,Snls,1.27,SG-0698
Front Inner Facing Stay Stitch-4(save for turning),Snls,0.38,SG-0444
Front Inner Placket Attach-2 With Zipper With Fold,Snls,1.95,SG-0700
Front Inner Placket Attach With Neck-2 Hidden,Snls,0.62,SG-0700
Front Inner Placket Attach-2 With Zipper,Snls,1.45,SG-0700
Front Inner Placket Attach-2,Snls,1.25,SG-0700
Front Inner Placket Attach Edge Stitch-2,Snls,0.98,SG-9050
Front Inner Placket Edge Stitch-1,Snls,0.53,SG-9050
Front Inner Placket Stay Stitch With Pocket Bags-3,Snls,0.47,SG-0444
Front Inner Placket Stay Stitch With Pocket Bag-2 With Press,Snls,0.51,SG-0444
Front Panel Join Complete Zigzag-2,Snls,4.82,SG-9051
Front Panel Pleat Make with Zipper-1 Water Thread,Snls,1.42,SG-9052
Front Panel Stay Stitch At Hang Straight-2,Snls,0.25,SG-0444
Front Panel Tracing Stay Stitch -2,Snls,0.22,SG-0444
Front Panel Tracing Stay Stitch 2 Sided-2,Snls,0.32,SG-0444
Front Panels Attach at Back(overlaping)-2,Snls,0.58,SG-3407
Front Panels Hem(Bottom Vent Make)SN-2,Snls,0.55,SG-0710
Front Panels Hem(Front Rise Vent Make)SN-2,Snls,0.55,SG-0710
Front Panels Lip Make For Zipper Attach-2 Water Thread,Snls,1.3,SG-1075
Front Panels Side Seam Stay Stitch-2,Snls,0.5,SG-0444
Front Placket Btm Box Make (Hidden)-2,Snls,2.35,SG-0713
Front Placket Close-1 with Inside Quilting,Snls,1.25,SG-9054
Front Placket Close Stay Stitch-1 2nd water thread,Snls,0.65,SG-0444
Front Placket Close Stay Stitch-1 water thread,Snls,0.65,SG-0444
Front Placket Corner Close L-shape 2Pcs-2 Top Side,Snls,0.78,SG-9056
Front Placket Corner Close U-shape 2Pcs-2 Btm Side,Snls,0.98,SG-9056
Front Placket Panels Join-2,Snls,0.25,SG-3418
Front Placket Panels Join Stay Stitch-4,Snls,0.29,SG-0444
Front Placket Top Stitch Allround-SN with Piping,Snls,2.3,SG-4468
Front Pocket Attach(Square)-2 After Crotch Join,Snls,1.12,SG-3728
Front Pocket Attach(Square)-2 Assembly,Snls,1.28,SG-3470
Front Pocket Attach without Trace (5 Sided- Fashion),Snls,1.088,SG-3470
Front Pocket Bag Side Close Stay Stitch-2,Snls,0.32,SG-0444
Front Pocket Bag Strip Attach Tacking-2,Snls,0.51,SG-0444
Front Pocket Deco Stitch on Waist-SN (1 Straight),Snls,0.26,SG-3994
Front Pocket Extend attach to Waist-SN (2 sides),Snls,0.58,SG-3470
Front Pocket Facing attach SN-2,Snls,0.29,SG-4583
Front Pocket Facing attach SN-2*2,Snls,0.58,SG-4583
Front Pocket Inner Patch Attach-2side-2,Snls,1.7,SG-3448
Front Pocket Inner Patch Close-2,Snls,1.35,SG-0731
Front Pocket Top Stitch (4 Sided- fashion)-2,Snls,0.705,SG-9057
Front Pocket Top Stitch-(Even Gauge) After Crotch Join,Snls,0.7,SG-3728
Front Pocket Top Stitch-(Even Gauge) Assembly,Snls,0.71,SG-3504
Front Smaller Plkt Attach At Main Plkt (4 sides)-1,Snls,0.58,SG-0735
Front Smaller Plkt Close Stay Stitch 2side water Thread,Snls,0.4285714285714286,SG-0444
Front Waist Band Elasticated Ring Attach To Body-Sandwich,Snls,1.52,SG-9028
"Front Zipper Attach At Bib-1(40Cm,After Stay Stitch)",Snls,1.28,SG-0444
Front Zipper Attach To Strip-2,Snls,1.95,SG-3538
Front Zipper Strip Make-2,Snls,0.48,SG-0740
Furr Collar close-SN,Snls,0.6071428571428572,SG-0741
Gallace Attach Stay Stitch-2,Snls,0.58,SG-0444
Gun Loop tacking-2*1,Snls,0.18,SG-0743
Hem Edge Tacking-2 (Slit Hem),Snls,0.328,SG-0744
Hip 2nd Stitch(Upto 25cm)-SN,Snls,0.43,SG-0745
"Hip 2nd Stitch(3-Sides,2-Corners)-SN",Snls,0.68,SG-0745
Hip 2nd Stitch-SN (Fashion) with Tracing V-Shape,Snls,0.68,SG-0745
Hip 2nd Stitch-SN (26~30 cm),Snls,0.54,SG-0745
Hip Stitch With Triangle(26~30cm),Snls,0.82,SG-0745
Hip Stitch With Triangle(Upto 25 Cm),Snls,0.74,SG-0745
Hip Stitch Fashion(Reverse)-SN,Snls,0.72,SG-0745
Hip Stitch 2nd-SN (31~35 cm),Snls,0.65,SG-0745
HIP STITCH-1SIDE(UPTO 25CM),Snls,0.24,SG-0745
Hip Stitch-SN (Before Crotch),Snls,0.374,SG-0745
Hip Stitch(upto 25cm)-SN,Snls,0.33,SG-0745
Hip Stitch(upto 25cm)-SN with Placment Follow,Snls,0.56,SG-0745
Hip Stitch(Upto 25cm)-SN (Fashion),Snls,0.679,SG-0745
Hip Stitch-SN (26~30 cm),Snls,0.54,SG-0745
Hip Stitch-SN (31~35 cm),Snls,0.65,SG-0745
Hip Stitch-SN (Abv 35 cm),Snls,0.76,SG-0745
"Hip Stitch(3-Sides,2-Corners)-SN",Snls,0.79,SG-0745
Hip Stitch-SN (upto hang),Snls,0.42,SG-0745
Hip Stitch-SN (below hang),Snls,0.2857142857142858,SG-0745
Hip Stitch(upto 25cm)-SN with Extra Panel Fold,Snls,1.2,SG-0745
Hood Attach,Snls,1.08,SG-0751
Hood Attach With Center Cuts,Snls,1.2,SG-0751
Hood Edge Stitch Curved Allround Water Thread,Snls,1.12,SG-0752
Hood Top Stay Stitch Water Thread,Snls,0.42,SG-0444
Hood Top Stitch After Attach,Snls,0.82,SG-0754
Inner Body attach to Waistband,Snls,1.15,SG-0755
Inner Panels Attach With Corner Cut-2 Curved,Snls,2.1,SG-0756
Inner Panels Edge Secure After Attach With Corner-2,Snls,0.52,SG-0757
Inner Placket Attach With Zipper Btm Side (Hidden)-2 After Btm Hem,Snls,1.25,SG-0758
Inner Placket Attach With Collar With Corner-2 Hidden,Snls,0.8,SG-0758
Inner Placket Attach Stay Stitch With Neck Strip-2,Snls,0.42,SG-0444
Inner Placket Attach Stay Stitch Btm Side-2,Snls,0.33,SG-0444
Inner Placket Corner Make Btm Side-2,Snls,1.25,SG-0761
Inner Placket Top Stitch With Zipper After Attach-2,Snls,1.2,SG-0762
Inner Placket Top Stitch With Zipper & Neck After Attach Allround,Snls,2.78,SG-0762
Inner Waist Band Close,Snls,1.35,SG-9058
Inner Waist Band Close Top Stitch-2,Snls,1.5,SG-9059
Inner Waistband Attach,Snls,1.95,SG-0765
Inner Waistband Attach For Cord(Manual),Snls,2.7,SG-0766
Inseam attach Short-SN Fake Fell,Snls,1,SG-0767
Inseam Bottom Piping Attach-2,Snls,0.61,SG-9060
Inseam Bottom Piping Tacking-2,Snls,0.49,SG-9061
Inseam Chain Secure-2*2,Snls,0.34,SG-0770
Inseam Close Busted-Pant,Snls,0.62,SG-9062
Inseam/Outseam Chain Secure-2*2,Snls,0.34,SG-0818
Inseam Safety Stitch(Pant)-SN,Snls,0.65,SG-9063
Inseam Stay Stitch For Close-2,Snls,0.45,SG-0444
Inside Loop Attach to Side Seam-2 SN,Snls,0.424,SG-0775
Knitted Hood Attach With Center Cuts,Snls,1.52,SG-0776
Knitted Hood Close With Fold A/W,Snls,1.75,SG-0777
Lace Attach at Back Yoke with Trim Jacket,Snls,1.15,SG-1727
Lace Attach at Front Yoke with Trim Jacket,Snls,1.2,SG-3524
Lace Attach at Waist band with Cutting & Fold After wash,Snls,2.2,SG-9068
Lace Close Stitch at Back Yoke Jacket,Snls,1.2,SG-0781
Lace Close Stitch at Front Yoke Jacket,Snls,1.2,SG-0782
Lace Panel Center Join with Trim,Snls,1.35,SG-0783
Lining Shoulder join-SN With Incentive,Snls,0.43,SG-0784
Lining Side Seam Close with sleeve With Incentive,Snls,1.05,SG-0785
Lining Sleeve Arm Hole Attach -SN With Incentive,Snls,0.95,SG-0786
Linning Patch Attach-2 At PAnel(Full Body-4sides),Snls,2.757,SG-0787
Linning Patch Attach-1 At Panel(Full Body-4Sides),Snls,1.093,SG-0787
Loop Attach-3 (Inserted),Snls,0.332,SG-0788
Loop Attach at Vent-4,Snls,0.571,SG-0789
Loop Reinforcement Patch Tacking 2Sides-2,Snls,0.34,SG-9065
Loop Reinforcement Tape Tack-2,Snls,0.25,SG-0791
Loop Stay Stitch With Fold-2*2,Snls,0.32,SG-0444
Loop Stay Stitch With Fold-2,Snls,0.17,SG-0444
Loop Tack- 6 (Inserted With Fold),Snls,0.78,SG-0793
Loop Tack- 5 (Inserted With Fold),Snls,0.65,SG-0793
Loop Tack- 2 (Inserted With Fold),Snls,0.26,SG-0793
Loop Tack- 2*2 (Inserted With Fold),Snls,0.41,SG-0793
Loop Tacking-4,Snls,0.4285714285714286,SG-0794
Loop Tacking-5,Snls,0.4464285714285715,SG-0794
Loop Tacking-6,Snls,0.5357142857142857,SG-0794
Loop Tacking-7,Snls,0.625,SG-0794
Loop tacking-1,Snls,0.12,SG-0794
Loop tacking-1 with Fold,Snls,0.15,SG-0794
Loop Tacking-3,Snls,0.2678571428571428,SG-0794
Loop Tacking-2,Snls,0.1785714285714286,SG-0794
Loop Tacking-8,Snls,0.7142857142857143,SG-0794
Loop Tacking-2 at Facing,Snls,0.2142857142857143,SG-0795
Loop Tacking-6 Directional,Snls,0.6071428571428572,SG-0796
Loop top Attach -6 SN,Snls,0.779,SG-0797
Loop top Attach -5 SN,Snls,0.66,SG-0797
Loop Top Tacking With Fold-2,Snls,0.3,SG-0798
Neck & Shoulder Edge Stitch-SN,Snls,0.38,SG-0799
Neck Band Attach With Neck (Allaround),Snls,0.91,SG-0800
NECK BAND CLOSE (Round),Snls,1.73,SG-0801
NECK BAND Edge Stitch (ALLAROUND),Snls,1.12,SG-0802
Neck Band Strip Attach With Neck,Snls,0.98,SG-0803
Neck Edge Stitch After Collar Close,Snls,0.65,SG-0804
Neck Hem with Mannual Fold,Snls,0.85,SG-0805
NECK INNER PATCH PANEL JOIN-2,Snls,0.44,SG-0806
Neck Make(outer & inner part join),Snls,0.51,SG-0807
Neck Piping Attach(corner tucking),Snls,0.72,SG-0808
Neck Piping Corner Close U-shape(2pcs),Snls,0.812,SG-0809
Neck Piping Make,Snls,0.24,SG-0810
Neck Top Stay Stitch water Thread,Snls,0.45,SG-0444
Neck Top Stitch Allaround-SN,Snls,0.42,SG-0812
Out seam CLOSE WITH PIPING(Above knee short),Snls,0.83,SG-0813
Outseam with 2 Joins- (Busted-Pant),Snls,0.979,SG-0814
Outseam Bottom Piping Attach-2,Snls,0.37,SG-9060
Outseam Bottom Piping Tacking-2,Snls,0.25,SG-9061
Outseam Busted Close (top side),Snls,0.368,SG-0817
Outseam Busted Close (lower side),Snls,0.52,SG-0817
Outseam Busted Close(2 Extra Joints Match),Snls,0.76,SG-0817
Outseam Chain Secure-2*2,Snls,0.34,SG-0818
Outseam Chain Secure-1*2,Snls,0.21,SG-0818
OUTSEAM CLOSE WITH 4-EXTRA JOINTS- (Busted-PANT),Snls,0.971,SG-0819
Outseam close With SN (abv knee),Snls,0.49,SG-0819
Outseam close With Right Fly Attach SN (abv knee),Snls,0.63,SG-0819
Outseam Close With Side Fly Inserting- (1-Side Close),Snls,0.47,SG-0819
Outseam close Busted(belw knee short),Snls,0.58,SG-9062
Outseam Close Busted-Pant(top & btm zipr),Snls,0.78,SG-9062
Outseam Long Patch Attach (Cut & Sewn 3Sides)-2,Snls,2.68,SG-0822
Outseam Long Patch Top Stitch 3Sides-2,Snls,1.58,SG-0823
Outseam Panel Join Tracing Complete Zigzag-2,Snls,0.58,SG-0824
Outseam Patch Attach for wash-2,Snls,4.5,SG-9066
Outseam Patch Attach 3side for wash-2,Snls,3.25,SG-9066
Outseam Patch Close Bottom Side for wash-2,Snls,1.15,SG-0564
Outseam Safety Stitch(Pant)-SN,Snls,0.58,SG-9063
Outseam Stay Stitch With Side Fly Inserting-2,Snls,0.56,SG-0444
Outseam Stay Stitch For Close-2,Snls,0.26,SG-0444
Outseam Stay Stitch For Close-2 with Welt Pocket Manage,Snls,0.52,SG-0444
Outseam Stay Stitch For Close-2 with Dart Joint Match,Snls,0.52,SG-0444
Outseam Stay Stitch For Close-1,Snls,0.18,SG-0444
Outseam Stay Stitch For Close-2 Btm Side,Snls,0.26,SG-0444
Outseam Stay Stitch For Close-2 For Cross Pkt Handling,Snls,0.5,SG-0444
Outseam Stay Stitch For Direction-2*2,Snls,0.46,SG-0444
Outseam Stay Stitch For Direction-1,Snls,0.14,SG-0444
OUTSEAM STAY STITCH FOR DIRECTION -2,Snls,0.24,SG-0444
Outseam Top-SN(Below Knee),Snls,0.64,SG-0834
Outseam Top-SN Pant,Snls,0.847,SG-0835
Outseam Twill Tape Close at Bottom(Pant),Snls,1.2,SG-0836
Outseam Twill Tape Stay Stitch at Hang(Pant),Snls,0.7,SG-0444
Outseam Zipper Attach-2x2 Skirt (Pocket Joints),Snls,1.21,SG-0838
Outseam Zipper Top Stitch-2x2 Skirt (Pocket Joints),Snls,1.11,SG-0839
Padded Jacket Edge Binding Attach Allround,Snls,4.95,SG-0840
Padded Jacket Edge Stay Stitch For Binding Allround,Snls,2.25,SG-0444
Padded Sleeve Edge Stay Stitch For Binding Round-2,Snls,1.4,SG-0444
Patch at Front Panel 5side-2 For wash-SN,Snls,5.25,SG-0843
PATCH ATTACH-1(6SIDES),Snls,0.46,SG-0844
Patch Attach-1 (3sides),Snls,0.51,SG-0844
Patch Attach at Panel-1 (with Box) Assembly,Snls,0.8,SG-9067
Patch Attach 1Side Hidden,Snls,0.18,SG-0846
Patch center stitch straight-1 & Box make-1 with (insert Buckle) Assembly,Snls,1.8,SG-0847
Patch center stitch straight-1 Assembly,Snls,0.45,SG-0848
Patch Stay Stitch For Close-2,Snls,0.42,SG-0444
PATCH TACKING TO WAIST-2,Snls,0.29,SG-0850
Patch Top 3sides-1,Snls,0.27,SG-0851
Piping attach to Front Panel allround-1,Snls,1.68,SG-0852
Placket Attach With Shoulder-2,Snls,0.3,SG-0853
Placket Bottom Corner Top L-Shape-2,Snls,0.55,SG-0854
Placket Inner Busted Tacking Btm Side-2,Snls,0.62,SG-0855
Placket Service Stitch for Wash(complete),Snls,0.3571428571428572,SG-0856
Placket Service Stitch for Wash-3,Snls,0.3571428571428572,SG-0856
Placket Service Stitch for Wash-4,Snls,0.41,SG-0856
Placket Service Stitch for Wash With Patch-4,Snls,1.05,SG-0856
Placket Service Stitch for Wash With Patch-2,Snls,0.78,SG-0856
Placket Top Stitch With Zipper After Attach-2,Snls,1.2,SG-0857
Placket Top Stitch With Zipper After Attach-2 Manual Fold,Snls,1.45,SG-0857
Pocket Bag Inside Tacking-2,Snls,0.304,SG-0444
Pocket Bag Service Stitch for Washing,Snls,0.224,SG-0444
Reinforcement Patch Tacking-2,Snls,0.29,SG-0860
Reinforcement Patch Tacking-2 with Inner Body Handling,Snls,0.65,SG-0860
Reinforcement Patch Tacking Back-8,Snls,1.15,SG-9065
Reinforcement Patch Tacking Side-8,Snls,1.15,SG-9065
Rib/Waist Band Attach(front),Snls,0.61,SG-9068
Rib/Waist Band Top Stitch(front),Snls,0.51,SG-9059
Right Fly Edge Top Stitch 3side after attach,Snls,0.5,SG-3665
Sandwich Yoke Attach To Front & Neck Allround (Hidden),Snls,1.11,SG-3524
Shell Edge Hem Pant Manual Water Thread,Snls,0.826,SG-0867
Shell Edge Hem Pant Manual Water Thread Elasticated,Snls,1.22,SG-0868
Shoulder join hidden(sandwich)-2,Snls,0.726,SG-0869
Shoulder Join Sandwich With Back Neck Patch-2,Snls,1.05,SG-0870
Shoulder join-SN,Snls,0.43,SG-0871
Shoulder Join Turn & Top-SN,Snls,0.45,SG-0872
SIDE CARGO POCKET ATTACH-2,Snls,1.32,SG-0873
SIDE CARGO POCKET ATTACH-2 with Patch Insert-4,Snls,1.52,SG-0873
SIDE CARGO POCKET ATTACH-2 with Label Insert-1,Snls,1.55,SG-0873
SIDE CARGO POCKET ATTACH-2 with Extra Seam Allowance,Snls,1.55,SG-0873
SIDE CARGO POCKET ATTACH-4,Snls,2.65,SG-0873
SIDE CARGO POCKET ATTACH-4 with Patch Insert,Snls,2.85,SG-0873
SIDE CARGO POCKET ATTACH-1,Snls,0.66,SG-0873
SIDE CARGO POCKET ATTACH-4 After Cover Flap Attach,Snls,1.55,SG-1132
SIDE CARGO POCKET ATTACH-2 Large Size,Snls,1.75,SG-0875
SIDE CARGO POCKET ATTACH-4 Large Size,Snls,3.5,SG-0875
SIDE CARGO POCKET ATTACH-2 2nd,Snls,1.32,SG-0873
SIDE CARGO POCKET ATTACH-2 4 Ply Thread,Snls,1.75,SG-0873
SIDE CARGO POCKET ATTACH-1 Workwear,Snls,0.75,SG-0873
SIDE CARGO POCKET CORNER STAY STITCH-2*2,Snls,0.39,SG-0444
SIDE CARGO POCKET CORNER STAY STITCH-2*4,Snls,0.78,SG-0444
SIDE CARGO POCKET CORNER STAY STITCH-2,Snls,0.195,SG-0444
SIDE CARGO POCKET CORNER STAY STITCH-2*4,Snls,0.78,SG-0444
SIDE CARGO POCKET CORNER STAY STITCH-2*1,Snls,0.2,SG-0444
SIDE CARGO POCKET CORNER STAY STITCH-2*2 2nd,Snls,0.39,SG-0444
SIDE CARGO POCKET DECO STITCH ALAROUND (4 SIDED),Snls,0.77,SG-0881
SIDE CARGO Pocket DECO STITCH-1 ALAROUND (4 SIDED),Snls,0.455,SG-0881
Side Fly Zipper Attach SN,Snls,0.2,SG-3665
SIDE GARGO POCKET DECO STITCH ALROUND -2(1Stitch)(6 Sided),Snls,0.901,SG-9069
SIDE GARGO POCKET DECO STITCH ALROUND -2nd stitch,Snls,0.77,SG-9069
SIDE GARGO POCKET DECO STITCH ALROUND -2(2Stitch)(6 Sided(,Snls,0.901,SG-9069
Side Inner Patch Attach Stay Stitch-2,Snls,0.72,SG-0444
Side Patch Attach-2 (Rectangle),Snls,1.33,SG-9071
Side Patch Top-2 (Rectangle),Snls,0.59,SG-0888
Side Patch Top-1 (Rectangle),Snls,0.29,SG-0888
Side Pocket Attach-(Mitered)-1,Snls,0.62,SG-0889
SIDE POCKET ATTACH(MITERED)-2,Snls,1.17,SG-0889
SIDE POCKET ATTACH-1,Snls,0.66,SG-0889
Side Pocket Attach-1 (5Sides- 4 corner),Snls,0.66,SG-0889
Side Pocket Attach-2 (5Sides- 4 corner),Snls,1.32,SG-0889
Side Pocket Attach-6(Mitered),Snls,2.25,SG-0889
Side Pocket Attach-2 (Square),Snls,1.32,SG-0889
Side Pocket Attach 1 Side-1,Snls,0.24,SG-9072
Side Pocket Attach 1 Side Hidden,Snls,0.24,SG-0889
Side Pocket Attach 3Sided-1 (After Hidden 1Side),Snls,0.37,SG-9072
Side Pocket Close For Wash-2,Snls,0.32,SG-0893
Side Pocket Inner Patch Top Stitch 4Sides-2,Snls,0.72,SG-0897
Side Pocket Top-1 (5Sides- 4 corner),Snls,0.5,SG-0895
Side Pocket Top-2 (5Sides- 4 corner),Snls,1,SG-0895
Side Pocket Top 1Side-1 With Corner,Snls,0.19,SG-0895
Side Pocket Top Stitch-1,Snls,0.45,SG-0897
Side Pocket Top Stitch-(Even Gauge)-2,Snls,0.72,SG-0897
Side Pocket Top Stitch-(Round)-2,Snls,0.72,SG-0897
Side Pocket Top Stitch-6(Even Gauge),Snls,1.52,SG-0897
Side Pocket Top Stitch 3Side-1,Snls,0.32,SG-0897
Side Seam Close with sleeve,Snls,1.05,SG-0899
Side Seam Close Stay Stitch-2,Snls,0.4,SG-0444
Side Seam Stay Stitch For Close-2,Snls,0.45,SG-0444
Side Strip Attach 4Side With Trim-1,Snls,0.48,SG-0902
Side Waist Zipper Tack,Snls,0.342,SG-0903
Side Zipper Attach At Pannel 2Sided(1shot)-1,Snls,0.46,SG-9073
Side Zipper Attach 1Side-1(with hip stitch),Snls,0.41,SG-0905
"Side Zipper Attach U-Shape, 2Crnr Cuts",Snls,0.62,SG-0906
Side Zipper Edge Top Stitch U-Shape with Manual Fold,Snls,1.32,SG-0907
Side Zipper Fold Stay Stitch-1,Snls,0.15,SG-0444
Side Zipper Inner Fly Attach-1(with seam allowance),Snls,0.85,SG-0909
Side Zipper Inner Fly Attach-2(with seam allowance),Snls,0.68,SG-0909
Side Zipper Service Stitch-1,Snls,0.18,SG-9074
Side Zipper Vent Inner Stitch,Snls,0.213,SG-0911
Sleeve Arm Hole Attach -SN,Snls,0.76,SG-0912
Sleeve Arm Hole Edge Stitch (Fake Fell) -SN,Snls,1.29,SG-0913
Sleeve Arm Hole Top Closed-SN,Snls,2.25,SG-0914
Sleeve Arm Hole Top Open Half-SN,Snls,1.25,SG-9075
Sleeve Arm Hole Top Open-SN,Snls,1.2,SG-9075
Sleeve Armhole Attach Stay Stitch-2,Snls,0.25,SG-0444
Sleeve Armhole Attach Stay Stitch-3*2,Snls,0.54,SG-0444
SLEEVE ARMHOLE PIPING ATTACH(MANUAL),Snls,1.32,SG-0918
SLEEVE ARMHOLE PIPING MAKE,Snls,0.34,SG-0919
Sleeve Attach With Armhole(Closed),Snls,1.32,SG-0920
Sleeve Attach With Armhole(Closed),Snls,1.17,SG-0920
Sleeve Chain secure Tacking-2,Snls,0.1785714285714286,SG-0921
Sleeve Edge Binding Attach Round Manual-2,Snls,2.4,SG-0921
Sleeve Edge Binding Busted Stay Stitch-2,Snls,0.7,SG-0444
Sleeve Edge Binding Close With Fold Manual-2,Snls,3.16,SG-0921
Sleeve Edge Binding Edge Stitch Hidden Water Thread-2,Snls,1.428571428571429,SG-0921
Sleeve Edge Stay Stitch Water Thread Elasticated-2,Snls,0.6,SG-0444
Sleeve Elastic Ring Attach-2 SN,Snls,0.97,SG-0927
Sleeve Elastic Ring Make-2,Snls,0.32,SG-0928
Sleeve Elastic Ring Stay Stitch-2*2 with Fold,Snls,1.15,SG-0444
Sleeve Elastic Ring Stay Stitch-4*2 with Fold,Snls,1.25,SG-0444
Sleeve Elastic Ring Stay Stitch-2*2 with Fold,Snls,0.64,SG-0444
Sleeve Elastic Ring Stay Stitch-2*2,Snls,0.5714285714285715,SG-0444
Sleeve Hem Edge Top-2 water thread,Snls,0.5,SG-0930
Sleeve Hem Pre S/F-2 4-6cm,Snls,0.98,SG-0930
Sleeve Hem S/F-2,Snls,0.5,SG-0930
Sleeve Hem S/F-2 Elasticated,Snls,1.2,SG-0930
Sleeve Hem S/F Stay Stitch Water Thread Elasticated-2,Snls,0.6,SG-0444
Sleeve Hem (Manual) SN,Snls,0.67,SG-9076
Sleeve Hem (Manual) SN 1Inch,Snls,0.78,SG-0930
Sleeve Hem Stay Stitch-2,Snls,0.23,SG-0444
Sleeve Hem Stay Stitch-2*2,Snls,0.41,SG-0444
Sleeve Hem Top Stitch Closed Elasticated,Snls,1.1,SG-9077
Sleeve Hem Top Stitch Closed Elasticated 2nd,Snls,1.1,SG-9077
Sleeve Lining Close With Fold-1 A/W,Snls,0.35,SG-0940
Sleeve Lining Close With Fold-1,Snls,0.35,SG-0940
Sleeve Panel Join Vent side Chain Secure-2*2,Snls,0.34,SG-0941
Sleeve Ring Edge Stay Stitch For Elastic Water Thread,Snls,0.95,SG-0444
Sleeve Ring Make & Busted Stay Stitch-2,Snls,0.58,SG-0444
Sleeve Top Edge Stitch-2,Snls,0.6,SG-0944
Slider Loop Make-1 With Trim,Snls,0.1785714285714286,SG-4292
Star Patch attach at Back Pocket for wash-2,Snls,3.2,SG-2043
Stay Stitch-1,Snls,0.12,SG-0444
Strip Attach at Armhole with Trim-2,Snls,2.25,SG-9078
Strip Attach at Armhole half with Trim-2,Snls,2.25,SG-9078
Strip Attach at Back with Trim-2,Snls,0.75,SG-9079
Strip Attach at Front with Trim-2,Snls,0.75,SG-0951
Strip Attach at Neck with Trim-2,Snls,1.5,SG-9079
Strip Attach Tacking To Pocket Bag & Placket Inner-2,Snls,0.6,SG-0951
Strip Attach To Arm Hole SN-2,Snls,0.71,SG-0951
Strip Close at Armhole-2,Snls,2.6,SG-9080
Strip Close at Armhole half-2,Snls,2.45,SG-9080
Strip Close at Back-2,Snls,0.88,SG-0951
Strip Close at Front-2,Snls,0.88,SG-0951
Strip Close at Neck-2,Snls,1.75,SG-0951
Strip Edge Top at Armhole-2 water thread,Snls,1.85,SG-0951
Strip Edge Top at Back-2,Snls,0.7,SG-0951
Strip Edge Top at Front-2,Snls,0.7,SG-0951
Strip Edge Top Stitch at Neck-2 water thread,Snls,1.2,SG-0951
Strip Join Tacking with Trim at Armhole-2,Snls,0.92,SG-0964
Tab Attach-2,Snls,0.3,SG-0965
Tab Stay Stitch-2*2,Snls,0.3,SG-0444
Tape Attach At Embrodiery-2,Snls,0.3,SG-0967
THIGH Pocket ATT.-2(CUT&SEW-4 SIDES WITH CUT MARK),Snls,1.52,SG-0968
THIGH Pocket TOP STITCH- 2 (4 SIDES OF CUT & SEW Pocket),Snls,1.17,SG-0969
Twill tape Attach with Trim at Busted Allowance-2*2,Snls,0.96,SG-9081
Twill tape Attach at Busted Allowance-2*2,Snls,0.763,SG-9081
Vent Zipper attach-Both sides (Edge Stitch)-2,Snls,1.3,SG-0972
Vent Zipper attach to Fly Box-2,Snls,0.253,SG-0973
Vent Zipper Lip Stay Stitch Allround water Thread,Snls,1.48,SG-0444
W/b Rib Edge Stay Stitch With Fold Water Thread,Snls,0.83,SG-0444
WAIST BAND ATT. (MANUAL) WD FULNESS>10 CM,Snls,1.35,SG-0976
Waist Band attach (Manual),Snls,0.9,SG-0977
Waist Band attach (Manual),Snls,0.9,SG-0977
Waist Band Attach (Manual),Snls,0.9,SG-0977
Waist Band Attach (Manual),Snls,0.9,SG-0977
Waist Band Attach (Manual),Snls,0.9,SG-0977
Waist Band attach (Manual) Contour,Snls,0.85,SG-0978
Waist Band attach (Manual) Contour,Snls,2.1,SG-0978
Waist Band attach (Manual) Jkt With Excess Cut,Snls,2.1,SG-9082
Waist Band Attach (Manual) Joints,Snls,1.21,SG-9082
Waist Band Attach Service Stitch-3,Snls,0.35,SG-0988
Waist Band Attach (Manual) SN Inside Elastic,Snls,1.3,SG-0665
Waist Band Attach Stay Stitch-1,Snls,0.18,SG-0444
Waist Band Attach Stay Stitch-1,Snls,0.1785714285714286,SG-0444
Waist Band Attach Stay Stitch-2,Snls,0.3571428571428572,SG-0444
Waist Band Attach Stay Stitch-5,Snls,0.61,SG-0444
Waist Band Binding Attach With Trim(folder),Snls,0.64,SG-9068
Waist Band Close(Manual),Snls,1.12,SG-0985
Waist Band Close(Manual),Snls,1.12,SG-0985
Waist Band Close(Manual) with Inside Elastic,Snls,1.75,SG-0985
"Waist Band Close(Manual, Curve Uneven WB)",Snls,1.21,SG-0985
Waist Band Close After Gallace Tack(Straight)-2,Snls,0.27,SG-0986
Waist Band Close(Manual) Long Edge Handling,Snls,2.56,SG-0986
Waist Band Close Service Stitch-3,Snls,0.34,SG-0988
WAIST BAND CLOSE SERVICE STITCH-4,Snls,0.44,SG-0988
Waist Band Close Service Stitch-3,Snls,0.4,SG-0988
Waist Band Close Stay Stitch-2,Snls,0.25,SG-0444
Waist Band Close Stay Stitch-6,Snls,0.62,SG-0444
WAIST BAND CLOSE Stay Stitch Pant Water Thread,Snls,1.05,SG-0444
Waist Band Close Stay Stitch (Front & Back) Water Thread,Snls,1.35,SG-0444
Waist Band Close(Manual) Water Thread,Snls,1.12,SG-0992
Waist Band Close(Manual) Water Thread With Elastic,Snls,2.56,SG-0992
Waist Band Corner Chain Secure,Snls,0.19,SG-0986
"Waist Band Corner Close(2pcs,1side)",Snls,0.35,SG-0994
Waist Band Corner Close With Fold-2,Snls,0.42,SG-0994
Waist Band Corner Close Deco Stitch U-shape Jkt,Snls,0.44,SG-0986
Waist Band Corner Close Edge Fold 1Side-1,Snls,0.48,SG-0986
Waist Band Corner Close L-shape(2pcs),Snls,0.55,SG-0997
Waist Band Corner Close L-shape(1pcs),Snls,0.55,SG-0997
Waist Band Corner Close L-shape(2pcs) 1 side Lapped,Snls,0.65,SG-0986
Waist Band Corner Close L-shape(2pcs) 1 side Lapped & Joint underloop,Snls,0.7,SG-0986
WAIST BAND CORNER CLOSE 2ND STITCH-1SIDE(MITERED SHAP),Snls,0.26,SG-9084
Waist Band Corner Close-1Side(mitered shape),Snls,0.48,SG-1001
Waist Band Corner Close-1Side(straight),Snls,0.174,SG-1001
Waist Band Corner Close Stay Stitch Bottom Edge (For Zipper),Snls,0.32,SG-0444
Waist Band Corner Close Stay Stitch Top Edge (For Zipper),Snls,0.65,SG-0444
Waist Band Corner Close Stay Stitch-1 Vertical,Snls,0.17,SG-0444
Waist Band Corner Close straight,Snls,0.2,SG-1005
Waist Band Corner Close straight with Edge Manage,Snls,0.35,SG-1005
"Waist Band Corner Close Straight (Zipper,Fly)",Snls,1.12,SG-1005
Waist Band Corner Close straight-2*2,Snls,0.45,SG-1005
Waist Band Corner Close straight-4*2 with Placket Zip,Snls,1.45,SG-1005
Waist Band Corner Close straight Joint underloop,Snls,0.28,SG-0986
"Waist Band Corner close U-shape(2pcs,1side)",Snls,0.3214285714285715,SG-1007
Waist Band Corner Close U-shape(1pcs),Snls,0.5,SG-1007
Waist Band Corner Close U-shape(2pcs),Snls,0.6,SG-1007
Waist Band Corner Close U-shape(2pcs) With Bib Handling 1Side,Snls,0.75,SG-1007
"Waist Band Corner Close U-shape(elastic,zipr,fly)",Snls,0.97,SG-1007
Waist Band Corner Close-U Shape(leatherBelt),Snls,1.25,SG-1007
"Waist Band Corner Close U-shape(elastic,zipr,fly)",Snls,1.18,SG-1007
Waist Band Corner Close U-shape(2pcs),Snls,0.6,SG-1007
"WAIST BAND CORNER CLOSE U-SHAPE(2PCS,LAPPED)",Snls,0.75,SG-1007
"WAIST BAND CORNER CLOSE U-SHAPE(2PCS,1 SIDE LAPPED)",Snls,0.68,SG-1007
"WAIST BAND CORNER CLOSE U-SHAPE(2PCS,1 SIDE LAPPED) with Tape Handling",Snls,0.78,SG-1007
Waist Band Corner Close U-shape(2pcs With Piping),Snls,0.72,SG-1007
Waist Band Corner Close U-shape(2pcs) 5-7cm Folder,Snls,0.8,SG-1008
"WAIST BAND CORNER CLOSE U-SHAPE(2PCS,LAPPED) 5-7cm Folder",Snls,0.9,SG-1008
Waist Band Corner Close U-shape(2pcs) 5cm Height,Snls,0.85,SG-1009
"WAIST BAND CORNER CLOSE U-SHAPE(2PCS,1 SIDE LAPPED) 5cm Height",Snls,0.88,SG-1009
Waist Band Corner Close U-shape(Body Fold) Fly Handling,Snls,0.95,SG-0986
Waist Band Corner Close U-shape(1pcs) Jkt,Snls,0.55,SG-1011
Waist Band Corner Close U-shape(1pcs) Jkt With Zip Handling & Lining,Snls,0.85,SG-1011
Waist Band Corner Close U-shape(2pcs) Jkt With Zipper Handling,Snls,0.86,SG-1011
Waist Band Corner Close U-shape(1pcs) Jkt Heavy Fabric,Snls,0.82,SG-0986
Waist Band Corner Close U-shape(1pcs) Jkt Height Above 5cm,Snls,0.82,SG-0986
Waist Band Corner Close U-shape(1pcs) Joint underloop 1side,Snls,0.55,SG-1014
Waist Band Corner Close U-shape(2pcs) Joint underloop 1side,Snls,0.7,SG-1014
"WAIST BAND CORNER CLOSE U-SHAPE(2PCS,1 SIDE LAPPED) Joint underloop 1side",Snls,0.78,SG-1014
Waist Band Corner Close U-shape(2pcs With Piping) 4 Ply Thread,Snls,0.93,SG-0986
Waist Band Corner Close U-Shape Pre Tucking,Snls,0.45,SG-0986
Waist Band Corner Close Wd Fold (Elastic Straight),Snls,0.59,SG-0986
WAIST BAND CORNER DECO STITCH-1,Snls,0.16,SG-1018
Waist Band Corner Deco Stitch(straight)-2,Snls,0.27,SG-1018
Waist Band Corner Deco Stitch(V-shape)-1,Snls,0.24,SG-1018
WAIST BAND CORNER DECO STITCH-1(STRAIGHT),Snls,0.15,SG-1018
Waist Band Corner Deco Stitch(straight)-1,Snls,0.15,SG-1018
Waist Band Corner Deco Stitch(U-shape)-2,Snls,0.45,SG-1018
Waist Band Corner Deco Stitch-SN(V-shape),Snls,0.28,SG-9085
Waist Band Corner Make (Inner st)-1 Side,Snls,0.313,SG-9086
Waist Band Corner 2nd St.-1 Side,Snls,0.1607142857142857,SG-9084
Waist Band Corner 2nd stitch -2 (Straight),Snls,0.298,SG-1022
Waist Band Corner 2nd Stitch-2*2,Snls,0.44,SG-1022
Waist Band Corner 2nd Stitch (U Shape),Snls,0.315,SG-1022
Waist Band Corner 2nd Stitch 1Side(2sitches),Snls,0.22,SG-9084
Waist Band Corner Stay Stitch L-shape with Zipper,Snls,0.536,SG-0444
WAIST BAND DECO STITCH(STRAIGHT)-2,Snls,0.27,SG-9087
Waist Band Deco Stitch Center-2,Snls,0.26,SG-9085
Waist Band Edge Hem Single Fold water thread,Snls,0.3,SG-1027
Waist Band Edge Hidden Stitch Pant Water Thread,Snls,1.25,SG-9083
Waist Band Edge Stay Stitch-2 Water Thread,Snls,0.28,SG-0444
Waist Band Edge Stitch Pant Water Thread,Snls,1.25,SG-9083
Waist Band Edge Stitch Pre Hem,Snls,0.42,SG-1031
Waist Band Edge Top Stitch After Attach,Snls,0.95,SG-9088
Waist Band Edge Top Stitch After Attach A/W,Snls,2.98,SG-9088
Waist Band Edge Top Stitch After Attach B/W,Snls,2.4,SG-9088
Waist Band Elastic Edge Stitch Allround,Snls,2.5,SG-1035
Waist Band Fold & Elastic Tacking-4,Snls,0.64,SG-9089
Waist Band Make Body D-Fold(with elastic),Snls,1.06,SG-1037
Waist Band 2nd Top Stitch With Sides-SN,Snls,0.47,SG-9059
Waist Band 2nd Top Stitch SN,Snls,0.36,SG-9059
Waist Band Panel Edge Stitch with Fold,Snls,0.45,SG-1040
Waist Band Panels Join Top Stitch with Thread Trim,Snls,0.6428571428571429,SG-1041
Waist Band Panels Join Top Stitch with Thread Trim 2nd small Part,Snls,0.41,SG-1041
Waist Band Panels Join Top Stitch SNLS,Snls,0.5357142857142857,SG-9090
Waist Band Patch Attach 1Side,Snls,0.21,SG-9091
Waist Band Patch Attach 2 Sides-1,Snls,0.32,SG-9091
Waist Band Ring Attach to Body Elasticated,Snls,1.54,SG-9068
Waist Band Ring Edge Stay Stitch For Elastic Water Thread,Snls,0.51,SG-0444
Waist Band Ring Top Stitch Allaround,Snls,0.95,SG-9059
Waist Band S/F Stay Stitch Water Thread Elasticated,Snls,1.8,SG-0444
Waist Band Service st for Button Hole,Snls,0.129,SG-1049
Waist Band Service Stitch for wash,Snls,0.221,SG-1050
Waist Band Service Stitch for wash,Snls,0.22,SG-1050
Waist Band Service Stitch for wash-2,Snls,0.34,SG-1050
Waist Band Service Stitch for wash-3,Snls,0.46,SG-1050
Waist Band Service Stitch for wash-4,Snls,0.56,SG-1050
Waist Band Shell Piping/Tape Att with Trim,Snls,0.52,SG-1051
Waist Band Side Tacking-2 With Fold,Snls,0.3,SG-9092
Waist Band Tacking At Sides(elastitc inside)-2,Snls,0.32,SG-9092
Waist Band Tacking For Close-7,Snls,0.8,SG-9058
Waist Band Top with Corner Close L-shape(V at Back),Snls,0.86,SG-1055
WAIST BAND TOP(V-SHAPE AT BACK),Snls,0.61,SG-1055
WAIST BAND TOP WITH SIDES (V-SHAPE AT BACK),Snls,0.8,SG-1055
Waist Band Top (With Corner Close 1Side mitered shape),Snls,1.05,SG-1055
Waist Band Top Back Side(inside elastic),Snls,0.33,SG-1055
Waist Band Top Stitch with Corner-SN,Snls,0.64,SG-1057
Waist Band Top Stitch(With Deco Stitch),Snls,0.63,SG-1057
Waist Band Top Stitch With Sides-SN,Snls,1.1,SG-1057
Waist Band Top Stitch 2nd(inside elastic),Snls,0.61,SG-9059
Waist Band Top Stitch Pre Stay Stitch-SN,Snls,1.785714285714286,SG-0444
Waist Band Top Stitch SN,Snls,0.359,SG-1060
Waist Band Top Stitch (Front & Back)-SN,Snls,0.501,SG-1060
Waist Band Top Stitch 1st(inside elastic),Snls,0.61,SG-9059
Waist Band Top Stitch Straight Btm Side Jkt Edge Manage,Snls,1.9,SG-9059
Waist Patch attach (4 Side Rectangle),Snls,0.411,SG-1063
Waist Service Stitch -2,Snls,0.304,SG-9093
Waist Zip att.-2 (All round with cut mark &W/B Fold),Snls,2.797,SG-1065
WaistBand Chain Secure-2*2,Snls,0.34,SG-1066
Waistband Cover with Belt For wash-SN,Snls,3.8,SG-1067
Waistband Vent Zipper top all around Include Crotch,Snls,1.5,SG-3728
Wasit Side Zip Open Tacking-2,Snls,0.303,SG-1069
Welt Pocket Stitch (Bottom) Hidden-1 For Manual Bone,Snls,0.38,SG-1070
Welt Pocket Stitch (Top) Hidden-1 For Manual Bone,Snls,0.38,SG-1070
Zipper Attach at Bottom all around(top stitch)-2,Snls,1.43,SG-1071
Zipper Attach at Bottom all around (With Out Set)-2,Snls,1.65,SG-1071
Zipper Attach at Front Panels With Tacking Reverse,Snls,3.1,SG-1075
Zipper Attach At Pannel 2Side-1,Snls,1.32,SG-9073
Zipper Attach At Pannel 2Side-1 Long,Snls,1.62,SG-9073
Zipper Attach To Front Panels-2,Snls,1.565,SG-1075
Zipper Attach To Front Panels-2 with Lip,Snls,1.75,SG-1075
Zipper Attach To Side-1*1 Short Top,Snls,0.8,SG-1076
Zipper Service Stitch(Top & Bottom)-3*2,Snls,0.74,SG-9074
Zipper Top Edge Stitch-1*1 Short Top,Snls,0.78,SG-1078
Bottom Hem Button Hole -2*2,St/Button Hole,0.48,SG-0124
Cuff Button Hole-2,St/Button Hole,0.28,SG-0124
Cuff Button Hole-2*2,St/Button Hole,0.54,SG-0124
Waist Band Button Hole-1,St/Button Hole,0.16,SG-0124
Back & Front Bottom Strip Press(Half Moon Shape-2*2),Steam Press,0.36,SG-0441
Back Neck Round Press,Steam Press,0.22,SG-0441
Bottom Hem Press Skirt,Steam Press,0.48,SG-0441
Neck Busted Joint Press(allaround),Steam Press,0.29,SG-0440
Outseam Press (Busted)-pant,Steam Press,0.377,SG-0440
Outseam Press (Busted)-Pant Twisted leg,Steam Press,0.45,SG-0440
Outseam Press (Busted) - Short,Steam Press,0.28,SG-0440
Patch Press For Front Panel 5side-2 For wash,Steam Press,1.34,SG-0441
Hook Attach-2 with Manage at Stitching,Stud Rivet,0.52,SG-0030
Bottom Hem Top Chain Stitch(After Making),Tncs,0.62,SG-0053
Cuff Top Stitch-2,Tncs,0.38,SG-1092
OUTSEAM Busted CLOSE(2EXTRA JOINTS MATCH),Tncs,0.76,SG-9094
Outseam Close Busted-Pant (SNCS),Tncs,0.6071428571428572,SG-9094
Waist Band top Stitch (Chain st.)-Back Only,Tncs,0.23,SG-1095
Waist Band top Stitch (Chain st.) 14SPI Half,Tncs,0.25,SG-1095
Arm Hole Top Stitch With Strip-2 TN,Tnls,0.85,SG-1097
Armhole binding close top stitch,Tnls,1.08,SG-1098
Back Busted Panels Join Top TN-1 JKT,Tnls,0.58,SG-3750
Back Yoke Top With Hip Stitch-TN,Tnls,0.76,SG-3750
Binding Attach To Armhole With Folder-Closed TN,Tnls,0.92,SG-1101
Bottom Hem with Vent (Manual)-TN,Tnls,0.92,SG-0053
Bottom Hem 3cm(flapper)-TN,Tnls,1.12,SG-0053
Bottom Hem Deco Stitch 2nd Straight (open leg),Tnls,0.44,SG-0053
Bottom Hem Deco Stitch 1st Straight (open leg),Tnls,0.44,SG-0053
Bottom Hem Edge Stitch-TN,Tnls,0.44,SG-0053
Bottom Hem flaper(greater than 50cm)-TN,Tnls,0.92,SG-0053
Bottom hem jacket/shirt-TN,Tnls,1.356,SG-0053
BOTTOM HEM MANUAL(OVER 3CM)-TN,Tnls,2.15,SG-0053
Bottom Hem Manual (3 cm)- TN,Tnls,0.96,SG-0053
Bottom Hem narrow(less than 30cm)- TN,Tnls,0.923,SG-0053
Bottom Hem Skirt (Circumference >110 cm)-DN,Tnls,1.85,SG-0053
Bottom Hem Skirt Normal-TN,Tnls,1.02,SG-0053
Bottom Hem Stay Stitch-TN,Tnls,0.56,SG-0053
Bottom Hem (Manual)-TN,Tnls,0.9,SG-0053
Bottom Hem (Manual)-TN(greater than 50cm),Tnls,0.98,SG-0053
Bottom Hem(short below knee)-TN 2-2.5cm,Tnls,0.95,SG-0053
Bottom Hem (Manual) TN 3cm With Tabs Handling,Tnls,1.34,SG-0053
Bottom Hem (Manual)-TN 2cm-2.5cm,Tnls,0.98,SG-0053
Bottom Hem (Manual)-TN Elasticated,Tnls,0.845,SG-0053
Bottom Hem Top Stitch TN Elasticated Jkt,Tnls,1.3,SG-0053
Bottom Patch Close(before Inseam),Tnls,0.68,SG-1119
Bottom Ring Close(Manual)-TN,Tnls,1.44,SG-1120
Cargo Pocket Flap Attach TN(1shot)- 2,Tnls,0.52,SG-1132
Cargo Pocket Flap Attach TN(1shot)- 1,Tnls,0.26,SG-1132
Classic Rise Top(Back & Front),Tnls,0.66,SG-1122
Collar Close With Top Allaround,Tnls,1.21,SG-1123
Collar Close-TN,Tnls,0.5714285714285715,SG-1123
Collar Top Stitch(after attach)-TN,Tnls,0.562,SG-1123
Cuff Close With Inside Piping,Tnls,1.11,SG-1126
Cuff Close Curved Manual TN-2,Tnls,1.21,SG-1126
Cuff Close TN-2,Tnls,0.92,SG-1126
CUFF CORNER CLOSE WITH TOP-2,Tnls,0.79,SG-1129
Cuff Top Curve(after close)-2 TN,Tnls,0.71,SG-1130
Cuff Top Stitch-2,Tnls,0.423,SG-1131
Flap Attach TN(Assembly-1Shot)-2,Tnls,0.52,SG-1132
Flap Attach TN(Assembly-1Shot)-1,Tnls,0.26,SG-1132
Flap Attach TN(Assembly-1Shot)-4,Tnls,0.98,SG-1132
Flap Attach TN(Assembly-1Shot)-2 2nd,Tnls,0.52,SG-1132
"Flap Top Stitch TN-1(After attach,Assembly)",Tnls,0.2142857142857143,SG-2994
"Flap Top Stitch TN-2(After attach,Assembly)",Tnls,0.42,SG-2994
"Flap Top Stitch TN-2(After attach,Assembly) Long & Heavy Fabric",Tnls,0.62,SG-2994
Front Bib Deco Stitch-1 TN (Straight),Tnls,0.28,SG-1136
FRONT BIB TOP(After Attach)-1,Tnls,0.37,SG-1137
Front Bib Zipper Top Allaround-TN(40 Cm),Tnls,1.15,SG-1138
Front Inner Placket Attach-2 With Zipper With Fold,Tnls,2.05,SG-1139
FRONT PANEL DECO STITCH-TN (AT FACING & W.B),Tnls,0.26,SG-3750
Front Panel Deco Stitch-2 TN(At Facing & W.B),Tnls,0.53,SG-3750
Front Panels Top With Zipper (R&L) TN,Tnls,1.85,SG-1141
Front Placket Top Stitch TN-2,Tnls,1.3,SG-3750
Front Pocket Deco Stitch on Waist-TN (1 Straight),Tnls,0.178,SG-1143
Hip 2nd Stitch-TN (26~30 cm),Tnls,0.66,SG-0745
HIP STITCH(UPTO 25CM)-TN,Tnls,0.568,SG-0745
Hip Stitch-TN (26~30 cm),Tnls,0.66,SG-0745
Hip Stitch-TN (31~35 cm),Tnls,0.76,SG-0745
Hip Stitch-TN (Abv 35 cm),Tnls,0.92,SG-0745
Hip Stitch-TN (Fashion),Tnls,0.66,SG-0745
INSEAM TOP STICH(PANT)-TN,Tnls,0.63,SG-1146
Lining Sleeve Vent Close With Fold 1Side-2 TN With Incentive,Tnls,0.83,SG-1147
NECK EDGE TOP ALL AROUND WITH LAPEL-TN,Tnls,0.8,SG-1148
Outseam Busted Top-TN,Tnls,1.29,SG-1149
Outseam Busted Top-TN(below knee),Tnls,0.98,SG-1149
Outseam Join Top Complete Zigzag SN-2,Tnls,2.7,SG-9096
Outseam Join Top Complete Zigzag SN 2nd-2,Tnls,2.5,SG-9096
Outseam Overlap Panels Attach Top To Btm-2 TN Back,Tnls,2.2,SG-9097
Outseam Overlap Panels Attach Top To Btm-2 TN Front,Tnls,2,SG-9097
Outseam Top Below Hang(abv knee),Tnls,0.48,SG-1149
Outseam Top Below Hang(abv knee),Tnls,0.71,SG-1149
Outseam Top Stich-TN,Tnls,0.782,SG-1155
Outseam Twill Tape Attach(abv knee),Tnls,0.72,SG-1156
Outseam Twill Tape Attach(below knee),Tnls,1.03,SG-1156
Outseam Twill Tape Attach(Pant),Tnls,2.85,SG-1156
SHOULDER JOIN TURN & TOP-TN,Tnls,0.45,SG-1157
Shoulder Top-TN,Tnls,0.36,SG-1158
Side Seam Top With Folding-2,Tnls,1.02,SG-1159
Side Seam Top-TN Jacket,Tnls,1.8,SG-1160
Sleeve Arm Hole Top Closed Half-TN,Tnls,1.25,SG-9098
Sleeve Arm Hole Top Closed-TN,Tnls,1.45,SG-9098
Sleeve Arm Hole Top Half-TN,Tnls,0.61,SG-9098
Sleeve Arm Hole Top-TN,Tnls,0.95,SG-9098
SLEEVE ARMHOLE STAY STITCH(FOR FRAYING),Tnls,0.54,SG-1165
Sleeve Hem TN Pre S/F-2 6cm,Tnls,1.68,SG-1166
Sleeve Hem Top Stitch Closed Elasticated TN,Tnls,1.42,SG-1167
Twill tape Attach with Trim at Busted Allowance-2*2,Tnls,1.18,SG-1168
Twill Tape Attach To Sleeve Pre Hem-2,Tnls,0.95,SG-1169
Waist Band Attach-TN Top Side,Tnls,1.1,SG-1170
Waist Band Close Prepressed-TN Bottom Side,Tnls,1.2,SG-1171
Waist Band Close Prepressed-TN Top Side,Tnls,1.3,SG-1172
Waist Band Close(Manual)-TN,Tnls,1.28,SG-1173
Waist Band Close-TN Back Only,Tnls,0.72,SG-1174
Waist Band Corner Make (Manual)- Btm.Side,Tnls,0.42,SG-1175
Waist Band Deco Stitch(straight)-2,Tnls,0.36,SG-9099
Waist Band Deco Stitch-2 TN,Tnls,0.35,SG-1177
Waist Band Deco Stitch TN-2(vertical),Tnls,0.31,SG-1177
Waist Band Deco Stitch-1 TN,Tnls,0.18,SG-1177
Waist Band Top at Back(Inside Elastic)-TN,Tnls,0.42,SG-1178
Waist Band Top St. Close (3x4 Stitches),Tnls,0.784,SG-1179
Waist Band Top Stich- TN,Tnls,0.45,SG-1180
Arm Hole Strip Attach Tracing-2,Tracing Pattern,0.2,SG-1181
Armhole Frill Center Tracing-2,Tracing Pattern,0.24,SG-1182
Back & Front Bottom Strip Attach Tracing-2*2,Tracing Pattern,0.42,SG-9103
Back & Front Center Tracing,Tracing Pattern,0.33,SG-9100
Back & Side Loop Tracing-4,Tracing Pattern,0.2857142857142858,SG-9101
"Back Bib And Waistband Deco Stitch Trac -2(2Sides,1 Corner)",Tracing Pattern,0.256,SG-1186
Back Btm Panel Corner Hem Tracing-2,Tracing Pattern,0.24,SG-1187
Back Inseam Patch Attach Tracing,Tracing Pattern,0.12,SG-1265
Back Inseam Patch Center Tracing,Tracing Pattern,0.12,SG-1189
Back Loops Tracing-2,Tracing Pattern,0.14,SG-9101
Back Yoke Tracing for W.B Attach(complete),Tracing Pattern,0.25,SG-9176
Bottom Frill Center Tracing(Frnt & Back),Tracing Pattern,0.31,SG-1192
Bottom Front & Back Center Tracing,Tracing Pattern,0.2142857142857143,SG-9100
Bottom Hem & High Low Tracing,Tracing Pattern,0.92,SG-9102
Bottom Hem Button Hole Tracing-2*2,Tracing Pattern,0.24,SG-9104
Bottom Hem Tracing,Tracing Pattern,0.2142857142857143,SG-1196
BOTTOM HIGH LOW TRACING,Tracing Pattern,0.17,SG-9102
Bottom Inner Patch Attach & Slit Make Tracing-4*2,Tracing Pattern,0.67,SG-9103
Bottom Lining Attach Tracing,Tracing Pattern,0.25,SG-9103
Bottom Patch Corner Close Tracing-2*2,Tracing Pattern,0.53,SG-1200
Bottom Strip Attach Tracing,Tracing Pattern,0.2,SG-9103
Bottom Tab Attach Tracing-2*2,Tracing Pattern,0.2857142857142858,SG-9103
Bottom Tracing to Match Joint,Tracing Pattern,0.33,SG-1203
Bottom Vent Bartack Tracing -1,Tracing Pattern,0.12,SG-1204
Bottom Vent High Low Tracing,Tracing Pattern,0.19,SG-9102
Bottom Vent Tracing,Tracing Pattern,0.1785714285714286,SG-1206
Braid Loop Attach Tracing At Outseam,Tracing Pattern,0.23,SG-1255
Cargo Pocket Deco Stitch Tracing -2*2,Tracing Pattern,0.2857142857142858,SG-1208
Cuff Attach Tracing-2,Tracing Pattern,0.245,SG-1209
Cuff Button Hole Tracing-2*2,Tracing Pattern,0.24,SG-9104
Cuff Elastic Center Tracing-2*2,Tracing Pattern,0.25,SG-9105
Cuff High Low Tracing,Tracing Pattern,0.2142857142857143,SG-9106
Cuff High Low Tracing AW,Tracing Pattern,0.2142857142857143,SG-9106
Cuff Tracing for Tucking 1side-2,Tracing Pattern,0.22,SG-1214
Cuff Tracing for Tucking 1side-2 (Mitered Shape),Tracing Pattern,0.2142857142857143,SG-1214
Cut Welt Pocket Bartack Tracing-2,Tracing Pattern,0.1785714285714286,SG-9107
Deco Stitch Tracing Mitered-1,Tracing Pattern,0.19,SG-1216
Elastic Center Tracing-1,Tracing Pattern,0.1071428571428572,SG-9105
Elastic Tacking Tracing At Sleeve-2,Tracing Pattern,0.1785714285714286,SG-1218
Embroidery Side Patch attach Tracing -1,Tracing Pattern,0.25,SG-1273
Eyelet Tracing At Shell For Allignment,Tracing Pattern,0.14,SG-1220
Flap Attach Tracing(assembly)-1,Tracing Pattern,0.1428571428571429,SG-1221
Flap Attach Tracing(assembly)-2,Tracing Pattern,0.2857142857142858,SG-1221
Fly High Low Tracing to att waist Band,Tracing Pattern,0.1071428571428572,SG-9108
Front & Back Bib Attach Tracing at Waistband,Tracing Pattern,0.52,SG-9113
Front Bib Deco Stitch Tracing-1 (Straight),Tracing Pattern,0.22,SG-9109
Front Cargo Pocket Attach Tracing Allround-1,Tracing Pattern,0.1428571428571429,SG-1225
Front Cargo Pocket Attach Tracing Allround-1 with 2nd Flap,Tracing Pattern,0.18,SG-1225
Front Cargo Pocket Attach Tracing Allround-2 Assembly,Tracing Pattern,0.42,SG-1226
Front Cargo Pocket Attach Tracing Allround-4 Assembly,Tracing Pattern,0.82,SG-1226
Front Inner Placket Stay Stitch With Pocket Bags Tracing-3,Tracing Pattern,0.28,SG-1227
Front Loop Tracing For Stay Stitch-4,Tracing Pattern,0.2142857142857143,SG-1228
Front Loops Tracing-2,Tracing Pattern,0.14,SG-9110
Front Loops Tracing-2 2nd,Tracing Pattern,0.1785714285714286,SG-9110
Front Placket Eyelet Tracing-2,Tracing Pattern,0.1785714285714286,SG-4513
Front Placket High Low Tracing For Collar attach-2,Tracing Pattern,0.1785714285714286,SG-9111
Front Placket Inside Tracing For Yoke-2,Tracing Pattern,0.19,SG-1233
Front Plaket High Low Tracing(1-side)-2,Tracing Pattern,0.1785714285714286,SG-9111
Front Plakt High Low Tracing(top & btm side),Tracing Pattern,0.423,SG-9111
Front Pocket & Flap Attach Tracing-2,Tracing Pattern,0.3928571428571429,SG-9112
Front Pocket Bartack Tracing-2,Tracing Pattern,0.1607142857142857,SG-9112
Front Pocket High Low Tracing W/B,Tracing Pattern,0.1607142857142857,SG-9111
Front Pocket Inner Patch Attach Tracing-2,Tracing Pattern,0.3571428571428572,SG-9112
Front Pocket Tracing 5 sided (All around),Tracing Pattern,0.39,SG-9315
Front Shell Tracing For waistband attach,Tracing Pattern,0.26,SG-9113
Front Side Panels Join At Back Tracing-2,Tracing Pattern,0.38,SG-9218
Front Zipper Attach Tracing-2*2,Tracing Pattern,0.35,SG-9112
Hip Stitch & Front Deco st Tracing,Tracing Pattern,0.278,SG-9314
Hip Stitch Tracing,Tracing Pattern,0.1785714285714286,SG-1245
Hip Stitch Tracing with Extra Panel Fold,Tracing Pattern,0.55,SG-1245
Hip Stitch Tracing-2*2,Tracing Pattern,0.28,SG-1245
"Hip Stitch Tracing(3-sides,2corners)",Tracing Pattern,0.29,SG-1245
Hood Hem Top Tracing,Tracing Pattern,0.21,SG-1246
Inner Body Attach Tracing,Tracing Pattern,0.15,SG-1247
Inner Panels Attach Tracing With Corner-2,Tracing Pattern,0.21,SG-1248
Inner waistband Attach Tracing-1,Tracing Pattern,0.55,SG-9113
Inseam Bottom Piping Attach Tracing-2,Tracing Pattern,0.1785714285714286,SG-9114
Inseam Patch Tracing for Matching Crotch-1,Tracing Pattern,0.134,SG-1251
Knee Center Tracing-2,Tracing Pattern,0.32,SG-1252
Label Centre Allignment Tracing For W/B-1,Tracing Pattern,0.14,SG-1253
Leather Patch Attach Tracing-1,Tracing Pattern,0.11,SG-9115
Loop Attach Tracing-1,Tracing Pattern,0.13,SG-1255
Loop attach Tracing-4,Tracing Pattern,0.32,SG-1255
Loop Attach Tracing at Vent-4 Back,Tracing Pattern,0.16,SG-1255
Loop Attach Tracing at Vent-4 Front,Tracing Pattern,0.16,SG-1255
Loop Length Tracing-5,Tracing Pattern,0.34,SG-1258
Loop Tacking & Length Tracing-2,Tracing Pattern,0.24,SG-1259
Loop Tracing-1 at Facing,Tracing Pattern,0.08928571428571429,SG-1260
Loop Tracing for Attach- 5 (Bottom Side Tracing),Tracing Pattern,0.286,SG-9116
Outseam Bottom Piping Attach Tracing-2,Tracing Pattern,0.1785714285714286,SG-9114
Outseam Tracing For Fly Attach-2,Tracing Pattern,0.23,SG-3829
Outseam Zipper Attach Tracing,Tracing Pattern,0.24,SG-1264
Patch Attach Tracing-1,Tracing Pattern,0.1785714285714286,SG-1265
Patch Attach Tracing-1 (Panel),Tracing Pattern,0.18,SG-1265
Patch Attach Tracing-1 Afterwash,Tracing Pattern,0.1785714285714286,SG-1265
Patch Attach Tracing at Panel-1,Tracing Pattern,0.24,SG-9117
Shoulder Tracing For Sleeve & Collar Attach-2,Tracing Pattern,0.42,SG-1268
Side Fly Button Hole Tracing-3*2,Tracing Pattern,0.36,SG-1269
Side Fly Button Hole Tracing-2*2,Tracing Pattern,0.2857142857142858,SG-1269
Side Fly Button Hole Tracing-2,Tracing Pattern,0.1785714285714286,SG-1269
Side Fly High Low Tracing-2,Tracing Pattern,0.2142857142857143,SG-1270
Side Fly Hight Low Tracing to att waist Band-2,Tracing Pattern,0.34,SG-9108
Side Loops Tracing-2,Tracing Pattern,0.1785714285714286,SG-1272
Side Loops Tracing-2,Tracing Pattern,0.14,SG-1272
Side Patch attach Tracing-2,Tracing Pattern,0.365,SG-1273
Side Patch attach Tracing -1,Tracing Pattern,0.21,SG-1273
Side Pocket & Flap Attach Tracing(allaround)-2,Tracing Pattern,0.48,SG-1274
Side Pocket & Flap Attach Tracing(allaround)-4,Tracing Pattern,0.81,SG-1274
Side Pocket & Flap Attach Tracing(allaround)-1,Tracing Pattern,0.2678571428571428,SG-1274
Side Pocket & Flap Attach Tracing with Show St (allaround)-2,Tracing Pattern,0.6428571428571429,SG-1274
Side Pocket & Flap Attach Tracing(allaround)-4,Tracing Pattern,0.85,SG-1274
Side Pocket Attach Tracing(allaround)-2,Tracing Pattern,0.4285714285714286,SG-1275
Side Pocket Attach Tracing(allaround)-6,Tracing Pattern,1.12,SG-1275
Side Pocket Top Stitch Tracing-2,Tracing Pattern,0.25,SG-1276
Sleeve Armhole Top Tracing-2,Tracing Pattern,0.2,SG-1277
Sleeve Attach Tracing-2,Tracing Pattern,0.17,SG-1278
Sleeve Dart Make Tracing-2*2,Tracing Pattern,0.3571428571428572,SG-4873
Sleeve Vent Eyelet Tracing-2,Tracing Pattern,0.1785714285714286,SG-9351
Tracing At Back For W.B Joint Match-1,Tracing Pattern,0.14,SG-1281
Tracing at Back Panels for F-Overlaping-2,Tracing Pattern,0.19,SG-9118
Tracing at Back Panels for Overlaping-2*2,Tracing Pattern,0.31,SG-9118
Tracing At Back Panels For Zipper Attach-2,Tracing Pattern,0.31,SG-1284
Tracing At Back Panels For Zipper Attach-1,Tracing Pattern,0.18,SG-1284
Tracing At Back Waist Band For Bib Attach,Tracing Pattern,0.24,SG-5221
Tracing At Back Yoke For Armhole attach-2,Tracing Pattern,0.1785714285714286,SG-9176
Tracing at Busted Seam for Tape Attach-2,Tracing Pattern,0.24,SG-1287
Tracing At Collar For Band Top (Fashion),Tracing Pattern,0.18,SG-1288
Tracing at Front Panel For Armhole attach-2,Tracing Pattern,0.1785714285714286,SG-9119
Tracing at Front Panel For Join Match-1,Tracing Pattern,0.19,SG-9120
Tracing at Front Panels for F-Overlaping-2,Tracing Pattern,0.19,SG-9121
Tracing at Front Panels for Overlaping-2*2,Tracing Pattern,0.31,SG-9121
Tracing At Front Panels For Zipper Attach-2,Tracing Pattern,0.31,SG-1293
Tracing At Front Panels For Zipper Attach-1,Tracing Pattern,0.18,SG-1293
Tracing At Front Waist Band For Bib Attach,Tracing Pattern,0.24,SG-1294
Tracing At Front Waist Band For Bib Attach(Center Match),Tracing Pattern,0.12,SG-1294
Tracing at Front Yoke For Armhole attach-2,Tracing Pattern,0.1785714285714286,SG-9119
Tracing At Neck For Collar Attach,Tracing Pattern,0.1785714285714286,SG-1296
TRACING AT OUTSEAM FOR CLOSE-2,Tracing Pattern,0.18,SG-1297
TRACING AT OUTSEAM FOR CLOSE (2 SIDED)-2,Tracing Pattern,0.25,SG-1297
Tracing at Outseam for Notches,Tracing Pattern,0.165,SG-1298
Tracing at Patch for box-1,Tracing Pattern,0.2,SG-1299
Tracing at patch for outseam & inseam join - 2*2,Tracing Pattern,0.267,SG-1300
Tracing at Shell for Button Hole-2,Tracing Pattern,0.2142857142857143,SG-9104
Tracing at Shell for Waist band attach,Tracing Pattern,0.32,SG-5221
Tracing Bottom Stay Stitch for Vent Make-1,Tracing Pattern,0.11,SG-1303
Tracing for Hook Attach-02,Tracing Pattern,0.15,SG-9116
TRACING FOR OUTSEAM STAY STITCH FOR CLOSE-1,Tracing Pattern,0.12,SG-1297
Tracing Side Ziper Stay Stitch for Vent Make-1,Tracing Pattern,0.153,SG-1306
Trangle Deco St Tracing At Side- 2,Tracing Pattern,0.22,SG-9122
TRIANGLE DECO STITCH TRACING AT SIDE- 2,Tracing Pattern,0.25,SG-9122
Waist Band Button Hole Tracing,Tracing Pattern,0.14,SG-1309
Waist Band Button Hole Tracing-1,Tracing Pattern,0.1071428571428572,SG-1309
Waist Band Corner Deco Stitch Tracing-1(Vshape),Tracing Pattern,0.15,SG-9123
Waist Band Corner Tracing (1 Side),Tracing Pattern,0.17,SG-1311
Waist Band Corner Tracing (2 Sides),Tracing Pattern,0.2,SG-1311
WAIST BAND DECO STITCH TRACING-2,Tracing Pattern,0.25,SG-9123
Waist Band Extend Start Position Tracing,Tracing Pattern,0.165,SG-9125
Waist Band High Low Tracing,Tracing Pattern,0.1785714285714286,SG-9124
Waist Band High Low Tracing Back,Tracing Pattern,0.1785714285714286,SG-9124
Waist Band Inner Joint Tracing-1,Tracing Pattern,0.1071428571428572,SG-9125
Waist Band Rib Tracing-2 With Center,Tracing Pattern,0.25,SG-9125
Waist Band Top Stitch Tracing,Tracing Pattern,0.35,SG-9125
Waistband Corner Close Tracing-1,Tracing Pattern,0.1071428571428572,SG-9126
Waistband Strip Corner Close Tracing-2,Tracing Pattern,0.2142857142857143,SG-9126
Watch Pocket Tracing for Waist Band,Tracing Pattern,0.21,SG-9125
Welt Pocket High Low Tracing,Tracing Pattern,0.1785714285714286,SG-9107
Welt Pocket Tracing For Waist Band Attach-2,Tracing Pattern,0.25,SG-5221
Yoke & Side Loop Tracing-2,Tracing Pattern,0.2,SG-1324
Yoke Tracing for W/Belt,Tracing Pattern,0.19,SG-1325
Yoke Tracing to attach W/Band,Tracing Pattern,0.19,SG-1326
Zipper High Low Tracing Bottom side-2,Tracing Pattern,0.16,SG-9127
Zipper High Low Tracing Neck Side-2,Tracing Pattern,0.35,SG-1328
Zipper High Low Tracing Top & Bottom side-2,Tracing Pattern,0.16,SG-9127
Turnover Garment,Turner,0.12,SG-1330
Turnover garment with inside thread trimming,Turner,0.28,SG-1330
TURNOVER GARMENT 2ND,Turner,0.12,SG-1330
TURNOVER GARMENT 3RD,Turner,0.12,SG-1330
Cuff attach 1pcs(without tucking),WaistBand,0.826,SG-1336
Cuff attach 1pcs(1side tucking),WaistBand,0.926,SG-1336
Cuff attach 1pcs(2 side tucking),WaistBand,1.078,SG-1336
Cuff attach 2pcs(without tucking),WaistBand,0.865,SG-1336
Cuff attach 2pcs(1side tucking),WaistBand,1.125,SG-1336
Cuff attach 2pcs(2side tucking),WaistBand,1.245,SG-1336
Cuff attach 1pcs(without tucking) 8cm Folder,WaistBand,0.91,SG-1336
Cuff attach 1pcs(without tucking) Height Above 5cm,WaistBand,0.91,SG-1336
Cuff attach 1pcs(without tucking) Inside Quilting,WaistBand,0.88,SG-1336
Cuff attach 1pcs(without tucking) Padded Heavy Sleeve Fabric,WaistBand,0.91,SG-1336
Hem Strip Attach 1Pc At Front Bib-1,WaistBand,0.55,SG-1336
Skirt Front Panel Hem Top Side,WaistBand,0.265,SG-1336
"WAIST BAND ATT.-(2 PCS & B.H,WITHOUT TUCKING)",WaistBand,0.6,SG-1336
Waist Band att-(Conture-by 2pc Folder-No Tucking),WaistBand,0.5,SG-1336
Waist Band att-(Conture-by 2pc Folder-No Tucking) with Tape Insert,WaistBand,0.58,SG-1336
Waist Band att-(Conture-by 2pc Folder-No Tucking) with Tape Insert & Label Handling,WaistBand,0.8,SG-1336
"Waist Band Att.With Tucking,Front(2pcs,bridge folder)",WaistBand,1.04,SG-1336
"Waist Band Att.With Tucking,Back(2pcs,bridge folder)",WaistBand,1.04,SG-1336
Waist Band att-(Conture-by 2pc Folder-No Tucking) 5cm & Pleat Joints-5,WaistBand,0.8,SG-1336
Waist Band att-(Conture-by 2pc Folder-No Tucking) 5-7cm Folder,WaistBand,0.75,SG-1336
Waist Band Att. Fr.& Back Separate (1 pc-4 side Tucking),WaistBand,1.054,SG-1336
Waist Band att-(Conture-by 2pc Folder-No Tucking) Heavy Fabric,WaistBand,0.98,SG-1336
Waist Band att-(Conture-by 2pc Folder-No Tucking) Inner Body Handling,WaistBand,0.75,SG-1336
"WAIST BAND ATT.-(2 PCS & B.H,WITHOUT TUCKING) Inside Elastic",WaistBand,0.75,SG-1336
Waist Band att-(Conture-by 2pc Folder-No Tucking) Inside Elastic,WaistBand,0.75,SG-1336
Waist Band att-(Conture-by 2pc Folder-No Tucking) Joints,WaistBand,0.6,SG-1336
"WAIST BAND ATT.-(2 PCS & B.H,WITHOUT TUCKING) Label",WaistBand,0.6,SG-1336
Waist Band att-(Conture-by 2pc Folder-No Tucking) Label,WaistBand,0.55,SG-1336
"WAIST BAND ATT.-(2 PCS & B.H,WITHOUT TUCKING) Label & Inside Elastic",WaistBand,0.8,SG-1336
Waist Band att-(Conture-by 2pc Folder-No Tucking) Label & Inside Elastic,WaistBand,0.78,SG-1336
WAIST BAND ATT-2PCS WITHOUT TUCKING(EMBRO/PRINTING),WaistBand,0.5,SG-1336
Waist Band att-(Conture-by 2pc Folder-No Tucking) 5Point Tracing Follow,WaistBand,0.6,SG-1336
Waist Band att.-Tucking (1pcs with piping),WaistBand,0.8,SG-1336
"WAIST BAND ATTACH. (2PCS,WITHOUT TUCKING)",WaistBand,0.4285714285714286,SG-1336
"Waist Band Attach-(6Pcs,Conture)",WaistBand,0.6428571428571429,SG-1336
"Waist Band Attach-(4Pcs,Conture)",WaistBand,0.72,SG-1336
"Waist Band Attach-(3Pcs,Conture)",WaistBand,0.5,SG-1336
"Waist Band Attach-(5Pcs,Conture)",WaistBand,0.83,SG-1336
"Waist Band Attach With Tucking(2pcs,bridge folder)",WaistBand,1.15,SG-1336
"WAIST BAND ATTACH WITH TUCKING(4 PCS,BRIDGE FOLDER)",WaistBand,1.27,SG-1336
Waist Band Attach(1pcs with piping),WaistBand,0.4285714285714286,SG-1336
"Waist Band Attach-(3Pcs,Piping & Hidden label)",WaistBand,0.91,SG-1336
Waist Band Attach with Tucking-1Pc(Straight) Jacket,WaistBand,1.15,SG-1336
Waist Band Attach (Body Fold W.B Folder),WaistBand,0.92,SG-1336
Waist Band Attach with Label (Body Fold W.B Folder),WaistBand,1.1,SG-1336
Waist Band Attach with Tucking-1 Pc(Straight),WaistBand,0.96,SG-1336
Waist Band Attach With Tucking- 2 Pcs,WaistBand,0.6785714285714286,SG-1336
Waist Band Attach-(2Pcs Tucking with hidden label),WaistBand,0.82,SG-1336
Waist Band Attach.-(1 Pc Tucking with piping),WaistBand,0.81,SG-1336
Waist Band Attach with Bib Insertion 2pcs(Front),WaistBand,1.02,SG-1336
Waist Band Attach with Bib Insertion 2pcs(Front) B.H,WaistBand,1.12,SG-1336
Waist Band Attach with Bib Insertion 2pcs(Back),WaistBand,1.02,SG-1336
Waist Band Attach with Bib Insertion 2pcs(Front &Back),WaistBand,1.964285714285714,SG-1336
Waist Band Attach With Folder 2Pc With Braid Loop & B.H,WaistBand,1.21,SG-1336
Waist Band Attach External Part Leather(after wash),WaistBand,1.23,SG-1336
Waist Band Attach-(2pc Folder-No Tucking) Front & Back,WaistBand,0.85,SG-1336
Waist Band Attach-1Pc(Inner B.H),WaistBand,0.55,SG-1336
Waist Band Attach-1Pc(Inner B.H) with Elastic,WaistBand,0.88,SG-1336
Waist Band Attach-1Pc(Straight),WaistBand,0.45,SG-1336
Waist Band Attach-1Pc(Straight) with Joint Handling,WaistBand,0.55,SG-1336
Waist Band Attach-1Pc(Inner B.H & Piping),WaistBand,0.5,SG-1336
Waist Band Attach-1Pc(hidden label),WaistBand,0.64,SG-1336
Waist Band Attach-1Pc(embro/printing),WaistBand,0.64,SG-1336
Waist Band Attach-1Pc(B.H & label),WaistBand,0.71,SG-1336
Waist Band Attach-2Pc(hidden label),WaistBand,0.5357142857142857,SG-1336
Waist Band Attach-2Pc(Piping),WaistBand,0.68,SG-1336
Waist Band Attach-2Pc(B.H & label),WaistBand,0.82,SG-1336
Waist Band Attach-2pc(B.H & Piping),WaistBand,0.5714285714285715,SG-1336
Waist Band Attach-2pc (Label & Piping),WaistBand,0.5714285714285715,SG-1336
Waist Band Attach-2pc(Embro/Printing & Piping),WaistBand,0.82,SG-1336
Waist Band Attach-2Pc(B.H & Embro),WaistBand,0.82,SG-1336
Waist Band Attach-1Pc(Elastic at Back),WaistBand,0.76,SG-1336
Waist Band Attach-2Pc(Button & Elastic),WaistBand,1.15,SG-1336
"Waist Band Attach-1Pc(Inside B.H,Piping & Label)",WaistBand,0.81,SG-1336
Waist Band Attach-1Pc(Label & Piping),WaistBand,0.5,SG-1336
Waist Band Attach-1Pc(Inner B.H & Embro/Printing),WaistBand,0.5,SG-1336
"Waist Band Attach-2Pc(B.H, Label & Piping)",WaistBand,0.91,SG-1336
Waist Band Attach-1Pc(Straight) Jkt,WaistBand,0.5,SG-1336
Waist Band Attach-1Pc(Straight) Jkt With Lining & Zip,WaistBand,1.15,SG-1336
Waist Band Attach-1Pc(Straight) Jkt with Joint Match,WaistBand,0.62,SG-1336
Waist Band Attach-1Pc(Straight) Jkt Heavy Fabric,WaistBand,0.85,SG-1336
Waist Band Attach-1Pc(Inner B.H) Label,WaistBand,0.55,SG-1336
Waist Band Attach-2Pc(Piping) 4 Ply Thread,WaistBand,0.78,SG-1336
Waist Band Attach-1Pc(Straight) Workwear,WaistBand,0.55,SG-1336
Waist Band Attach 1Pcs With Elastic,WaistBand,0.88,SG-1336
Waist Band Attach 2pcs(Front),WaistBand,0.4,SG-1336
Waist Band Attach 2pcs(Back),WaistBand,0.2857142857142858,SG-1336
Waist Band Attach 1Pcs With Elastic(1side tucking),WaistBand,1.11,SG-1336
Waist Band Attach 3Pcs-(Inner B.H),WaistBand,0.85,SG-1336
Waist Band Attach-1 Pcs With Tucking (Wd Label),WaistBand,0.81,SG-1336
Waist Band Attach-4Pcs(B.H & label),WaistBand,0.6428571428571429,SG-1336
Waist Band Attach.-Tucking (1pcs with embro/printing),WaistBand,0.81,SG-1336
WAIST BAND ATT(BODY FOLD FOLDER)I/S B.H & PIPING,WaistBand,1.14,SG-1336
Waist Band Close(Tailored W.B Folder),WaistBand,0.94,SG-1336
Waist Band Close With Elastic(Ring),WaistBand,1.27,SG-1336
Waist Band Top With Inside Elastic(Closed Belt),WaistBand,1.52,SG-1336
Waist Band Top Elastic(Closed Belt),WaistBand,1.52,SG-1336
Waist Band Top St. Lower Side Wd Fulness>10 cm,WaistBand,0.74,SG-1336
Waist Band top Stitch (Chain st.) 14SPI,WaistBand,0.46,SG-1336
Waist Band Top Stitch Elasticated,WaistBand,0.59,SG-1336
Waist Band Top Stitch Elasticated,WaistBand,0.59,SG-1336
Waist Band top Stitch WB,WaistBand,0.81,SG-1336
Bottom ZigZag Stitch Pre Hem,Zig Zag,1.62,SG-1375
Bottom ZigZag Stitch Pre Hem Short,Zig Zag,1.65,SG-1375
Hip Stitch With Trim-Zig Zag,Zig Zag,0.56,SG-1375
Hip Stitch Zig Zag(with trim),Zig Zag,0.62,SG-1375
Sleeve ZigZag Stitch Pre Hem,Zig Zag,1.25,SG-1375
Back Dart Bartack-2,Bartack,0.18,SG-0066
Back Flap Bartack-4,Bartack,0.22,SG-0066
Back Flap Bartack-3,Bartack,0.181,SG-0066
Back Flap Bartack-5,Bartack,0.286,SG-0066
Back Flap Bartack-2,Bartack,0.142,SG-0066
Back Inner Pocket Bartack-4,Bartack,0.1857142857142857,SG-0066
Back Panel Bartack-2,Bartack,0.16,SG-0066
Back Patch Bartack-2,Bartack,0.14,SG-0066
Back Pleat Bartack-4,Bartack,0.22,SG-0066
Back Pocket Bartack-4,Bartack,0.22,SG-0066
Back Pocket Bartack-4 with Velcro Tape Handling,Bartack,0.51,SG-0066
Back Pocket Bartack-6,Bartack,0.2785714285714286,SG-0066
Back Pocket Bartack -3,Bartack,0.181,SG-0066
Back Pocket Bartack-2,Bartack,0.142,SG-0066
Back Pocket Bartack-4 (Long),Bartack,0.3,SG-0066
Back Pocket Bartack-4(inner patch),Bartack,0.34,SG-0066
Back Pocket Bartack-4(inner patch) With Edge Fold,Bartack,0.56,SG-0066
Back Pocket Bartack-2(inner patch),Bartack,0.24,SG-0066
Back Pocket Bartack-8,Bartack,0.52,SG-0066
Back Pocket Bartack-4(inner patch),Bartack,0.34,SG-0066
Back Pocket Bartack-2(inner patch),Bartack,0.24,SG-0066
Back Pocket Bartack With Reinforcement Patch-4,Bartack,0.26,SG-0066
Back Pocket Bartack-3(Inner patch),Bartack,0.38,SG-0066
Back Pocket Bartack-4 Patch Handling,Bartack,0.32,SG-0066
Back Pocket Bartack-4(inner patch) Patch Handling,Bartack,0.56,SG-0066
Back Pocket Round Bartack-2,Bartack,0.24,SG-0066
Back Pocket Round Bartack-4,Bartack,0.39,SG-0066
Back Yoke Bartack -2,Bartack,0.137,SG-0066
Back Yoke Bartack -3,Bartack,0.23,SG-0066
Back Yoke Bartack -4,Bartack,0.26,SG-0066
Bartack at Back Panel-1,Bartack,0.08571428571428572,SG-0066
Bartack at Back Pocket-1,Bartack,0.09,SG-0066
Front Knee Patch Bartack-4 with Velcro Tape Handling,Bartack,0.42,SG-0066
Back Busted Panels Press Inner,Bottle Press,0.15,SG-0440
Back Pocket Zigzag Stitches-2,Close End,0.42,SG-0121
Back Btm Panel Top St. FOA (Straight),Feed Off Arm,0.345,SG-0132
Back Btm Panel Top St. FOA (Wd Corner Each Side),Feed Off Arm,0.41,SG-0132
BACK CENTER PANELS TOP-2,Feed Off Arm,0.386,SG-0132
Back Gusset Top Stitch FOA,Feed Off Arm,0.437,SG-0132
Back Inseam Patch Join-FOA,Feed Off Arm,0.28,SG-0132
Back Inseam Patch Top-FOA,Feed Off Arm,0.26,SG-0132
Back 2nd Yoke Top-FOA,Feed Off Arm,0.32,SG-1400
Back Panel Join Top Stitch-2,Feed Off Arm,0.48,SG-0132
Back Panels Attach-3,Feed Off Arm,0.615,SG-0132
Back Panels Attach-4,Feed Off Arm,0.789,SG-0132
Back Panels Join(vertical)-1,Feed Off Arm,0.19,SG-0132
Back Panels Join-2 (Vertical) Curved,Feed Off Arm,0.48,SG-0132
Back Panels Join-2 (Vertical) FOA,Feed Off Arm,0.423,SG-0132
Back Panels Top-3,Feed Off Arm,0.548,SG-0132
Back Panels Top-4,Feed Off Arm,0.705,SG-0132
Back Panels Top(vertical)-2,Feed Off Arm,0.48,SG-0132
Back Panels Top(Curved)-2,Feed Off Arm,0.36,SG-0132
Back Panels Top-1,Feed Off Arm,0.21,SG-0132
Back Panels Top-1 Long,Feed Off Arm,0.28,SG-0132
Back Pleat Top(Vertical)-2,Feed Off Arm,0.37,SG-0132
Back Pleat Top Stitch-2 FOA,Feed Off Arm,0.323,SG-0132
Back Seam Join (FOA),Feed Off Arm,0.18,SG-1410
Back Seam Join (FOA) with Joints-2,Feed Off Arm,0.44,SG-1410
Back Seam Join (FOA) 11SPI,Feed Off Arm,0.26,SG-1410
BACK SEAM JOIN(1EXTRA JOINT MATCH),Feed Off Arm,0.42,SG-1410
Back Seam Join(special fabric),Feed Off Arm,0.41,SG-1410
Back Seam Join (FOA) After Side Seam,Feed Off Arm,0.4,SG-1410
Back Seam Join (FOA) Extra Low Rpm,Feed Off Arm,0.3,SG-1410
Back Seam Join-FOA(Reverse),Feed Off Arm,0.44,SG-1410
Back Seam Join (FOA) Long Skirt,Feed Off Arm,0.38,SG-1410
Back Seam Join (FOA) Long Skirt Low Rpm,Feed Off Arm,0.4,SG-1410
Back Seam Join (FOA) Low Rpm,Feed Off Arm,0.24,SG-1410
Back Seam Join (FOA) Skirt Long,Feed Off Arm,0.39,SG-1410
Back Seam Join (FOA) Skirt Long Low Rpm,Feed Off Arm,0.48,SG-1410
Back Seam Join (FOA) Welt Pocket Bag Handling,Feed Off Arm,0.36,SG-1410
Back Seam Top St (FOA),Feed Off Arm,0.14,SG-1410
Back Seam Top St (FOA) 10 SPI,Feed Off Arm,0.17,SG-1410
Back Seam Top St (FOA) Low RPM,Feed Off Arm,0.18,SG-1410
Back Seam Top St (FOA) Low Rpm with Fake Fell,Feed Off Arm,0.28,SG-1410
Back Side Panel Top Stitch FOA-2,Feed Off Arm,0.34,SG-0132
Back Side Panels Attach-2,Feed Off Arm,0.423,SG-0132
Back Side Panels Attach-1,Feed Off Arm,0.21,SG-0132
Back Side Panels Attach-2 (Curve),Feed Off Arm,0.49,SG-0132
Back Side Panels Top-2,Feed Off Arm,0.386,SG-0132
Back Side Panels Top-2 (Curve),Feed Off Arm,0.49,SG-0132
Back Vertical Panel Top(below knee)-2,Feed Off Arm,0.38,SG-0132
Back Vertical Panel Top(abv knee)-2,Feed Off Arm,0.32,SG-0132
Back Vertical Panel Top Stitch-FOA,Feed Off Arm,0.44,SG-0132
Back Yoke att. (FOA),Feed Off Arm,0.28,SG-1400
Back Yoke att. (FOA) With Joint,Feed Off Arm,0.4,SG-1400
Back Yoke att. (FOA) Cordura Fabric,Feed Off Arm,0.42,SG-1400
Back Yoke att. (FOA) Extra Low Rpm,Feed Off Arm,0.52,SG-1400
Back Yoke att. (FOA) Long,Feed Off Arm,0.38,SG-1400
Back Yoke att. (FOA) Long Low Rpm,Feed Off Arm,0.51,SG-1400
Back Yoke att. (FOA) Low Rpm,Feed Off Arm,0.44,SG-1400
Back Yoke att. (FOA) Reverse,Feed Off Arm,0.48,SG-1400
Back Yoke att. (FOA) Reverse Low Rpm,Feed Off Arm,0.56,SG-1400
BACK YOKE ATTACH WITH FLAP (FOA),Feed Off Arm,0.44,SG-1400
Back Yoke Attach Fell,Feed Off Arm,0.356,SG-1400
Back Yoke Attach fell(special fabric),Feed Off Arm,0.4,SG-1400
Back Yoke Top FOA-1,Feed Off Arm,0.17,SG-1400
Back Yoke Top St.- FOA,Feed Off Arm,0.322,SG-1400
Back Yoke Top St.- FOA 10 SPI,Feed Off Arm,0.39,SG-1400
Back Yoke Top St.- FOA,Feed Off Arm,0.325,SG-1400
Back Yoke Top St.- FOA Curved with Welt Pocket Handling-1,Feed Off Arm,0.39,SG-1400
Back Yoke Top St.- FOA Curved,Feed Off Arm,0.39,SG-1400
Back Yoke Top St.- FOA Curved & Low RPM,Feed Off Arm,0.39,SG-1400
Back Yoke Top St.- FOA Curved Cotral Fabric,Feed Off Arm,0.39,SG-1400
Back Yoke Top St.- FOA Low RPM,Feed Off Arm,0.39,SG-1400
BACK YOKE TOP STITCH-FOA Panel Handling,Feed Off Arm,0.3,SG-1400
BACK YOKE TOP STRAIGHT(SANDWICH),Feed Off Arm,0.422,SG-1400
Sleeve Panels Join-2 FOA Horizontal,Feed Off Arm,0.32,SG-0132
Back Center notch For Attach-1,Nill,0.1071428571428572,SG-9128
Back Center notch For Collar Attach-1,Nill,0.1071428571428572,SG-9128
Back Inner Patch Turn-1 with Trimming,Nill,0.32,SG-1448
Back Inseam Patch Edges Excess Trim-2,Nill,0.183,SG-1449
Back Panel Bottom Extra Trim,Nill,0.22,SG-1450
Back Panel Bottom Piping Trim-2,Nill,0.2857142857142858,SG-9015
Back Panel Corner Cut-2,Nill,0.15,SG-1452
Back Panel Corner Cut-4,Nill,0.26,SG-1452
Back Panel Corner Trim-2,Nill,0.18,SG-1453
Back Panel TAPE TRIM-2,Nill,0.15,SG-1454
Back Pocket Edge Trim-4,Nill,0.41,SG-4965
Back Pocket Matching with Flap,Nill,0.21,SG-1456
Back Rise Chain Open-2,Nill,0.24,SG-1457
Back Seam Piping Trim-1,Nill,0.14,SG-1458
Back Seam Trim (Shape),Nill,0.18,SG-1459
Back Slit Cut For Make-1,Nill,0.09,SG-1460
Back Slit Cut For Make-2,Nill,0.14,SG-1460
Back Yoke Attach Tracing,Nill,0.2,SG-1461
Back Yoke Center Notch-1,Nill,0.09,SG-1462
Back Yoke corner notches,Nill,0.186,SG-1463
Back Yoke Corner Turn-1,Nill,0.17,SG-1464
Back Yoke Extra Trim(Top Side),Nill,0.15,SG-1465
CUT AT YOKE FOR ATTACH-2,Nill,0.2,SG-1466
Dart Remove With Water -2,Nill,0.27,SG-1467
Front Inner Patch Turn-1 with Trimming,Nill,0.32,SG-1468
Fusing Remove at Back Yoke Jacket,Nill,0.3,SG-1469
Pairing For Back Panels,Nill,0.1785714285714286,SG-1470
Patch Trim Star Shape-2,Nill,0.62,SG-1471
Piping Trim-2,Nill,0.1785714285714286,SG-1472
Tape Cutting-1,Nill,0.1071428571428572,SG-9129
Thread Trim Sleeve Panels-2,Nill,0.1785714285714286,SG-9130
TWILL TAPE TRIM ON Back PANEL-2,Nill,0.16,SG-1475
Yoke Sides Excess Trim,Nill,0.13,SG-1476
Yoke Trim-2 (Top And Neck Curve),Nill,0.36,SG-1477
Back Bib Attach To Panel-1,O/L,0.38,SG-1478
Back Bib Panel Join Edge Secure (Wd Corner Each Side),O/L,0.29,SG-0331
Back Bottom Frill Edge Secure(After Attach)-2,O/L,0.41,SG-0331
Back Bottom Patch Secure 2sides-2,O/L,0.32,SG-0331
Back Btm Hem Sec. Skirt(Round Corners)-1*1,O/L,0.19,SG-1482
BACK BTM PANELS ATT WITH BACK-2 (1-JOINT MATCH),O/L,0.43,SG-1483
Back Btm Panels Join Together-2 O/L,O/L,0.335,SG-1508
Back Dart Secure After Make-2,O/L,0.22,SG-0331
Back Gusset att-2 (O/L Curve),O/L,0.62,SG-1486
Back Inner Pocket Secure 1side-2,O/L,0.1,SG-0331
Back Inseam Patch Attach-O/L,O/L,0.32,SG-0363
Back Lower Side Overlock-2,O/L,0.229,SG-1524
Back Panel Inside Overlock - Pant,O/L,0.325,SG-1490
Back Panel Side Hem S/F (Chain Stitch) Pant,O/L,0.92,SG-9132
Back Panel Side Hem S/F (Chain Stitch) Short,O/L,0.65,SG-9131
Back Panel Side Hem (Chain Stitch) Short(Below knee),O/L,0.39,SG-9131
Back Panel Side O/L-Pant(special fabric),O/L,0.41,SG-9132
Back Panel Side Overlock-2 (short below knee),O/L,0.331,SG-1495
Back Panel Side Overlock-2 (short below knee) 14SPI,O/L,0.331,SG-1495
Back Panel Side Overlock - Pant,O/L,0.35,SG-1495
Back Panel Side Overlock - Pant 14SPI,O/L,0.45,SG-1495
Back Panel Side Overlock - Pant 14SPI with Joint-2,O/L,0.55,SG-1495
Back Panel Side Overlock - Pant 14SPI with Fabric Fold,O/L,0.65,SG-1495
Back Panel Side Overlock - Pant 14SPI Heavy Fabric With Zipper Joint,O/L,0.65,SG-1495
Back Panel Side Overlock - Pant 14SPI 4-Thread O/L,O/L,0.55,SG-1495
Back Panel Side Overlock-1 14 SPI Short Top,O/L,0.31,SG-1495
Back Panel Side Overlock-2 (short abv knee)/Skirt,O/L,0.23,SG-1495
Back Panel Side Overlock-2 (short abv knee)/Skirt 14SPI,O/L,0.36,SG-1495
Back Panel Side Overlock-2 Top Wears,O/L,0.41,SG-1495
Back Panel Side (Chain Stitch) Pant,O/L,0.49,SG-9132
Back Panel Side Sec 4thread(short below knee),O/L,0.4,SG-1503
Back Panel Side Sec 4thread(short abv knee),O/L,0.34,SG-1503
Back Panel Side Sec 4thread- Pant,O/L,0.46,SG-1503
Back Panels Attach-3,O/L,0.605,SG-1505
Back Panels Attach-4,O/L,0.768,SG-1505
Back Panels Attach-1 Long,O/L,0.35,SG-1505
Back Panels Edge Secure-2 Inner,O/L,0.2,SG-0331
Back Panels Join(vertical)-2,O/L,0.62,SG-1508
Back Panels Join(Curved)-2,O/L,0.44,SG-1508
Back Panels Join Curved-2*2,O/L,0.88,SG-1508
Back Panels Join O/L-1,O/L,0.28,SG-1510
Back Panels Join O/L-2,O/L,0.55,SG-1510
Back Panels Join O/L-4,O/L,0.82,SG-1510
Back Panels Secure C.B(fashion),O/L,0.42,SG-0331
Back Panels Secure For Vent-2,O/L,0.21,SG-0331
Back Panels Secure For Vent- (L & R),O/L,0.26,SG-0331
Back Panels Secure For Vent-1,O/L,0.123,SG-0331
Back Panels Secure From C.B,O/L,0.3,SG-0331
BACK PANELS SECURE UPTO Pocket BAG-2,O/L,0.22,SG-0331
Back Panels Side Overlock Till Yoke-2,O/L,0.256,SG-1524
Back Panels Trim(btm side),O/L,0.21,SG-0335
Back Pocket Secure-1 (4 Sides of Cut&Sew Pocket seam),O/L,0.29,SG-0331
Back Right Fly Attach(neck opening),O/L,0.18,SG-9269
Back Rise Panels Overlock-Pant,O/L,0.3,SG-0352
Back Seam (O/L),O/L,0.284,SG-0352
Back Seam Attach-O/L(2-joints Match),O/L,0.39,SG-0352
Back Seam Attach without Yoke (O/L),O/L,0.231,SG-0352
Back Seam (O/L) Low RPM,O/L,0.36,SG-0352
Back Side Overlock-2 (short abv knee),O/L,0.263,SG-1524
Back Side Overlock-2 (short abv knee) 14SPI,O/L,0.3,SG-1524
Back Side Panels Attach-2 (Curve),O/L,0.687,SG-9134
Back Side Panels Attach O/L-2,O/L,0.415,SG-9134
Back Top & Btm Panels Join - O/L,O/L,0.331,SG-1508
Back Vertical Panel Join-2 (O/L Curve),O/L,0.69,SG-1528
Back Vertical Panels Join(below knee)-2,O/L,0.58,SG-1529
Back Vertical Panels Join(abv knee)-2,O/L,0.41,SG-1529
BACK VERTICAL PANELS SECURE(UPTO KNEE)-2*2,O/L,0.54,SG-0331
BACK YOKE ATT. (O/L),O/L,0.356,SG-1531
Back Yoke Att. (O/L),O/L,0.356,SG-1531
BACK YOKE ATT. (O/L) Curved,O/L,0.4464285714285715,SG-1531
BACK YOKE ATT. (O/L) Curved with Welt Pocket Bag Handling-1,O/L,0.45,SG-1531
BACK YOKE ATT. (O/L) Curved with Welt Pocket Bag Handling-2,O/L,0.5,SG-1531
Back Yoke Att. (O/L) Curved,O/L,0.38,SG-1531
BACK YOKE ATT. (O/L) Curved & Cotral Fabric,O/L,0.5,SG-1531
BACK YOKE ATT. (O/L) Curved Low RPM,O/L,0.51,SG-1531
Back Yoke Att. (O/L) Padded Heavy Fabric,O/L,0.5,SG-1531
BACK YOKE ATT. (O/L) Panel Handling,O/L,0.35,SG-1531
Back Yoke Attach With Patch-2,O/L,0.47,SG-1531
Back Yoke Attach(with cinch loop)-2,O/L,0.47,SG-1531
Back Yoke Attach(yoke Pocket 1side)-2,O/L,0.41,SG-1531
Back Yoke Attach 2nd-O/L,O/L,0.36,SG-1531
Back Yoke Attach 2nd-O/L Curved,O/L,0.38,SG-1531
Back Yoke Attach O/L-1,O/L,0.18,SG-1531
Back Yoke Attach-O/L-(2 joints Match),O/L,0.43,SG-1531
Back Yoke Edge Secure(After Attach)-2,O/L,0.3,SG-0331
Back Yoke Edge Secure-1(after join),O/L,0.16,SG-0331
Back Yoke Edge Secure-2(after attach),O/L,0.26,SG-0331
Front Patch Side Overlock-2*2,O/L,0.52,SG-3273
Neck Strip Edge Stitch-1,O/L,0.21,SG-1543
Side Fly O/L After Attach-2,O/L,0.216,SG-1544
Back Pocket Attach With Top (Auto),Pocket Setter,0.701,SG-1545
Back Panel Press for hip stitch-2,Press,0.7,SG-0441
Back Bib Box Stitch-1 4Sides Square,Snls,1.1,SG-9135
Back Bib Box Top Stitch -1 4Sides Square,Snls,0.82,SG-9135
Back Bottom Frill Attach With Panel,Snls,0.63,SG-9033
Back Bottom Inner Patch Attach-2,Snls,0.36,SG-9035
Back Bottom Patch Top 2sides-2,Snls,0.44,SG-1615
Back Box Pleat Make-Vertical(skirt)-4,Snls,0.75,SG-1618
Back Box Pleat Stay Stitch-4,Snls,0.3571428571428572,SG-0444
Back Box Pleat Stay Stitch-8,Snls,0.85,SG-0444
Back Btm Penal Attach-2 (Streight),Snls,0.38,SG-1554
Back Busted Panels Join SN Inner,Snls,0.17,SG-1555
Back Busted Panels Join SN-2 JKT,Snls,0.5,SG-1556
Back Button Fly Attach(neck opening),Snls,0.27,SG-1557
BACK CARGO POCKET ATTACH-2,Snls,1.2,SG-1558
Back CARGO POCKET ATTACH-1,Snls,0.52,SG-1558
Back Dart Make-2 (01~15cm),Snls,0.335,SG-1559
Back Dart Make-2*2,Snls,0.61,SG-1559
Back Dart Make-2(16~25cm),Snls,0.45,SG-1559
Back Dart Make-2*2(16~25cm),Snls,0.8,SG-1559
Back Dart Make-2(15~40cm),Snls,0.54,SG-1559
Back Dart Make-2(21~25cm),Snls,0.46,SG-1559
Back Dart Make-2(31~35cm),Snls,0.65,SG-1559
BACK DART MAKE-2(16~20CM),Snls,0.3571428571428572,SG-1559
Back Dart Make-2(36~40cm),Snls,0.73,SG-1559
Back Dart Make-2(41~50cm),Snls,1.2,SG-1559
BACK DART MAKE - 3*3,Snls,0.812,SG-1559
Back Dart Make-3(21~25cm),Snls,0.4821428571428572,SG-1559
Back Dart Make Direct Top Stitch-2(31~35cm) With Inner Stay Stitch-2,Snls,0.95,SG-0444
BACK DART 2ND TOP STITCH-2(16~20CM),Snls,0.31,SG-1561
Back Dart 2nd Top Stitch-2,Snls,0.247,SG-1561
Back Dart Stay Stitch-2,Snls,0.2142857142857143,SG-0444
Back Dart Stay Stitch-2,Snls,0.2142857142857143,SG-0444
Back Dart Stay Stitch-2*2,Snls,0.3571428571428572,SG-0444
Back Dart Top(V-Shape)-2*2,Snls,0.67,SG-1563
Back Dart Top(V-Shape)-2,Snls,0.39,SG-1563
BACK DART TOP -3*3,Snls,0.657,SG-1563
Back Dart Top Stitch - 2,Snls,0.247,SG-1564
Back Dart Top Stitch-2*2,Snls,0.49,SG-1564
Back Dart Top Stitch-2(16~25cm),Snls,0.35,SG-1564
Back Dart Top Stitch-2*2(16~25cm),Snls,0.71,SG-1564
Back Dart Top Stitch-2(26~30cm),Snls,0.46,SG-1564
Back Dart Top Stitch-2(21~25cm),Snls,0.39,SG-1564
Back Dart Top Stitch-2(31~35cm),Snls,0.54,SG-1564
Back Dart Top Stitch-2(36~40cm),Snls,0.61,SG-1564
Back Dart Top Stitch-2(41~50cm),Snls,0.95,SG-1564
Back Dart Top Stitch(box form)- 2*2,Snls,0.72,SG-1564
Back Dart Top Stitch - 2*2 (2nd),Snls,0.491,SG-1564
Back Dart Top Stitch-3(21~26cm),Snls,0.3750000000000001,SG-1564
Back Dart Top Stitch - 2 4 Ply Thread,Snls,0.3,SG-1561
Back Deco 2nd Stitch-2 SN (Streight),Snls,0.232,SG-9136
Back Fake Gusset Deco Stitch SN-1,Snls,0.4,SG-9136
Back Flap Attach-2,Snls,0.382,SG-1132
Back Flap attach- 1,Snls,0.196,SG-1132
Back Flap Corner Stay stitch 2 x 2,Snls,0.409,SG-0444
Back Flap Top Stitch SN (After attach),Snls,0.301,SG-2994
Back Flap Top Stitch SN-1(After attach),Snls,0.17,SG-2994
BACK GUSSET ATTACH(PREPRESSED)S/N-2,Snls,0.88,SG-1571
Back Gusset Patch Att(prepressed)S/N-2,Snls,0.88,SG-1572
Back Half Moon Patch Attach (Pre-Pressed)-1,Snls,0.5357142857142857,SG-1573
Back Half Moon Patch Attach (Pre-Pressed)-1 Quilting Fabric,Snls,0.95,SG-1574
Back Inner Pocket Attach-2(Mitered SN),Snls,0.896,SG-1575
Back Inner Pocket Attach-1(Mitered),Snls,0.452,SG-1575
Back Inner Pocket Bottom Top Stitch-2,Snls,0.4,SG-1672
Back Inner Pocket Top-1(Mitered),Snls,0.31,SG-1659
Back Left Fly Attach(neck opening),Snls,0.18,SG-9137
Back Left Fly Edge Stitch(neck opening),Snls,0.16,SG-9138
Back Lining Stay Stitch(All Around-4 Sided),Snls,1.01,SG-0444
Back Lining yoke stay stitch,Snls,0.265,SG-0444
Back Panel Bottom Piping Attach-2,Snls,0.61,SG-9060
Back Panel Bottom Piping Tacking-2,Snls,0.49,SG-9061
Back Panel Deco Stitch-1,Snls,0.17,SG-1584
Back Panel Deco Stitch-1 (Lengthy),Snls,0.18,SG-1584
Back Panel Deco Stitch-2 SN,Snls,0.282,SG-9136
Back Panel Join-1,Snls,0.23,SG-1586
Back Panel Join Stay stitch(Vent Side)-1,Snls,0.17,SG-0444
Back Panel Joint Stay Stitch-2*2,Snls,0.37,SG-0444
BACK PANEL JOINT TOP STITCH-2,Snls,0.32,SG-1589
Back Panel Pleat Make-2 (Pant-Top to Bot),Snls,0.771,SG-1590
Back Panel Pleat Make-2(Knee to Bottom),Snls,0.51,SG-1590
Back Panel Pleat Top st.-2 (Pant-Top to Bot),Snls,0.691,SG-9141
Back Panel Pleat Top Stitch-2(Knee to Bottom),Snls,0.45,SG-9141
Back Panel Show Stitch (Box)-2,Snls,0.65,SG-1593
Back Panel Stay Stitch-2*2,Snls,0.4285714285714286,SG-0444
Back Panel Stay Stitch-2*4,Snls,0.78,SG-0444
Back Panel Stay Stitch-2,Snls,0.22,SG-0444
Back Panel Strip Attach 4Side With Trim-1,Snls,0.42,SG-1595
Back Panel Tape Attach With Edge Fold-2,Snls,0.44,SG-1596
Back Panel Tape Tacking-2,Snls,0.2142857142857143,SG-1597
Back Panel Triangle Deco Stitch-1,Snls,0.27,SG-1598
Back Panel Triangle Deco Stitch-2,Snls,0.47,SG-1598
Back Panel Triangle Deco Stitch-2*2,Snls,0.84,SG-1598
Back Panel Zigzag Deco Stitch(mini)-1,Snls,0.27,SG-1584
Back Panels Busted Join-1 Short Top,Snls,0.16,SG-1600
Back Panels Busted Stay Stitch-1,Snls,0.1,SG-0444
Back Panels Edge Stitch For Lycra-4 Pant,Snls,0.8,SG-9142
Back Panels Edge Stitch For Lycra-2 Pant Outseam Only,Snls,0.44,SG-1603
Back Panels Edge Stitch For Lycra-2 Pant Outseam Only with Fold,Snls,0.54,SG-1603
Back Panels Edge Top Curved-2,Snls,0.75,SG-1604
Back Panels Hem for Vent Make-1,Snls,0.18,SG-1605
Back Panels Hem for Vent Make-1,Snls,0.34,SG-1605
BACK PANELS JOIN STAY STITCH -2,Snls,0.191,SG-0444
Back Panels Join Stay Stitch-2*2,Snls,0.39,SG-0444
Back Panels Piping Attach-2 Jacket,Snls,0.45,SG-1607
Back Panels Pleat Stay Stitch-2,Snls,0.22,SG-0444
Back Panels Stay Stitch For Chain Secure-2,Snls,0.21,SG-0444
Back Panels Top Stitch-2,Snls,0.32,SG-1610
Back Panels Vent Make D/F-2 SN,Snls,0.65,SG-1611
Back Patch Attach At Panel With Top Stitch(4-SIDED)-2,Snls,0.92,SG-9143
Back Patch Attach-1 Heart shape Jkt,Snls,2.85,SG-1613
Back Patch Attach 2sides-2,Snls,0.52,SG-1614
Back Patch Attach 2sides-5,Snls,1.45,SG-1614
Back Patch Top 2-Sides-2,Snls,0.35,SG-1615
Back Patch Top 2sides-5,Snls,1.25,SG-1615
Back Patch Top Stitch After Attach 6Sides-1,Snls,0.78,SG-1614
BACK PIPING FOLD & STAY STITCH-2*2,Snls,0.62,SG-0444
Back Pleat Make-2,Snls,0.338,SG-1618
Back Pleat Make(Vertical)-2,Snls,0.3571428571428572,SG-1618
Back Pleat Make-2,Snls,0.34,SG-1618
Back Pleat Make-1,Snls,0.17,SG-1618
Back Pleat Top Stitch-2,Snls,0.32,SG-9144
Back Pleat Top Stitch-2 SN,Snls,0.323,SG-9144
Back Pocket Att with 1 side Show st (Mitered),Snls,0.93,SG-1621
Back Pocket att.-2(Cut&Sew-4 Sides with Cut Mark),Snls,1.152,SG-1621
Back Pocket Att.-1(Cut&Sew-4 Sides with Cut Mark),Snls,0.58,SG-1621
Back Pocket Att.-All Around 5 Sided (Zip Pocket),Snls,1.18,SG-1621
Back Pocket Attach-2(Mitered SN),Snls,0.72,SG-1623
Back Pocket Attach-2 (3-sides) (After Hidden Att. 1Side),Snls,0.78,SG-1623
Back Pocket Attach-2(Mitered SN) With Label Insert-1,Snls,0.82,SG-1623
Back Pocket Attach-2(Mitered SN) With Pleats,Snls,0.82,SG-1623
Back Pocket Attach-2(Mitered SN) with Corner Stay Stitch-4,Snls,0.92,SG-0444
"Back Pocket Attach-2(2 Corners,1 side round)",Snls,0.9,SG-1623
Back Pocket Attach-2(Mitered SN) with Patch Insert-4,Snls,1.1,SG-1623
Back Pocket Attach-2(Mitered SN) with Patch Handling-4,Snls,0.98,SG-1623
Back Pocket Attach-2(Mitered SN) with Beads Tape Manage,Snls,0.86,SG-1623
Back Pocket Attach-2(Mitered SN) with Upper Notch & Large,Snls,0.86,SG-1623
Back Pocket Attach-2(Mitered SN) 11SPI,Snls,0.78,SG-1623
Back Pocket Attach-2 (5 Sided with join & up stitch),Snls,0.925,SG-1623
Back Pocket Attach with up st. (Curve -1Corner),Snls,0.77,SG-1623
Back Pocket attach with label,Snls,0.926,SG-1623
BACK Pocket ATTACH- (CURVE -1CORNER),Snls,0.952,SG-1623
Back Pocket Attach- (Curve -1 Corner),Snls,0.58,SG-1623
Back Pocket Attach(1Side Hidden)-2,Snls,0.3214285714285715,SG-1623
Back Pocket Attach(2Side Hidden With Cut)-2,Snls,0.79,SG-1623
Back Pocket Attach-1(mitered),Snls,0.44,SG-1623
Back Pocket Attach-2(Square SN),Snls,0.78,SG-1623
Back Pocket Attach-2(Mitered SN) with Inner Pocket,Snls,0.9,SG-1623
Back Pocket Attach(1triangle at corner)-2,Snls,1.03,SG-1623
Back Pocket Attach With L Shape Corner-2 (Mitered SN),Snls,0.85,SG-1623
Back Pocket Attach With Reinforcement Patch-2 (Mitered SN),Snls,0.98,SG-1623
Back Pocket Attach-2(Mitered SN) With Deco Stitch,Snls,0.953,SG-1623
Back Pocket Attach-2 (5 Sided),Snls,1.160714285714286,SG-1623
Back Pocket Attach-1 (5Sides- 4 corner),Snls,0.42,SG-1623
Back Pocket Attach-1(Sqaure),Snls,0.44,SG-1623
Back Pocket Attach-4(Mitered SN),Snls,1.44,SG-1623
Back Pocket Attach-2(Mitered SN) with Inside Pocket Attach 1side,Snls,1.3,SG-1623
Back Pocket Attach-2(Mitered SN) After Side Seam,Snls,0.86,SG-1623
Back Pocket Attach-4(Mitered SN) Below Panel Handling,Snls,1.44,SG-1623
Back Pocket Attach-2(Mitered SN) Curve-2*2,Snls,0.88,SG-1623
Back Pocket Attach-2(Mitered SN) Curve-2*2 & Pleats,Snls,0.93,SG-1623
Back Pocket Attach-2 Curve 2Side-1Crnr,Snls,1.4,SG-1623
Back Pocket Attach-2(Mitered SN) Dart Joint Match,Snls,0.98,SG-1623
Back Pocket Attach (4 Sided)- Fashion,Snls,0.96,SG-1623
Back Pocket attach Hidden-2 (1-side),Snls,0.5,SG-1623
"Back Pocket attach Hidden-1 (2 Sides,1 Corner) SN",Snls,0.31,SG-1623
Back Pocket Attach-1(mitered) 2ND,Snls,0.42,SG-1623
Back Pocket Attach-2(Mitered SN) Patch Handling,Snls,1.05,SG-1623
Back Pocket Attach 1 Side-2,Snls,0.48,SG-1623
Back Pocket Attach 1 Side-1,Snls,0.24,SG-1623
Back Pocket Attach 1 Side-1 Afterwash,Snls,0.36,SG-1623
Back Pocket Attach 1 Side Hidden,Snls,0.24,SG-1623
Back Pocket Attach 3Sided-1 (After Hidden 1Side),Snls,0.37,SG-1623
Back Pocket Attach-2(Mitered SN) 2 Sided Edge Handling,Snls,1.15,SG-1623
"Back Pocket attach-2 (2 Sides,1 Corner) SN",Snls,0.631,SG-1623
"Back Pocket attach-1 (3 Sides,2 Corner) SN",Snls,0.48,SG-1623
"Back Pocket attach-2 (2 Sides,1 Corner) SN-2nd",Snls,0.631,SG-1623
Back Pocket Attach Square-2 Workwear,Snls,0.78,SG-1623
Back Pocket Attach-2(Mitered SN) Star Joints,Snls,1.2,SG-1623
Back Pocket Attach-2(Mitered SN) Star Patch Handling,Snls,0.86,SG-1623
Back Pocket Attach Stay Stitch-2*2,Snls,0.38,SG-0444
Back Pocket Attach-2(Mitered SN) Workwear,Snls,0.86,SG-1623
Back Pocket Box Stitch-1,Snls,0.14,SG-1647
Back Pocket Btm 2 Side Inner st-2,Snls,0.76,SG-1648
Back Pocket Corner Deco Stitch(V-shape)-2*2,Snls,0.64,SG-1649
BACK POCKET CORNER DECO STITCH(STRAIGHT)-2*2,Snls,0.48,SG-1649
Back Pocket Corner Deco Stitch-2(2sides),Snls,0.34,SG-1649
Back Pocket Corner Deco Stitch(V-Shape)-2*1,Snls,0.385,SG-1649
Back Pocket Corner Hidden stitch-1,Snls,0.18,SG-1650
Back pocket Corner Hidden stitch-2,Snls,0.34,SG-1650
Back Pocket Corner Stay Stitch-2*2,Snls,0.39,SG-0444
Back Pocket Corner Top Stitch-2,Snls,0.18,SG-1652
Back Pocket Corner Top Stitch-4,Snls,0.32,SG-1652
Back Pocket Deco Stitch (Allong Pocket edge) 2 sides,Snls,0.72,SG-9146
Back Pocket deco top-2*2,Snls,0.632,SG-1659
Back Pocket Inner patch attach straight-2,Snls,0.364,SG-1575
Back Pocket Inner Patch Top Stitch 4Sides-2,Snls,0.58,SG-1615
Back Pocket Loop Stay Stitch-2,Snls,0.2142857142857143,SG-0444
Back Pocket 2nd Top Stitch-(Even Gauge),Snls,0.58,SG-9141
"Back Pocket 2nd Top Stitch(2 Sides, 1 Corner)-2 Narrow Gauge",Snls,0.5714285714285714,SG-1659
Back Pocket Stay Stitch 1 Side-1,Snls,0.14,SG-0444
Back Pocket Top-1(mitered),Snls,0.31,SG-1661
Back Pocket Top (L-Shapes Corners)-2,Snls,0.74,SG-1661
Back Pocket Top-2*2(Even Gauge),Snls,0.4285714285714286,SG-1661
Back Pocket Top-2*2(Uneven Gauge),Snls,0.4285714285714286,SG-1661
Back Pocket Top (L-Shapes Corners)-2,Snls,0.74,SG-1661
BACK POCKET TOP DECO CURVE STITCH-2,Snls,0.512,SG-9148
BACK POCKET TOP DECO CURVE STITCH 2ND- 2,Snls,0.501,SG-9148
Back Pocket Top Deco Stitch-2 SN (curve),Snls,0.521,SG-9146
Back Pocket Top Even Gauge 3sides-2 Curve Corners-2*2,Snls,0.55,SG-1659
Back Pocket Top Mitered(1triangle at corner)-2,Snls,0.72,SG-1666
Back Pocket Top Mitered(3triangle at corner)-2,Snls,0.86,SG-1666
Back Pocket Top 1Side-2,Snls,0.31,SG-1667
Back Pocket Top 1Side-1 With Corner,Snls,0.19,SG-1667
Back Pocket Top 1Side-1 With Corner Afterwash,Snls,0.25,SG-1667
Back Pocket Top St. with up st. (Curve - 1 Corner),Snls,0.532,SG-1668
Back Pocket top st. with 1 side Show st(Curve-1 corner),Snls,0.67,SG-1668
Back Pocket Top st.-All Around 5 Sided (Zip Pocket),Snls,0.954,SG-1659
Back Pocket Top St Even Gauge (Curve - 1 Corner),Snls,0.3928571428571429,SG-1659
Back Pocket Top St. (4 Sided) - Fashion,Snls,0.689,SG-9149
Back Pocket Top Stitch-(Mitered SN),Snls,0.6428571428571429,SG-1672
Back Pocket Top Stitch-2 (5 Sided with up st.),Snls,0.712,SG-1672
Back Pocket Top Stitch- 2 (4 Sides of Cut & Sew Pocket),Snls,0.8,SG-1672
Back Pocket Top Stitch-2 (2 Sides Straight),Snls,0.48,SG-1672
Back Pocket Top Stitch-(Even Gauge),Snls,0.5,SG-1672
Back Pocket Top Stitch-(Even Gauge) with Bottom Box,Snls,0.75,SG-1672
Back Pocket Top Stitch-(Even Gauge) with Upper Notch & Large,Snls,0.85,SG-1672
Back Pocket Top Stitch-(Uneven Gauge),Snls,0.55,SG-1672
"Back Pocket Top Stitch-2 (2Sides,1Corner)",Snls,0.35,SG-1672
Back Pocket Top Stitch(1triangle at corner)-2,Snls,0.72,SG-1672
Back Pocket Top Stitch(3triangle at corner)-2,Snls,0.89,SG-1672
Back Pocket Top Stitch(fashion)-2,Snls,0.77,SG-1672
Back Pocket Top Stitch-1(Even Gauge),Snls,0.3214285714285715,SG-1672
Back Pocket Top Stitch-1(Uneven Gauge),Snls,0.35,SG-1672
Back Pocket Top Stitch(2 triangles at corner)-2,Snls,0.8,SG-1672
Back Pocket Top Stitch With Reinforcement Patch-(NNG),Snls,0.66,SG-1672
Back Pocket Top Stitch with Reinforcement patch-(Uneven),Snls,0.71,SG-1672
Back Pocket Top Stitch-2 (5 Sided),Snls,0.712,SG-1672
Back Pocket Top Stitch-1 (5Sides- 4 corner),Snls,0.34,SG-1672
Back Pocket Top Stitch-4(Even Gauge),Snls,0.98,SG-1672
Back Pocket Top Stitch-(Even Gauge) After Side Seam,Snls,0.8,SG-1659
Back Pocket Top Stitch-4(Even Gauge) Below Panel Handling,Snls,0.98,SG-1659
Back Pocket Top Stitch-(Uneven Gauge) Bottom Round Corners,Snls,0.72,SG-1659
Back Pocket Top Stitch-(Even Gauge) Curve Corner Both Sides & Edge Handling,Snls,0.7,SG-1659
Back Pocket Top Stitch-1(Even Gauge) Curve Corner 1side,Snls,0.33,SG-9150
Back Pocket Top Stitch-(Even Gauge) Curve Corners-2*2,Snls,0.58,SG-9150
Back Pocket Top Stitch-(Uneven Gauge) Curve Corners & Bottom Round Corners,Snls,0.85,SG-1659
Back Pocket Top Stitch-2 Curve 2Side-1Crnr Narrow Curve Crnr-2,Snls,0.78,SG-1659
Back Pocket Top Stitch-(Even Gauge) Curve Sides-2*2,Snls,0.58,SG-1681
Back Pocket Top Stitch-(Uneven Gauge) Curve Sides-2*2,Snls,0.65,SG-1681
Back Pocket Top Stitch-(Even Gauge) Curve Sides & Corners-2*2 Narrow Guage,Snls,0.7,SG-9151
Back Pocket Top Stitch-(Even Gauge) Curve Sides-2*2 Narrow Guage,Snls,0.62,SG-9151
Back Pocket Top Stitch-(Uneven Gauge) Curver Corners-2*2,Snls,0.65,SG-9150
Back Pocket Top Stitch-(Even Gauge) Narrow With Deco Stitch,Snls,0.752,SG-1685
Back Pocket Top Stitch-(Even Gauge) Narrow,Snls,0.652,SG-1685
Back Pocket Top Stitch-(Even Gauge) Narrow Guage,Snls,0.56,SG-1686
Back Pocket Top Stitch-(Uneven Gauge) Narrow Guage,Snls,0.65,SG-1686
"Back Pocket Top Stitch-2 (2Sides,1Corner)-2nd",Snls,0.46,SG-9141
Back Pocket Top Stitch-(Even Gauge) Patch Handling,Snls,0.65,SG-1688
Back Pocket Top Stitch-(Uneven Gauge) Patch Handling,Snls,0.55,SG-1688
Back Pocket Top Stitch-2 Round,Snls,0.63,SG-1659
Back Pocket Top Stitch 3Side-1,Snls,0.28,SG-1659
"Back Pocket Top Stitch-(Uneven Gauge) 2side Corners,1side round",Snls,0.65,SG-1659
"Back Pocket Top Stitch-(Even Gauge) 2side Corners,1side Round & Curve Corners-2*2",Snls,0.71,SG-1659
"Back Pocket Top Stitch-(Uneven Gauge) 2side Corners,1side round Patch Handling",Snls,0.68,SG-1659
Back Pocket Top Stitch 3Side-1 Curve Corner 1side With Corner,Snls,0.33,SG-9150
"Back Pocket Top Stitch-2 (2 Sides, 1 corner) SN",Snls,0.418,SG-1695
"Back Pocket Top Stitch-1 (3 Sides, 2 corner) SN",Snls,0.38,SG-1695
Back Pocket Top Stitch-(Uneven Gauge) Star Joints,Snls,0.85,SG-1659
Back Pocket Top Stitch-(Even Gauge) Star Patch Handling,Snls,0.8,SG-1659
Back Pocket Top Stitch-(Even Gauge) Workwear,Snls,0.6,SG-1698
Back Pocket Top Stitch-(Uneven Gauge) Workwear,Snls,0.65,SG-1698
Back Pocket Zip att- Up & sides -2,Snls,0.56,SG-1621
Back Pockets Attach Top Side-SN-2,Snls,0.42,SG-1700
Back Pockets inner patch stay stitch -2 (2 Corner),Snls,0.18,SG-0444
Back Pockt Inner Patch Att 4sides-2,Snls,0.67,SG-1702
Back Right Fly Edge Stitch(neck opening),Snls,0.22,SG-1703
Back Rise Join Busted,Snls,0.32,SG-1704
Back Rise Join Busted with Front Rise,Snls,0.38,SG-1704
Back Rise Join Busted,Snls,0.46,SG-1704
Back Rise Join Stay Stitch(For Slit Make)-1,Snls,0.26,SG-0444
Back Rise Top Fashion-SN(Skirt),Snls,0.42,SG-1706
Back Sandwich Patch Attach Stay Stitch Water thread,Snls,1.25,SG-0444
Back Sandwich Patches Attach 6Sides-2 Inner & Outer,Snls,2.5,SG-1708
Back Seam Attach- SN Fake Fell,Snls,0.75,SG-1709
Back Seam Piping Attach-1,Snls,0.3,SG-1710
Back Seam Safety Stitch- SN,Snls,0.288,SG-1711
Back Side Dart Make & Patch Attach(inner side),Snls,0.69,SG-1559
Back Side Loop Attach Pre-Pressed 2side-1 L-shape,Snls,0.72,SG-1713
Back Side Panels Pleat Make-2,Snls,0.304,SG-1618
Back Side Patch att-2 (2 Sides of pre prsd Rec. Ptc),Snls,0.471,SG-9071
Back Side Pleat Make(slanted)-2,Snls,0.41,SG-1618
Back Side Pleat Top(slanted)-2,Snls,0.36,SG-1717
Back Vent Deco J-Stitch-SN,Snls,0.24,SG-9136
BACK VENT ZIPPER ATTACH ALL AROUND(INNER STITCH)-1,Snls,0.75,SG-1719
Back Vent Zipper Top-1 AllAround After Attach,Snls,0.96,SG-1720
BACK VERTICAL PANELS Busted JOIN(UPTO KNEE)-2,Snls,0.44,SG-1721
"Back Yoke att external(curv,1cornr)",Snls,0.425,SG-1722
"Back Yoke att External(Curve,2cornr At Side)",Snls,0.5,SG-1722
"Back Yoke att internal(curv,1cornr)",Snls,0.403,SG-1723
Back Yoke att Safety st-2 SN (After 3th O/L Join),Snls,0.315,SG-1724
Back Yoke Att. SN (Uneven Seam Allow.),Snls,0.395,SG-9152
BACK YOKE ATT STRAIGHT(SANDWICH),Snls,0.4285714285714286,SG-1726
Back Yoke Attach(yoke Pocket 1side)-2,Snls,0.44,SG-1727
Back Yoke Attach With Corner-SN (Single Piece),Snls,0.49,SG-1727
BACK YOKE ATTACH SANDWICH(LINING & DENIM),Snls,0.48,SG-1727
Back Yoke Attach SN-1,Snls,0.35,SG-1729
Back Yoke Attach. SN (Uneven Seam Allow.),Snls,0.49,SG-1729
Back Yoke Attach-SN,Snls,0.36,SG-1729
Back Yoke Attach SN-2,Snls,0.41,SG-1729
Back Yoke Box Pleat Stay Stitch-2,Snls,0.25,SG-0444
Back Yoke Lining Attach 3Sided-2,Snls,0.58,SG-1727
Back Yoke Lining Stay Stitch 4side Jacket,Snls,0.41,SG-0444
Back Yoke Lining stay stitch to Yoke,Snls,0.26,SG-0444
Back Yoke 2nd Top Stitch (SNLS),Snls,0.356,SG-9154
Back Yoke 2nd Top(fashion)SN,Snls,0.45,SG-1735
Back Yoke Patch Side Stay Stitch-2*2,Snls,0.45,SG-0444
Back Yoke Piping Attach-2,Snls,0.36,SG-1727
BACK YOKE PLEAT MAKE -1(HORIZONTAL),Snls,0.368,SG-1618
Back Yoke 3rd Top Stitch (SNLS),Snls,0.376,SG-9154
Back Yoke Stay Stitch(Top & Sides),Snls,0.42,SG-0444
Back Yoke Stay Stitch(Top & Neck Curve),Snls,0.42,SG-0444
Back Yoke Stay stitch upper side,Snls,0.26,SG-0444
Back Yoke Top-SN,Snls,0.34,SG-1742
Back Yoke Top-SN,Snls,0.42,SG-1742
Back Yoke Top St - (SNLS),Snls,0.356,SG-9154
"Back Yoke Top Stitch(Curve,2triangle at Corner)",Snls,0.5,SG-9154
Bak Yoke Attach-SN(Curve & Darts),Snls,0.59,SG-9152
Bottom Band Attach-2,Snls,1.4,SG-1746
Bottom Band Close(Prepressed)-2,Snls,1.7,SG-0483
Bottom Hem Stay Stitch-4,Snls,0.5,SG-0444
Bottom Hem Stay Stitch-8,Snls,0.65,SG-0444
Bottom Hem Stay Stitch With Single Fold-8,Snls,1.25,SG-0444
Dart Make At Back Panel-1,Snls,0.17,SG-1559
Dart Stay Stitch At Back Panel-1,Snls,0.1071428571428572,SG-0444
Dart Top At Back Panel-1,Snls,0.16,SG-1563
Facing Pleat Stay Stitch-2,Snls,0.2,SG-0444
Flap Corner Tacking(after attach)-1*1,Snls,0.19,SG-0677
Fly Attach & Edge Stitch-2,Snls,0.5,SG-1754
Fly Edge Top with Panel after zip attach,Snls,0.72,SG-9300
Front & Back Bib Attach & Edge Stitch To Waistband water thread,Snls,3.5,SG-0460
Front & Back Bib Attach To Waistband water thread,Snls,3.5,SG-0460
Front Pocket Top Stitch-2 After Complete Pc,Snls,0.85,SG-3504
Front Pocket Top Stitch-2 Round After Front Rise Join,Snls,0.85,SG-3504
Hanger Loop Att Without Tracing-1,Snls,0.1785714285714286,SG-1760
Hanger Loop Attach-1,Snls,0.1785714285714286,SG-1761
Hanger Loop Attach,Snls,0.1785714285714286,SG-1761
Inner Moon Patch Stay Stitch With Neck,Snls,0.38,SG-0444
Linning Patch Attach 4sides-2 Without Press,Snls,0.74,SG-1763
Loop Reinforcement Patch Tacking 2Sides-2 (Back),Snls,0.43,SG-9065
Neck Edge Stitch-SN Top Side,Snls,0.38,SG-1765
Patch Attach-1 (4sides),Snls,0.75,SG-9155
Patch attach at Back Panel (Flower Shape)-2 Assembly,Snls,2.25,SG-9067
Patch Attach At Panel(4-SIDED)-1,Snls,0.35,SG-9143
Patch Attach At Panel 4Sided-2 (Pre-Pressed),Snls,1.15,SG-9156
Patch Attach at Pocket-2(Mitered SN),Snls,0.65,SG-1770
Patches Attach 3sides-2,Snls,0.62,SG-9071
PIPING ATTACH TO VENT SEAM ALOWNC(ZIP INSERTD)-L & R,Snls,0.89,SG-1772
Reinforcement Patch Tacking-1,Snls,0.16,SG-9065
Reinforcement Patch Tacking Back-4,Snls,0.58,SG-9065
Side Fly Attach(Right Fly)-1,Snls,0.2142857142857143,SG-3077
Side Panel Stay Stitch For Hip Stitch-2,Snls,0.6071428571428572,SG-0444
"Side Pocket attach-1 (2 Sides,1 Corner) SN",Snls,0.37,SG-1777
"Side Pocket attach-1 (2 Sides,1 Corner) SN With Zipper Handling (Right Side)",Snls,0.48,SG-1777
"Side Pocket attach-1 (3 Sides,2 Corner) SN",Snls,0.37,SG-1777
Side Pocket Stay Stitch 2side at Lower Pocket-1 water thread,Snls,0.25,SG-0444
Side Pocket Stay Stitch 1 Side-1 2nd,Snls,0.14,SG-0444
"Side Pocket Top-1 (2 Sides,1 Corner) SN",Snls,0.28,SG-1780
"Side Pocket Top-1 (2 Sides,1 Corner) SN With Zipper Handling (Right Side)",Snls,0.38,SG-1780
"Side Pocket Top-1 (3 Sides,2 Corner) SN",Snls,0.28,SG-1780
Sleeve Box Pleat Stay Stitch-2*2,Snls,0.3571428571428572,SG-0444
Sleeve Pleat Stay Stitch-2,Snls,0.2142857142857143,SG-0444
Twill Tape Tacking With Fold-2,Snls,0.2142857142857143,SG-1783
Welt Pocket Edge Stitch (Bottom) Hidden-2,Snls,0.62,SG-1784
Welt Pocket Edge Stitch (Bottom) Hidden-1,Snls,0.28,SG-1784
Welt Pocket Edge Stitch (Top) Hidden-2,Snls,0.61,SG-1784
Welt Pocket Edge Stitch (Bottom) Hidden-2 For Manual Bone,Snls,0.62,SG-1785
Welt Pocket Edge Stitch (Top) Hidden-2 For Manual Bone,Snls,0.62,SG-1785
Welt Pocket Edge Stitch (Bottom) Hidden-1 For Manul Bone,Snls,0.32,SG-1784
Welt Pocket Stitch (Bottom) Hidden-2 For Manual Bone,Snls,0.62,SG-1787
Welt Pocket Stitch (Top) Hidden-2 For Manual Bone,Snls,0.62,SG-1787
Yoke edge Stitch-1side-2 For Lycra,Snls,0.4,SG-1788
Yoke Patch Attach 3sides-1 (Large),Snls,0.62,SG-9159
Zipper Attach Stay Stitch-1,Snls,0.18,SG-0444
Zipper Bottom Stay Stitch After Attach-1,Snls,0.22,SG-0444
Zipper Top after attach 3-Side-1 (1 Shot),Snls,1.1,SG-9161
Zipper Top after attach 3-Side-1 (1 Shot) Long,Snls,1.25,SG-9161
Back Box Pleat Press(skirt)-4,Steam Press,0.3928571428571429,SG-0441
Back Btm Hem Press Skirt(Round Corners)-1*1,Steam Press,0.28,SG-0441
Back Btm Patch Press-2 (Straight-Single Fold),Steam Press,0.199,SG-0441
BACK GUSSET PRESS-2(ROUND),Steam Press,0.45,SG-0441
Back Half Moon Patch Press-1,Steam Press,0.45,SG-0441
Back Half Moon Patch Press-1 Quilting Fabric,Steam Press,0.6,SG-0441
Back Panel Dart Press-2,Steam Press,0.23,SG-0441
Back Patch Press-1 Heart shape Jkt,Steam Press,0.85,SG-0441
Back Patch Press 2-Sides-2,Steam Press,0.28,SG-0441
Back Pocket Press-1 (Square),Steam Press,0.18,SG-0441
Back Rise Busted Press,Steam Press,0.19,SG-0440
Back slit Hem Press D/F-2,Steam Press,0.32,SG-0441
Back slit Hem Press D/F-1,Steam Press,0.16,SG-0441
BACK VERTICAL PANELS Busted JOIN PRESS(UPTO KNEE)-2,Steam Press,0.19,SG-0440
Back Yoke & Pleat join Press,Steam Press,0.264,SG-0441
Back Yoke press(sandwich),Steam Press,0.278,SG-0441
BACK YOKE PRESS(SANDWICH)-2,Steam Press,0.25,SG-0441
Side Pocket Press-1 (Square),Steam Press,0.18,SG-0441
Back Panels Hem-TNCS(Outseam Side-30cm)-2,Tncs,0.4,SG-1810
Back Box Pleat Top(skirt) TN-4,Tnls,0.63,SG-1811
Back Btm Hem Skirt(Round Corners)-1*1 TN,Tnls,0.53,SG-1812
Back Dart Top Stitch - 2,Tnls,0.35,SG-4076
Back Dart Top Stitch-2(36~40cm),Tnls,0.66,SG-4076
Back Dart Top Stitch TN-2(16~25cm),Tnls,0.37,SG-1814
Back Deco Stitch-2 TN (Streight),Tnls,0.246,SG-3750
Back Deco Stitch-1 TN (Straight),Tnls,0.16,SG-3750
Back Fake Gusset Deco Stitch TN-2,Tnls,0.83,SG-1816
Back Flap Attach- 1 TN,Tnls,0.22,SG-1132
Back Flap Attach TN(1shot)- 2,Tnls,0.44,SG-1132
Back Flap Top Stitch TN- 1 (After attach),Tnls,0.164,SG-2994
Back Gallace Inner Sides Hem With Folder-2 (Manual Trim) TN,Tnls,0.61,SG-9163
Back Gallace Outer Sides Hem With Folder-2 (Manual Trim) TN,Tnls,0.81,SG-9163
Back Gusset Attach(prepressed)TN-2,Tnls,0.91,SG-1821
BACK LEFT GALLACE & BIB HEM-TNLS (FOLDER),Tnls,0.69,SG-9164
Back Panel Deco Stitch TN-2(knee to bottom),Tnls,0.54,SG-1823
Back Panel Top stitch below Zip-1 TN (Straight),Tnls,0.41,SG-1824
Back Panels Busted Top TN-2,Tnls,0.59,SG-1825
Back Panels Busted Top TN-1 Short Top,Tnls,0.18,SG-1826
Back Panels Edge Top Curved TN-2,Tnls,0.75,SG-1827
Back Panels Hem for Vent Make-1,Tnls,0.2,SG-1828
Back Panels Hem(Bottom Vent Make)TN-2,Tnls,0.4,SG-1829
Back Panels Top-1 TN,Tnls,0.21,SG-1830
Back Panels Vent Stay Stitch TN-1,Tnls,0.16,SG-1831
Back Patch Attach TN-1 (3 Corners),Tnls,0.34,SG-9165
Back Pleat Top Stitch-1 TN,Tnls,0.16,SG-4076
Back Pleat Top Stitch-2 TN,Tnls,0.3214285714285715,SG-4076
Back Pocket Attach (Sides Only)- TN,Tnls,0.747,SG-1623
"Back Pocket attach-2 (2 Sides,1 Corner)TN",Tnls,0.78,SG-1623
Back Pocket Attach-2 (Mitered) TN,Tnls,1.12,SG-1623
BACK RIGHT GALLACE & BIB HEM-TNLS (FOLDER),Tnls,0.68,SG-9164
Back Rise Busted Top (TN),Tnls,0.38,SG-1836
Back Rise Join Fashion-TN(Skirt),Tnls,0.61,SG-1837
Back Seam Top Stitch-TN,Tnls,0.26,SG-1838
Back Side Loop Attach Pre-Pressed-1 TN,Tnls,0.1785714285714286,SG-1839
Back Side Loop Close-1 TN,Tnls,0.14,SG-1840
Back Side Loop Make-1 TN,Tnls,0.14,SG-4292
Back Side Loop Top Stitch-1 TN,Tnls,0.14,SG-1842
Back Side Panels Edge Top Stitch-2 TN,Tnls,0.61,SG-1843
Back Vent Deco J-Stitch-TN,Tnls,0.28,SG-1844
Back Vertical Panel Busted Top-2 TN(Upto knee),Tnls,0.44,SG-1845
Back Yoke Attach-2 Sides Curve,Tnls,0.586,SG-1846
Back Yoke Attach-4 Sides Curve,Tnls,0.986,SG-1846
Back Yoke Fashion Top Stitch-2 TN,Tnls,0.314,SG-1853
Back Yoke Patch Attach (Curve)-TN,Tnls,0.92,SG-9165
Back Yoke Top Stitch-TN,Tnls,0.38,SG-1853
Back Yoke Top Stitch-TN Pant Split & Curve,Tnls,0.85,SG-1853
Back Yoke Top Stitch-TN Quilting Fabric,Tnls,0.8,SG-1853
BACK YOKE TOP STRAIGHT(SANDWICH),Tnls,0.44,SG-1853
"Back Yoke top(curve,1corner)-TN",Tnls,0.425,SG-1853
Back Yoke Top TN-1,Tnls,0.21,SG-1853
Back Yoke Top-TN (Sandwich Pre Pressed),Tnls,0.38,SG-1853
Outseam Panel Strip Attach with Back Panel TN-2,Tnls,0.56,SG-9166
Side Panel Show Stitch (Box)-2,Tnls,0.76,SG-1855
TWILL TAPE ATTACH ON Back Busted PANEL -2,Tnls,0.49,SG-1856
Yoke Patch Edge Top Straight-1 TN,Tnls,0.44,SG-1857
Back Bib Box Tracing-1,Tracing Pattern,0.2,SG-1858
Back Box Pleat Tracing-2,Tracing Pattern,0.1785714285714286,SG-1859
Back Box Pleat Tracing-1,Tracing Pattern,0.1071428571428572,SG-1859
Back Dart With Welt Pocket Lining Attach Tracing-2*2,Tracing Pattern,0.45,SG-1860
Back Dart Complete Tracing-2,Tracing Pattern,0.42,SG-1861
Back Dart Complete Tracing-2,Tracing Pattern,0.42,SG-1861
Back Dart Tracing-2,Tracing Pattern,0.25,SG-1862
Back Dart Tracing-2*2,Tracing Pattern,0.3571428571428572,SG-1862
Back Dart Tracing-2,Tracing Pattern,0.32,SG-1862
Back Dart Tracing-2(31-35cm),Tracing Pattern,0.75,SG-1862
BACK DART TRACING - 3*3,Tracing Pattern,0.556,SG-1862
Back Dart Tracing-3,Tracing Pattern,0.3075,SG-1862
Back Dart Tracing-2(40~50cm),Tracing Pattern,0.45,SG-1862
Back Fake Gusset Deco Stitch Tracing-2,Tracing Pattern,0.44,SG-1863
Back Fake Gusset Deco Stitch Tracing-1,Tracing Pattern,0.24,SG-1863
Back Flap Attach Tracing-1,Tracing Pattern,0.14,SG-1221
Back Gusset Attach Tracing-2,Tracing Pattern,0.44,SG-1865
Back Moon Patch Attach Tracing,Tracing Pattern,0.1785714285714286,SG-9167
Back Panel Bottom Piping Attach Tracing-2,Tracing Pattern,0.1607142857142857,SG-9114
Back Panel Dart Top Tracing-2*2,Tracing Pattern,0.28,SG-1862
Back Panel Deco Stitch Tracing-1,Tracing Pattern,0.16,SG-1869
Back Panel Deco Stitch Tracing-2,Tracing Pattern,0.24,SG-1869
Back Panel Deco Stitch Tracing(knee to bottom)-2,Tracing Pattern,0.37,SG-1869
Back panel Deco Stitch Tracing (T Shape With Box Deco Tracing),Tracing Pattern,0.23,SG-1869
Back Panel Hem Tracing-2,Tracing Pattern,0.17,SG-1870
Back Panel Join Tracing-2,Tracing Pattern,0.1785714285714286,SG-9168
Back Panel Pleat Tracing -2 (Pant-Top to Bot),Tracing Pattern,0.509,SG-1872
Back Panel Pleat Tracing-2(Knee to Bottom),Tracing Pattern,0.35,SG-1872
Back Panel Tape Tacking Tracing-2,Tracing Pattern,0.17,SG-1873
Back Panel Tracing For Bottom Hem -3*2,Tracing Pattern,0.27,SG-1874
Back Panel Tracing For Bottom Hem -2*2,Tracing Pattern,0.24,SG-1874
Back Panel Tracing to attach Yoke,Tracing Pattern,0.24,SG-9167
Back Panels Vent Make Tracing-2,Tracing Pattern,0.1785714285714286,SG-1876
Back Patch Attach Tracing-2,Tracing Pattern,0.2142857142857143,SG-9167
Back Patch Join Tracing,Tracing Pattern,0.1,SG-1878
Back Pleat Make Tracing(Vertical)-2,Tracing Pattern,0.21,SG-1879
Back Pleat Make Tracing(Vertical)-4,Tracing Pattern,0.3571428571428572,SG-1879
Back Pleat Tracing-2,Tracing Pattern,0.248,SG-1880
Back Pleat Tracing-2,Tracing Pattern,0.25,SG-1880
Back Pleat Tracing-1,Tracing Pattern,0.125,SG-1880
Back Pocket & Flap Attach Tracing with Inner Patch (allaround)-2,Tracing Pattern,0.63,SG-9169
Back Pocket Allaround With Notches Tracing,Tracing Pattern,0.42,SG-1882
Back Pocket Att Tracing with (1 Deco Stitch At Corner),Tracing Pattern,0.25,SG-9170
BACK Pocket ATTACH & DECO STITCH TRACING,Tracing Pattern,0.392,SG-1890
BACK Pocket ATTACH & FLAP TRACING,Tracing Pattern,0.382,SG-9169
Back Pocket Attach Tracing-1,Tracing Pattern,0.18,SG-1886
Back Pocket Attach Tracing-2,Tracing Pattern,0.32,SG-1886
Back Pocket AttachTracing-4,Tracing Pattern,0.62,SG-1887
Back Pocket Deco Bartack Tracing-2,Tracing Pattern,0.18,SG-9171
BACK POCKET DECO CURVE STITCH Tracing-2,Tracing Pattern,0.221,SG-1890
Back Pocket Deco Stitch Tracing-1,Tracing Pattern,0.1,SG-1890
Back Pocket Deco Stitch Tracing-2,Tracing Pattern,0.1785714285714286,SG-1890
Back Pocket Deco Stitch Tracing-2 (curve),Tracing Pattern,0.2142857142857143,SG-1890
Back Pocket Deco Stitch Tracing-2 V-shape,Tracing Pattern,0.28,SG-1890
Back Pocket Patch attach Tracing-2,Tracing Pattern,0.25,SG-2178
Back Pocket Pleat Make Tracing-2*2,Tracing Pattern,0.2857142857142858,SG-9172
Back Pocket Top Stitch Tracing-2,Tracing Pattern,0.2,SG-1894
Back Pocket Top Stitch Tracing-2 with Box 1-sde,Tracing Pattern,0.25,SG-1894
Back Pocket Top Stitch Tracing-1,Tracing Pattern,0.125,SG-1894
Back Pocket Top Stitch Tracing Btm side-2,Tracing Pattern,0.25,SG-1894
Back Pocket Tracing-2(Top Side only),Tracing Pattern,0.289,SG-9170
Back Pocket wd btm corner & notches Tracing-2,Tracing Pattern,0.364,SG-9173
"Back Pocket wd btm corner,flap & notches Tracing-2",Tracing Pattern,0.4107142857142857,SG-9173
"Back Pocket wd btm corner,inner Pocket & notches Tracing-2",Tracing Pattern,0.3928571428571429,SG-1900
"Back Pocket wd btm corner, notches & Hip St Tracing-2",Tracing Pattern,0.38,SG-1900
"Back Pocket wd btm corner, notches & Hip St Tracing-2 with Side Loop & Pkt",Tracing Pattern,0.5357142857142857,SG-1900
"Back Pocket wd btm corner, notches & Hip St Tracing-2 with Box",Tracing Pattern,0.4,SG-1900
"Back Pocket wd btm corner, notches & Hip St Tracing-2 with W/B High Low",Tracing Pattern,0.55,SG-1900
"Back Pocket wd btm corner, notches & Hip St Tracing-2 with Side Loop",Tracing Pattern,0.42,SG-1900
"Back Pocket wd btm corner, notches & Hip St Tracing-2 with Side Pkt",Tracing Pattern,0.42,SG-1900
"Back Pocket wd btm corner, notches & Hip St Tracing-2 with Inner Pkt & Velcro",Tracing Pattern,0.48,SG-1900
"Back Pocket wd btm corner, notches & Hip St Tracing-2 with Side Panel Handling",Tracing Pattern,0.5,SG-1900
"Back Pocket wd btm corner, notches & Hip St Tracing-2 with Inner Pkt",Tracing Pattern,0.43,SG-1900
"Back Pocket wd btm corner, notches & Hip St Tracing-2 with Side Pockets-2",Tracing Pattern,0.43,SG-1900
"Back Pocket wd btm corner, notches & Hip St Tracing-1",Tracing Pattern,0.26,SG-1900
"Back Pocket wd btm corner, notches & Hip St Tracing-2 After Side Seam",Tracing Pattern,0.48,SG-1900
"Back Pocket wd btm corner, notches & Hip St Tracing-2 Allround",Tracing Pattern,0.45,SG-1900
"Back Pocket wd btm corner, notches & Hip St Tracing-2 Curved Yoke",Tracing Pattern,0.42,SG-1900
"Back Pocket wd btm corner, notches & Hip St Tracing-2 Large Pockets & upper Notch",Tracing Pattern,0.46,SG-1900
"BACK Pocket WD BTM CORNER,YOKE LABEL & NOTCHES Tracing-2",Tracing Pattern,0.3928571428571429,SG-9173
"BACK POCKETS TRACING(BOTTOM CORNER,NOTCHES,FLAP & SHOW ST",Tracing Pattern,0.56,SG-1906
Back Side Loop Tracing-1,Tracing Pattern,0.14,SG-9101
Back Side Panels Join Tracing,Tracing Pattern,0.2,SG-9168
Back Upper Pocket Attach Tracing-1,Tracing Pattern,0.12,SG-9174
Back Vent Deco J-Stitch Tracing,Tracing Pattern,0.14,SG-1910
"Back Welt Pocket Allingment, notches and Hip Stitch tracing",Tracing Pattern,0.38,SG-9175
"Back Welt Pocket Allingment, notches, Hip Stitch & Box tracing",Tracing Pattern,0.52,SG-9175
"Back Welt Pocket Close Tracing(Allaround, Notch &Box St)",Tracing Pattern,0.56,SG-9107
Back Yoke Attach Tracing (uneven seam allowance),Tracing Pattern,0.34,SG-9167
Back Yoke Bartack Tracing-2,Tracing Pattern,0.175,SG-9176
Back Yoke Patch Attach Tracing(fashion),Tracing Pattern,0.19,SG-9167
Back Yoke Patch Edge Top Tracing,Tracing Pattern,0.1785714285714286,SG-1921
Back Yoke Pleat make Tracing-1(Horizontal),Tracing Pattern,0.245,SG-1879
Back Yoke Strip attach Tracing-2,Tracing Pattern,0.1785714285714286,SG-9167
Back Yoke Top Stitch Tracing (2 Lines),Tracing Pattern,0.27,SG-1921
Back Yoke Top Tracing-2,Tracing Pattern,0.18,SG-1921
Back Yoke Top Tracing(fashion)-2,Tracing Pattern,0.29,SG-1921
Back Yoke Top Tracing(fashion)-2,Tracing Pattern,0.18,SG-1921
Back Yoke Tracing (For attach),Tracing Pattern,0.1964285714285715,SG-9176
Back Yoke Tracing (For attach) 2nd,Tracing Pattern,0.1964285714285715,SG-9176
Dart Tracing At Back Panel-1,Tracing Pattern,0.1428571428571429,SG-1862
Hanger Loop Att Tracing-1,Tracing Pattern,0.153,SG-9177
Panel Tracing For Outseam Joint Match,Tracing Pattern,0.1785714285714286,SG-1926
Panel Zip Attach Tracing-1,Tracing Pattern,0.18,SG-9178
Patch attach Tracing at Back Panel (Flower Shape)-2,Tracing Pattern,0.55,SG-9117
Patch (4-SIDED) Attach Tracing At Panel-1,Tracing Pattern,0.175,SG-9117
Patch Attach Tracing at Pocket-2,Tracing Pattern,0.4,SG-9179
Sleeve Panel Tracing for Vent-2,Tracing Pattern,0.1785714285714286,SG-9351
TRACING AT Back PANEL Busted SEAM FOR TAPE ATTACH -2,Tracing Pattern,0.18,SG-1932
Tracing at Back Panels For Join Match-1,Tracing Pattern,0.235,SG-1933
Tracing At Back Pocket.-2(Cut&Sew Pocket),Tracing Pattern,0.34,SG-1934
Tracing At Back Pocket.-1(Cut&Sew Pocket),Tracing Pattern,0.18,SG-1934
Tracing at Front Panels For Join Match-1,Tracing Pattern,0.225,SG-9120
Tracing at Leather Patch For Pocket Attach-1,Tracing Pattern,0.11,SG-9115
Tracing at Panel For Back Bottom Frill Attach,Tracing Pattern,0.2,SG-9103
Tracing at Panel For Back Seam Join(fashion),Tracing Pattern,0.2,SG-1938
Tracing At Pannel For Attach.-2(Cut&Sew Pocket),Tracing Pattern,0.46,SG-1939
Tracing At Pannel For Attach.-1(Cut&Sew Pocket),Tracing Pattern,0.23,SG-1939
Vent Make Tracing,Tracing Pattern,0.19,SG-1940
Welt Pocket Patch Tracing-2(Top Side only),Tracing Pattern,0.18,SG-9107
Back Panel Deco Stitch-1,Zig Zag,0.21,SG-1375
Back Pocket Mock-2 (Auto) 1 Curve St),Auto Mock,0.32,SG-1943
Back Pocket Mock Stitch (Busted Top) 2 Lines Fashion,Auto Mock,0.58,SG-1943
Back Pocket Mock Stitch -(Auto) 3 Stitches,Auto Mock,0.56,SG-1943
Mock at Back Pockets-2(1line fashion),Auto Mock,0.33,SG-1943
Mock at Back Pockets-2 auto(3lines straight),Auto Mock,0.4,SG-1943
Mock at Back Pockets-2 auto(2lines fashion),Auto Mock,0.47,SG-1943
Mock at Back Pockets-2 auto(3lines fashion),Auto Mock,0.58,SG-1943
Mock at Back Pockets-2 auto(4lines fashion),Auto Mock,0.7,SG-1943
Mock at Back Pockets-1 auto(2lines fashion),Auto Mock,0.25,SG-1943
Mock at Back Pockets-1 auto(3lines fashion),Auto Mock,0.31,SG-1943
Mock at Back Pockets-1 auto(4lines fashion),Auto Mock,0.37,SG-1943
Mock at Back Pockets-2 auto(1line fashion),Auto Mock,0.33,SG-1943
Mock at Back Pockets-2 auto(2lines straight),Auto Mock,0.32,SG-1943
Back Pocket Hem Inner Fuse-2,Auto Press,0.28,SG-0064
Back Pocket Hem Bartack-2,Bartack,0.16,SG-0066
Back Pocket Bartack-2 (Wide-Program),Close End,0.24,SG-0121
Back Pocket Button Hole-2,Eyelet Button Hole,0.26,SG-0124
Back Pocket Button Hole-1,Eyelet Button Hole,0.13,SG-0124
Back Pocket Button Hole-3,Eyelet Button Hole,0.33,SG-0124
Back Pocket Pleat Top FOA-2,Feed Off Arm,0.25,SG-1410
Back Pocket Corner Trim-2 (3 Corners),Nill,0.231,SG-1955
Back Pocket Corner Trim-1,Nill,0.1,SG-1955
Back Pocket Corner Turn-2,Nill,0.18,SG-9180
Back Pocket Corners Turn-2*2,Nill,0.27,SG-9180
Back Pocket Strip edge Trim -2 (Both Sides),Nill,0.28,SG-9181
Back Pocket Strip Trim (Round)-1,Nill,0.19,SG-9181
Back Pocket Strips Trim-2,Nill,0.18,SG-9181
Cut At Back Pocket-2,Nill,0.141,SG-1961
Cut At Back Pocket-1,Nill,0.07,SG-1961
Fusing Remove at Back Pocket Inside,Nill,0.3,SG-1962
Thread Trimming Back Pocket Busted Top-2,Nill,0.13,SG-9182
Trim Back Pocket Binding-2,Nill,0.16,SG-9181
Trim Back Pocket Cord-2,Nill,0.18,SG-9181
Back Inner Pocket Secure 2 Sides-2,O/L,0.26,SG-0331
Back Pocket Hem Sec-1,O/L,0.08,SG-1967
Back Pocket Hem Secure-2,O/L,0.152,SG-0331
Back Pocket Hem Secure-1,O/L,0.08,SG-0331
Back Pocket Hem Secure Curved-2,O/L,0.19,SG-0331
Back Pocket Hem Secure Inner 2,O/L,0.15,SG-0331
Back Pocket Hem Secure V-Shape-2,O/L,0.19,SG-0331
Back pocket inner patch sec 4sides-2,O/L,0.36,SG-9183
Back Pocket Join Secure(1 Corner)-1,O/L,0.14,SG-0331
BACK POCKET PANEL EDGE SECURE-1,O/L,0.08,SG-0331
Back Pocket Panel Join O/L-2 (V Shape at mid),O/L,0.32,SG-1975
Back Pocket Panel Overlock -1 (V Shape) After Join,O/L,0.18,SG-1976
Back Pocket Panel Secure V-Shape-2,O/L,0.19,SG-0331
Back Pocket Panels Edge Sec-2(After Join),O/L,0.18,SG-1978
Back Pocket Panels Edge Sec-2*2(After Join),O/L,0.33,SG-1978
Back Pocket Panels Edge Sec-2*2(After Join),O/L,0.34,SG-1978
"Back Pocket Panels Edge Secure-2(Curve,1Corner)",O/L,0.2,SG-0331
Back Pocket Panels Join-2,O/L,0.268,SG-1980
Back Pocket Panels Join(Straight)-1,O/L,0.15,SG-1980
Back Pocket Panels Secure-4 14SPI,O/L,0.2,SG-0331
Back Pocket Panels Secure-2*2(curved),O/L,0.3214285714285715,SG-0331
Back Pocket Panels Secure-2 14SPI,O/L,0.13,SG-0331
Back Pocket Secure Allaround-2,O/L,0.36,SG-0331
Back Pocket Secure 2 Sides-2,O/L,0.2142857142857143,SG-0331
Back Pocket Secure 3 Sides-2 2side Curve,O/L,0.34,SG-0331
Back Pocket Strip Edge Sec-2 (After Join),O/L,0.18,SG-1985
Back Pocket Strip Hem Secure-2,O/L,0.152,SG-0331
Back Pocket Uper Panel Overlock -2 (V Shape at mid),O/L,0.37,SG-1987
Back Yoke Strip Edge Overlock-2*2,O/L,0.302,SG-1531
Star Patch Overlock allround for Pocket-4,O/L,2.25,SG-1989
BACK Pocket PRESS-2(AUTO),Pocket Creasing,0.37,SG-1990
Back Pocket Hem (Auto)-2 (Auto Trim),Pocket Hemmer,0.11,SG-1991
Back Pocket Hem (Auto)-2 (Manual Trim),Pocket Hemmer,0.17,SG-1991
Back Pocket Hem (Auto)-1 (Auto Trim),Pocket Hemmer,0.06,SG-1991
Back Pocket Mock Stitch-(All around-Jig),Pocket Setter,0.5,SG-1545
Back Pocket Busted Join Bottle Press-2,Press,0.178,SG-0440
Back Pocket Busted Join Bottle Press-1,Press,0.09,SG-0440
Back Pocket Busted Top(Curved)-2*2,Saddle Stitch,0.58,SG-3294
Back Pocket Hem With Trim(S/F)-2,Saddle Stitch,0.31,SG-5269
Back Pocket Joint Top With Trim-2,Saddle Stitch,0.392,SG-5269
Back Pocket Attach-2 (Straight) Prepressed to Fashion Strip,Snls,0.44,SG-1623
Back Pocket Attach Round-2 Allround (Side Pocket Edge Handling 1Side),Snls,1.1,SG-1623
Back Pocket Binding Attach-2,Snls,0.25,SG-9184
BACK POCKET BOX PLEAT STAY STITCH-2*2,Snls,0.38,SG-0444
Back Pocket Cord Stay Stitch with Strip -4,Snls,0.32,SG-0444
Back Pocket Cord Strip Attach -2 (Sandwich),Snls,0.423,SG-9184
Back Pocket Cord Strip Make-2*2,Snls,0.42,SG-2003
Back Pocket Corner Make-2,Snls,0.26,SG-2004
Back Pocket Dart Make-2,Snls,0.2857142857142858,SG-2005
BACK POCKET DART MAKE-1,Snls,0.16,SG-2005
Back Pocket Dart Stay Stitch-2,Snls,0.22,SG-0444
Back Pocket Dart Top-2,Snls,0.26,SG-2007
Back Pocket Dart Top(V-Shape)-2,Snls,0.35,SG-2007
BACK POCKET DART TOP-1,Snls,0.14,SG-2007
Back Pocket Darts Make-2*2,Snls,0.56,SG-2008
Back Pocket Deco Stitch -2 (Curve),Snls,0.327,SG-2009
Back Pocket Deco Stitch-1(rectangle),Snls,0.31,SG-2009
Back Pocket Deco Stitch-2 (U Shape),Snls,0.402,SG-2009
Back Pocket Deco Stitch-2 (V Shape),Snls,0.42,SG-2009
Back Pocket Fashion Stitch,Snls,0.18,SG-9149
Back Pocket Fashion Strip Att 2-Sides- 2,Snls,0.53,SG-9185
Back Pocket Fashion Strips Att 3-Sides- 2,Snls,0.66,SG-9185
Back Pocket Hem-2 (Pre Pressed),Snls,0.19,SG-5269
Back Pocket Hem Inner Facing Attach-2,Snls,0.28,SG-4583
Back Pocket Hem 2nd S/F-2,Snls,0.1428571428571429,SG-5269
Back Pocket Hem 2nd S/F-2,Snls,0.1428571428571429,SG-5269
Back Pocket Hem 2nd Stitch With Cord,Snls,0.33,SG-5269
Back Pocket Hem 2nd Stitch-1,Snls,0.08928571428571429,SG-5269
Back Pocket Hem-S/F(Lining Insertion)-2,Snls,0.26,SG-5269
Back Pocket Hem-SN (Dbl Fold- Pre Pressed),Snls,0.235,SG-5269
Back Pocket Hem SN-1(single fold),Snls,0.07142857142857144,SG-5269
Back Pocket Hem-SN(D/F)-1,Snls,0.12,SG-5269
Back Pocket Hem (Single Fold-Pre Pressed)-2 SN,Snls,0.2142857142857143,SG-5269
Back Pocket Hem (Single Fold-without Pressed)-2 SN,Snls,0.26,SG-5269
Back Pocket Hem SN-Double St. (Pre Pressed),Snls,0.34,SG-5269
Back Pocket Hem Stitch 2*2 (Straight Fashion),Snls,0.442,SG-5269
BACK POCKET HEM STRIP ATT.-1 (STREIGHT),Snls,0.15,SG-5269
BACK POCKET HEM STRIP ATTACH(2-CORNER)WITH CUT,Snls,0.26,SG-5269
Back Pocket Hem ( S/F Prepressed) Strip Insert-2,Snls,0.26,SG-5269
Back Pocket Hem (Single Fold-Pre Pressed) V-Shape,Snls,0.48,SG-5269
Back Pocket Inner Lining Attach 1sides-2,Snls,0.503,SG-1575
Back Pocket Inner Lining Tacking-1,Snls,0.16,SG-2026
Back Pocket Inner Lining Tacking-2(2 SIDED),Snls,0.34,SG-2026
Back Pocket Inner Lining Tacking-2(4-Sided),Snls,0.446,SG-2026
Back Pocket Join Top With Leather Patch(1 Corner)-1,Snls,0.16,SG-9187
Back Pocket Joint 2nd Top-2(4sides),Snls,0.36,SG-9187
Back Pocket Joint Top-2(4sides),Snls,0.36,SG-9187
Back Pocket Leather (Inserted) Attach 2-sides-1,Snls,0.35,SG-9184
Back Pocket Leather Patch Att(1Corner)-1,Snls,0.22,SG-1621
Back Pocket Leather Strip Att With Deco Stitch-2,Snls,0.48,SG-2032
"Back Pocket Leather Strip Att(4side,5mm wide)-2",Snls,0.72,SG-2032
Back Pocket Leather(inserted)Attach 1 Side-2,Snls,0.48,SG-9188
Back Pocket Leather(inserted)Attach 2Sides-2,Snls,0.67,SG-9188
Back Pocket Mock Stitch (1 Curve)- Manual,Snls,0.368,SG-2035
BACK Pocket MOCK STITCH (ALL AROUND)- MANUAL-2,Snls,0.672,SG-2035
Back Pocket Panel Join Top With Stripe-2,Snls,0.34,SG-9187
Back Pocket Panels Attach With Crnr-2 Pre-Pressed,Snls,0.43,SG-9184
Back Pocket Panels Join-2(Round-Prepressed),Snls,0.45,SG-2038
"Back Pocket Panels Join With Cut-2(Curve,1Corner)",Snls,0.39,SG-2038
"Back Pocket Panels Join With Cut-2(Curve,1Corner) Cutting Manage",Snls,0.63,SG-2038
Back Pocket Panels Join(curved)-2,Snls,0.25,SG-2038
Back Pocket Panels Join-1,Snls,0.17,SG-2038
Back Pocket Panels Join(Curved)-2*2,Snls,0.62,SG-2038
Back Pocket Panels Join(Straight)-1,Snls,0.15,SG-2038
"Back Pocket Panels Join With Cut-1(Curve,1Corner)",Snls,0.22,SG-2038
Back Pocket Panels Join-2 SN,Snls,0.29,SG-2039
Back Pocket Panels Join-2 SN with Printing Follow,Snls,0.42,SG-2039
Back Pocket Panels Join-2*2 SN,Snls,0.53,SG-2039
Back Pocket Panels Top(Curved)-2,Snls,0.33,SG-2040
Back Pocket Panels Top With Crnr-2,Snls,0.35,SG-2040
Back Pocket Panels Top(2 Sided) -2,Snls,0.33,SG-2040
BACK Pocket PANELS TOP ST.-2 (SN STRAIGHT),Snls,0.23,SG-9141
Back Pocket Panels Top Stitch-2*2,Snls,0.44,SG-9141
Back Pocket Patch Attach-2(4sides),Snls,0.48,SG-2043
Back Pocket Patch Attach-2(2sides),Snls,0.44,SG-2043
Back Pocket Patch Attach-2(5sides-prepressed),Snls,0.52,SG-2043
Back Pocket Patch Attach-2(3sides),Snls,0.44,SG-2043
Back Pocket Patch Attach-2(4 sides-prepressed),Snls,0.49,SG-2043
Back Pocket Patch Attach-2 (Star Shape),Snls,1.6,SG-2043
Back Pocket Patch Attach-1 (Star Shape),Snls,0.8,SG-2043
Back Pocket Patch Top-2 (Star Shape),Snls,1.5,SG-2044
Back Pocket Patch Top-1 (Star Shape),Snls,0.75,SG-2044
Back Pocket Patch Zipper Attach-(Top stitch)-2,Snls,0.452,SG-2043
Back Pocket Piping Strip Make-2,Snls,0.22,SG-2046
Back Pocket Piping Strip Make with Cord-2,Snls,0.24,SG-2046
Back Pocket Piping Strip Make with Cord-2,Snls,0.26,SG-2046
Back Pocket Pleat Make-2,Snls,0.28,SG-2047
Back Pocket Pleat Make-2*2,Snls,0.4285714285714286,SG-2047
Back Pocket Pleat Make-1,Snls,0.14,SG-2047
BACK POCKET PLEAT MAKE-2*2,Snls,0.4285714285714286,SG-2047
BACK Pocket PLEAT MAKE WD CORD STRIP INSERT-2(PREPRESS),Snls,0.386,SG-2047
Back Pocket Pleat Top-2,Snls,0.2142857142857143,SG-2049
Back Pocket Pleat Top-1,Snls,0.12,SG-2049
Back pocket Pleat Top(U-shape)-2*2,Snls,0.74,SG-2049
Back Pocket Pleat Top Stitch-2*2,Snls,0.44,SG-9144
Back Pocket Side Pleat Stay Stitch-2 (Top & Bot),Snls,0.32,SG-0444
Back Pocket Stay Stitch with Pocket Lining(Allaround),Snls,0.56,SG-0444
BACK Pocket STAY STITCH WITH Pocket LINING(ALLAROUND)-1,Snls,0.34,SG-0444
Back Pocket Stress Seam Make-2,Snls,0.32,SG-2053
Back Pocket Strip Attach-2 (Straight),Snls,0.28,SG-2054
Back Pocket Strip Attach With Manual Pleat Fold 2Side-2 With Fashion Strip Trim,Snls,2.1,SG-2054
"Back Pocket Strip Attach -2 (2 Sided, Pre Pressed)",Snls,0.34,SG-2054
Back Pocket Strip Attach-2 (Straight) Prepressed to Fashion Strip,Snls,0.44,SG-9189
Back Pocket Strip Make Water Thread-2,Snls,0.35,SG-9190
Back Pocket Strips Attach(curved)-2,Snls,0.42,SG-9184
Back Pocket Tape Attach With Trim-1,Snls,0.21,SG-2058
Back Pocket Tape Attach With Trim-2,Snls,0.4,SG-2058
BACK POCKET TAPE TOP PREPRESS-2 (AFTER 1 SIDE ATTACHED),Snls,0.318,SG-1659
Back Pocket Tape(inserted)Attach 1 Side-2,Snls,0.36,SG-2060
Back Pocket Upr & Lwr Part Sty St.-2(all around),Snls,0.6,SG-2061
Back Pocket Upr & Lwr Part Sty St.-1(all around),Snls,0.28,SG-2061
Back Pocket Upr & Lwr Part Sty St.-1(all around)-2nd,Snls,0.28,SG-2061
Back Pocket Zipper Attach- (Top stitch)-2,Snls,0.452,SG-2063
Back Pocket Zipper Attach- (Inner stitch)-2,Snls,0.326,SG-2063
Back Pockets Deco Stitch-2 SN(1line straight),Snls,0.2142857142857143,SG-9146
Back Pockets Hem Leather Strip Attach wd Trim,Snls,0.3571428571428572,SG-2065
Back Upper Pocket Stay Stitch-2*2,Snls,0.39,SG-0444
Back Yoke Strip Stay Stitch-2*2,Snls,0.62,SG-0444
Back Zip Pocket Strip attach- 2,Snls,0.301,SG-9184
Mock At Back Pocket-1 Manual (1Line Fashion),Snls,0.19,SG-9191
Mock at Back Pocket-1 SN(1line straight),Snls,0.14,SG-9192
Mock at Back Pockets-2(2*2-line straight),Snls,0.52,SG-9192
Mock at Back Pockets-2 manual(2line Fashion),Snls,0.75,SG-9191
Mock at Back Pockets 2nd-2 manual(1line fashion),Snls,0.37,SG-9191
Mock at Back Pockets-2 SN(1line straight),Snls,0.27,SG-9192
Patch attach 2sided-10 For Star Pocket,Snls,2.75,SG-2075
Side Pocket Dart Stay Stitch-2*2,Snls,0.39,SG-0444
Side Pocket Dart Stay Stitch-2*2 2nd,Snls,0.39,SG-0444
Velcro Tape Attach Stay Stitch at Pocket-2 water thread,Snls,0.23,SG-0444
Zipper End Service Stitch-2x2,Snls,0.359,SG-9074
Back inner Pocket press btm side-2,Steam Press,0.19,SG-0441
Back Pocket Box Pleat Make-1,Steam Press,0.18,SG-0441
Back Pocket Box Pleat Press For Make-2,Steam Press,0.39,SG-0441
BACK POCKET BOX PLEAT PRESS For Make-2,Steam Press,0.39,SG-0441
Back Pocket Busted Join Press-2,Steam Press,0.178,SG-0440
Back Pocket Busted Join Press-1,Steam Press,0.09,SG-0440
Back Pocket Dart Press-2,Steam Press,0.18,SG-0441
Back Pocket Dart Press-2*2,Steam Press,0.23,SG-0441
BACK POCKET DART PRESS-1,Steam Press,0.09,SG-0441
Back Pocket Hem Patch Press(S/F)-2,Steam Press,0.18,SG-0441
BACK Pocket HEM PATCH PRESS CAP FORMED-2 (CURVED),Steam Press,0.45,SG-0441
Back Pocket Hem Patch Press Cap Formed-1(Straight),Steam Press,0.24,SG-0441
Back Pocket Hem Press-2 (Single fold),Steam Press,0.17,SG-0441
Back Pocket Hem Press-2 (Single fold) With Pleat,Steam Press,0.23,SG-0441
Back Pocket Hem Press-2 (Double Fold),Steam Press,0.42,SG-0441
Back Pocket Hem Press-1 (Single fold),Steam Press,0.09,SG-0441
BACK POCKET HEM PRESS-1 (DBLE FOLD),Steam Press,0.21,SG-0441
Back Pocket Hem Press With Corner-2,Steam Press,0.24,SG-0441
Back Pocket Hem Press-2 (Single fold) Curved,Steam Press,0.35,SG-0441
Back Pocket Hem Press Inner 2 (Single fold),Steam Press,0.17,SG-0441
Back Pocket Hem Press S/F-2,Steam Press,0.18,SG-0441
Back Pocket Inner Facing Press-2 (Single Fold),Steam Press,0.1428571428571429,SG-0441
Back Pocket Join Busted press-1,Steam Press,0.1,SG-0440
Back Pocket Joint & Hem Press-2,Steam Press,0.28,SG-0441
Back Pocket Joint & Hem Press-1,Steam Press,0.16,SG-0441
Back Pocket Joint Press(V-at Center),Steam Press,0.26,SG-0441
Back Pocket Panel Join Press-2,Steam Press,0.18,SG-0441
Back Pocket Panel Press-2*2 (S/F),Steam Press,0.31,SG-0441
Back Pocket Panel Press 1Side(Round)-2,Steam Press,0.24,SG-0441
Back Pocket Panel Press 2Side-2,Steam Press,0.33,SG-0441
Back Pocket Panels Press With Crnr-2,Steam Press,0.33,SG-0441
Back Pocket Patch Press-2 (Dble Side Curve),Steam Press,0.41,SG-0441
Back Pocket Patch Press-2 (mitered),Steam Press,0.2321428571428572,SG-0441
Back Pocket Patch Press With Corner-2,Steam Press,0.24,SG-0441
Back Pocket Pleat Press-2,Steam Press,0.18,SG-0441
Back Pocket Pleat Press-1,Steam Press,0.09,SG-0441
Back Pocket Pleat Press-2*2,Steam Press,0.34,SG-0441
Back Pocket Pleat Press (Double Crease)-2,Steam Press,0.26,SG-0441
Back Pocket Pleat Press For Make-2,Steam Press,0.27,SG-0441
Back Pocket Press-2 (Mitered),Steam Press,0.34,SG-0441
Back Pocket Press-2 (Mitered) with Emb-2,Steam Press,0.46,SG-0441
Back Pocket Press-2 (Mitered) with Pleats,Steam Press,0.46,SG-0441
Back Pocket Press-2 (Mitered) with Emb & Curve Sides-2,Steam Press,0.56,SG-0441
Back Pocket Press-2 (Mitered) with Pleats 1side Round,Steam Press,0.56,SG-0441
Back Pocket Press-2 (Mitered) with Emb-1,Steam Press,0.51,SG-0441
Back Pocket Press-2 (Mitered) with Pleats-2 & Inside Pocket Hem,Steam Press,0.62,SG-0441
Back Pocket Press-2 (Mitered) with Upper Notch Press,Steam Press,0.95,SG-0441
Back Pocket Press-2 (Mitered) with Star Patch Follow,Steam Press,0.55,SG-0441
Back Pocket Press-2 (Curve 2Side/1 Corner),Steam Press,0.74,SG-0441
Back Pocket Press-2 (Curve 2Side/1 Corner) with Emb-2,Steam Press,0.82,SG-0441
Back Pocket Press-2 (Mitered-Large),Steam Press,0.38,SG-0441
Back Pocket Press-1 (Mitered),Steam Press,0.17,SG-0441
Back Pocket Press-1 (Mitered) with Emb-1,Steam Press,0.17,SG-0441
Back Pocket Press-2 (Square),Steam Press,0.33,SG-0441
Back Pocket Press-2 (Square) with Emb-1,Steam Press,0.4,SG-0441
Back Pocket Press-2(1Side Curved),Steam Press,0.41,SG-0441
Back Pocket Press-2(Round),Steam Press,0.48,SG-0441
BACK Pocket PRESS-2 (1 SIDED),Steam Press,0.15,SG-0441
BACK Pocket PRESS-2 (2 SIDED),Steam Press,0.25,SG-0441
Back Pocket Press-2(Round) With Zipper & Top Side,Steam Press,0.78,SG-0441
Back Pocket Press all around (5 Sides Zip Pocket)-2,Steam Press,0.59,SG-0441
Back Pocket Press-2 (Mitered) Bottom Round,Steam Press,0.52,SG-0441
Back Pocket Press-2 (Mitered) Curve Sides,Steam Press,0.56,SG-0441
Back Pocket Press-2(Round) Emb-2,Steam Press,0.48,SG-0441
Back Pocket Press Inner Part-1,Steam Press,0.22,SG-0441
Back Pocket Press-2 Manual (Separate Pattern),Steam Press,0.48,SG-0441
Back Pocket Press 5-Sides-2,Steam Press,0.46,SG-0441
Back Pocket Press 5-Sides-2 with Pleats,Steam Press,0.5,SG-0441
Back Pocket Press 5-Sides-1,Steam Press,0.24,SG-0441
Back Pocket Press 4-Sides-2,Steam Press,0.46,SG-0441
Back Pocket press wd inner Pocket-2,Steam Press,0.44,SG-0441
Back Pocket Stress Seam Split-2,Steam Press,0.28,SG-0441
Back Pocket Strip Press-2 (Straight Dble Fold),Steam Press,0.27,SG-0441
Back Pocket Strip Press D/F-2,Steam Press,0.46,SG-0441
Back Pocket Strip Press S/F-2,Steam Press,0.26,SG-0441
Back Pocket Strip Press S/F-2 Curve,Steam Press,0.213,SG-0441
BACK POCKET STRIP PRESS 2SIDES-2,Steam Press,0.31,SG-0441
Front Pocket Dart Press-2*2,Steam Press,0.38,SG-0441
Back Pocket Hem With Label(D/F)-2,Tncs,0.32,SG-5269
Back Pocket Hem with Folder-2 (Manual Trim),Tncs,0.22,SG-5269
Back Pocket Hem with Folder-2 (Manual Trim) 1.8-2cm,Tncs,0.28,SG-5269
Back Pocket Hem with Folder-1 (Manual Trim),Tncs,0.15,SG-5269
Back Pocket Hem-1(Single Fold) with Trim,Tncs,0.1,SG-5269
Back Pocket Hem-1(Single Fold) with Trim Manual Fold,Tncs,0.13,SG-5269
Back Pocket Hem (Single Fold-Pre Pressed)- With Thread Trim Seam Allwnce Manage,Tncs,0.31,SG-5269
Back Pocket Hem-2 D/F Without Press (Manual Trim),Tncs,0.45,SG-5269
Back Pocket Hem (Manual Trim)-2 Pre-Pressed,Tncs,0.2,SG-5269
Back Pocket Hem S/F-2 with Pleat Press & Trim,Tncs,0.28,SG-5269
Back Pocket Hem (Single Fold-Pre Pressed)-TN with Thread trim,Tncs,0.24,SG-5269
Back Pocket Hem-TN(D/F)-1 Pre-Pressed With Thread Trim,Tncs,0.13,SG-5269
Back Pocket Panel Join Top TN-2 with Trim,Tncs,0.29,SG-2124
Back Pocket Pleat Top-2 with Thread Trim,Tncs,0.2857142857142858,SG-2125
Back Pocket Pleat Top-2 with Thread Trim,Tncs,0.2857142857142858,SG-2125
Back Pocket Pleat Top-2 with Thread Trim,Tncs,0.245,SG-2125
Back Pocket Pleat Top-2 Curved,Tncs,0.29,SG-2125
Side Pocket Hem (Manual Trim)-1 Pre-Pressed,Tncs,0.1,SG-5269
Back inner Pocket Hem (Single Fold-Pre Pressed)-TN,Tnls,0.21,SG-5269
Back Pocket Binding Attach-2,Tnls,0.25,SG-2129
Back Pocket Busted Top-1,Tnls,0.17,SG-9194
Back Pocket Busted Top-TN,Tnls,0.42,SG-4076
Back Pocket Busted Top-TN with Hem Manual Fold,Tnls,0.42,SG-4076
Back Pocket Dart Top TN-2,Tnls,0.29,SG-2132
Back Pocket Deco Stitch TN-2,Tnls,0.29,SG-4076
Back Pocket Deco Stitch TN-1,Tnls,0.12,SG-4076
Back Pocket Hem With Label(D/F)-2,Tnls,0.31,SG-5269
Back Pocket Hem With Cord-2,Tnls,0.27,SG-5269
Back Pocket Hem With Folder-2 (Manual Trim),Tnls,0.32,SG-5269
Back Pocket Hem Deco Stitches-7*2 SN With Thread Trim,Tnls,1.65,SG-5269
Back Pocket Hem Patch Attach(slanted)-2,Tnls,0.41,SG-5269
Back Pocket Hem -2 (Dble Fold TNLS) Pre-Pressed With Thread Trim,Tnls,0.26,SG-5269
Back Pocket Hem Single Fold Curved-2 with Thread Trim,Tnls,0.35,SG-5269
Back Pocket Hem Strip att.-2 (Straight-By Folder),Tnls,0.388,SG-5269
Back Pocket Hem Strip Attach (Cap Form)-1,Tnls,0.22,SG-5269
Back Pocket Hem (Single Fold-Pre Pressed)-TN,Tnls,0.21,SG-5269
Back Pocket Hem TN (S/F-Pre Pressed)-1,Tnls,0.1,SG-5269
Back Pocket Hem-TN(D/F)-1 Without Press,Tnls,0.24,SG-5269
Back Pocket Hem -2 (Dble Fold TNLS) Without Press,Tnls,0.49,SG-5269
Back Pocket Inner Strip att.-2 TN (Curve),Tnls,0.53,SG-2144
Back Pocket Join Busted top-1,Tnls,0.17,SG-9194
Back Pocket Join Top Stitch-2 (Curve) TN,Tnls,0.1785714285714286,SG-2146
Back Pocket Join Top Stitch TN-2,Tnls,0.26,SG-2146
Back Pocket Join Top Stitch-2(with corner)TN,Tnls,0.31,SG-2146
Back Pocket Leather Strip Attach At Hem-1 with Trim,Tnls,0.24,SG-2147
Back Pocket Mock Stitch Curved,Tnls,0.35,SG-2148
BACK POCKET PANEL JOIN TOP-1,Tnls,0.14,SG-9195
BACK POCKET PANEL JOIN TOP TN-2,Tnls,0.29,SG-9195
Back Pocket Patch Att-2(Dble Side Curve Pre Pressed)TN,Tnls,0.636,SG-2151
Back Pocket Patch Attach-2 curved(Cap Formed),Tnls,0.42,SG-9165
Back Pocket Patch Join 1Side-2(prepressed),Tnls,0.26,SG-2153
BACK POCKET PLEAT MAKE-2*2,Tnls,0.5714285714285715,SG-2154
BACK POCKET PLEAT MAKE-2*2 4 Ply Thread,Tnls,0.7857142857142858,SG-9196
Back Pocket pleat Top-1,Tnls,0.14,SG-4076
BACK POCKET PLEAT TOP-1,Tnls,0.142,SG-4076
Back Pocket Pleat Top TN-2,Tnls,0.24,SG-4076
Back Pocket Pleat Top TN-2 With Corner Manage With Thread Trim,Tnls,0.3928571428571429,SG-4076
"Back Pocket Strip Attach -2 (2 Sided, Pre Pressed)",Tnls,0.42,SG-2158
Back Pocket Strip Attach -2 (Curve)-Folder,Tnls,0.58,SG-2159
Back Pocket Tape Attach With Trim-2,Tnls,0.41,SG-4076
Back Pocket Tape Attach With Trim-2(2nd),Tnls,0.41,SG-4076
Back Pockets Deco Stitch-2 TN(1line straight),Tnls,0.2857142857142858,SG-2161
Mock at Back Pocket-1 TN(1line straight),Tnls,0.16,SG-9197
Mock at Back Pockets-2(2*2-lines curve),Tnls,0.55,SG-9197
Mock at Back Pockets-2 TN(1line straight),Tnls,0.31,SG-9197
Back Pocket B.H Tracing-1,Tracing Pattern,0.1,SG-9170
Back Pocket Bartack Tracing-4,Tracing Pattern,0.22,SG-9171
Back Pocket Box Pleat Tracing-2,Tracing Pattern,0.37,SG-2167
BACK POCKET BOX PLEAT Tracing-2*2,Tracing Pattern,0.3571428571428572,SG-2167
Back Pocket Box Pleat Tracing-1,Tracing Pattern,0.19,SG-2167
Back Pocket Dart Top Tracing-2,Tracing Pattern,0.21,SG-9171
Back Pocket Dart Tracing-2,Tracing Pattern,0.21,SG-2169
BACK POCKET DART TRACING-1,Tracing Pattern,0.12,SG-2169
Back Pocket Darts Tracing-2*2,Tracing Pattern,0.32,SG-9171
Back Pocket Deco Stitch Tracing-1,Tracing Pattern,0.1071428571428572,SG-2171
Back Pocket Deco Stitch Tracing-2*2,Tracing Pattern,0.2857142857142858,SG-2171
Back Pocket Deco Stitch Tracing-2,Tracing Pattern,0.1785714285714286,SG-2171
Back Pocket Hem Bartack Tracing-2,Tracing Pattern,0.1607142857142857,SG-9171
Back Pocket Hem Strips Attach Tracing-1,Tracing Pattern,0.13,SG-9198
Back Pocket Hem Tracing-2 (2 curve St),Tracing Pattern,0.19,SG-2174
Back Pocket Hem Tracing-2 (V-Shape St),Tracing Pattern,0.28,SG-2174
Back Pocket Hem Tracing (3 Curve)-2,Tracing Pattern,0.307,SG-2174
Back Pocket Inner strip & Facing Tracing-2,Tracing Pattern,0.298,SG-9170
Back Pocket Mock Tracing (1 Curve/Pre Pressed),Tracing Pattern,0.213,SG-2176
Back Pocket Mock Tracing (All Around)-2,Tracing Pattern,0.365,SG-2176
Back Pocket Mock Tracing(Fashion)-2,Tracing Pattern,0.32,SG-2176
Back Pocket Panels Join Tracing-2,Tracing Pattern,0.1785714285714286,SG-2177
Back Pocket Panels Join Tracing-1,Tracing Pattern,0.12,SG-2177
Back pocket Patch attach Tracing (Star Shape)-2,Tracing Pattern,0.6,SG-2178
Back pocket Patch attach Tracing (Star Shape)-1,Tracing Pattern,0.3,SG-2178
Back pocket Patch Top Tracing (Star Shape)-1,Tracing Pattern,0.2,SG-9171
Back Pocket Pleat Top Tracing-2*2,Tracing Pattern,0.25,SG-9171
Back Pocket Pleat Tracing-2,Tracing Pattern,0.209,SG-2181
Back Pocket Pleat Tracing-2*2,Tracing Pattern,0.34,SG-2181
Back Pocket Pleat Tracing-2*2 With Hem Tracing,Tracing Pattern,0.42,SG-2181
Back Pocket pleat Tracing-1,Tracing Pattern,0.12,SG-2181
Back Pocket Pleat Tracing-2 2nd,Tracing Pattern,0.209,SG-9172
Back Pocket Strip Attach Tracing-1,Tracing Pattern,0.11,SG-9198
Back Pocket Strips Attach Tracing-2,Tracing Pattern,0.22,SG-9198
Back Pocket Tape Attach Tracing-2,Tracing Pattern,0.18,SG-9198
Back Pocket Tracing for Inner Pocket Stay stitch-2,Tracing Pattern,0.16,SG-9170
Back Pocket Uper & Lower Part Att Tracing-1,Tracing Pattern,0.1071428571428572,SG-2187
Back Pocket Uper & Lower Part Att Tracing-2,Tracing Pattern,0.24,SG-2187
Back Pocket Zipper Attach Tracing-2,Tracing Pattern,0.22,SG-9174
MOCK TRACING AT BACK POCKET-2 (1 LINE FASHION),Tracing Pattern,0.21,SG-9170
Tracing At Back Pocket For Attach-1,Tracing Pattern,0.18,SG-1886
Tracing At Back Pocket For Embos/Embro-1,Tracing Pattern,0.12,SG-2191
Tracing At Back Pocket For Embos/Embro-2,Tracing Pattern,0.23,SG-2191
Tracing At Back Pocket For Hem Patch Attach -2,Tracing Pattern,0.18,SG-9115
Tracing At Back Pocket For Leather Patch Attach-1,Tracing Pattern,0.11,SG-9115
Tracing At Hem Patch For Attach-2,Tracing Pattern,0.18,SG-9115
Tracing At Leather Patch For Attach-1,Tracing Pattern,0.11,SG-9115
Back Pocket Deco Stitch-1(Zigzag),Zig Zag,0.17,SG-1375
Back Pocket Metal Chain attach-3 x 2,Zig Zag,1.376,SG-1375
Gallace Fuse-(Auto Pr.)1*1,Auto Press,0.31,SG-0064
GALLACE FUSE-(AUTO PR.)2 PC-2(SEPARATE),Auto Press,0.675,SG-0064
Gallace Fuse-2(Auto Pr.) 1 pcs,Auto Press,0.3928571428571429,SG-0064
Gallace Bartack -2,Bartack,0.137,SG-0066
Gallace End Bartack With Fold-2,Bartack,0.2,SG-0066
Back Bib Panels Join(vertical)-1,Feed Off Arm,0.19,SG-1410
Back Bib Panels Top-2,Feed Off Arm,0.28,SG-1410
Back Bib Panels Top-1,Feed Off Arm,0.17,SG-1410
Bib Pleat Top(Vertical)-2,Feed Off Arm,0.37,SG-1410
Bib Pleat Top(Vertical)-1,Feed Off Arm,0.196,SG-1410
Front Bib Panels Join(vertical)-1,Feed Off Arm,0.19,SG-1410
Front Bib Panels Top-1,Feed Off Arm,0.16,SG-1410
Front Bib Pleat Top-1,Feed Off Arm,0.16,SG-1410
Front Bib Pocket Panels Join(vertical)-1,Feed Off Arm,0.1428571428571429,SG-1410
Back Bib Corners Trim,Nill,0.14,SG-2210
Back Bib Corners Trim-(M Shape Bib 4 Crnr),Nill,0.34,SG-2210
Back Bib Corners Trim-2*2,Nill,0.36,SG-2210
Back Bib Corners Turn-2 (M Shape Bib 4 Crnr),Nill,0.18,SG-2211
BACK BIB EXTRA EDGES TRIM BOTTOM SIDE,Nill,0.19,SG-2212
Back Gallace & Bib Cuts(Sides Curved),Nill,0.341,SG-2213
Back Gallace & Bib Turn,Nill,0.59,SG-2214
Back Gallace & Bib Turn- ( 3 Corners),Nill,0.16,SG-2214
Bib Trim,Nill,0.14,SG-2215
Bib Trim & Turn,Nill,0.28,SG-2216
Bib Turn,Nill,0.1785714285714286,SG-2217
Cuts At Bib Inner Patch Join,Nill,0.18,SG-2218
Extra Hem Strip Trim,Nill,0.204,SG-2219
Front Bib Corners Trim-2,Nill,0.14,SG-2220
Front Bib Corners Trim-(M Shape Bib 4 Crnr),Nill,0.34,SG-2220
Front Bib Corners Trim-2*2,Nill,0.36,SG-2220
Front Bib Corners Turn-2,Nill,0.21,SG-2221
Front Bib Corners Turn-2 (M Shape Bib 4 Crnr),Nill,0.175,SG-2221
Front Bib Corners Turn-2*2,Nill,0.33,SG-2221
Gallace Chain Open-2*2,Nill,0.41,SG-2222
Gallace Matching-2,Nill,0.18,SG-2223
Tracing & Trim Gallace Ends-2,Nill,0.1785714285714286,SG-2224
Back Bib Inner Patch Hem Secure- 1,O/L,0.07,SG-0331
Back Bib Panels Join-2,O/L,0.34,SG-2226
Back Bib Panels Join-1,O/L,0.21,SG-2226
Back Bib Panels Secure-1 (after Join),O/L,0.17,SG-0331
Back Gallace Edge Secure-2,O/L,0.1428571428571429,SG-0331
Back Gallace Edge Secure-2*2,O/L,0.29,SG-0331
Baxk Bib Extra Trim(Sides Curved),O/L,0.28,SG-0335
Bib Lining Edge Secure Straight-2,O/L,0.24,SG-0331
FRONT BIB EXTRA TRIM(SIDES CURVED),O/L,0.28,SG-0335
FRONT BIB HEM SECURE-1,O/L,0.14,SG-0331
Front Bib Hem Secure (Curve At Bottom Side)-1,O/L,0.18,SG-0331
Front Bib Inner Patch Hem Secure- 1,O/L,0.07,SG-0331
Front Bib Panels Join-1,O/L,0.18,SG-3244
Front Bib Secure Top Side-1,O/L,0.13,SG-0331
Back Bib Side Hem (Auto)-2 (Auto Trim),Pocket Hemmer,0.17,SG-1991
Front Bib Side Hem (Auto)-2 (Auto Trim),Pocket Hemmer,0.17,SG-1991
Bib Patch Press After Attach-1,Press,0.32,SG-0441
Back Bib Hem 2nd Stitch-SN,Snls,0.17,SG-9199
Back Bib Inner Patch Hem (Single Fold),Snls,0.1,SG-2240
Back Bib Lining Attach To Sides 3Sided-1,Snls,0.95,SG-0460
"Back Bib Make(5sides, M Shape)-1",Snls,0.73,SG-9200
Back Bib Make 1Side(curved),Snls,0.27,SG-9200
Back Bib Make-SN (Straight),Snls,0.17,SG-9200
Back Bib 2nd Top 2sides-1,Snls,0.41,SG-9201
Back Bib Panel join SN-2*2,Snls,0.41,SG-9202
Back Bib Panels Join(internal)-1,Snls,0.19,SG-9202
Back Bib 2-Side Hem With Out press,Snls,0.44,SG-9203
Back Bib 2-Side Hem Curved (Folder) SNLS,Snls,0.47,SG-9203
Back Bib Side Hem-2 D/F with Fold (Pre-S/F)-SN,Snls,0.68,SG-9203
Back Bib Side Hem 2nd Stitch,Snls,0.55,SG-9199
Back Bib Side Hem-2 S/F (SN) with Manual Fold water thread,Snls,0.4285714285714286,SG-9203
Back Bib Stay Stitch Top Side,Snls,0.25,SG-0444
BACK BIB TOP (M SHAPE BIB 5 SIDES)-1,Snls,0.74,SG-2254
Back Bib Top(3sides)-1,Snls,0.67,SG-2254
Back Bib Top(3sides) With Fornt Bib (1 Side Each)-1,Snls,1.18,SG-2254
Back Bib Top 3sides-1,Snls,0.49,SG-9201
Back Bib Top Stitch 3Sides With Lining-1,Snls,0.9,SG-9201
Back Gallace & Bib Join (Sandwich)-1,Snls,0.35,SG-9205
Back Gallace & Bib Make(outer side),Snls,0.73,SG-9200
Back Gallace & Bib Top(outer side),Snls,1.22,SG-9205
Back Gallace & Bib Top Prepressed(inner side),Snls,0.76,SG-2254
Back Gallace Make(outer side)-2,Snls,0.43,SG-2261
Back Gallace Top(outer side) With Btm Corner,Snls,0.71,SG-2262
Bib Box Deco Stitches SN-2,Snls,0.62,SG-2263
BIB DECO STITCH-1 SN (V SHAPE),Snls,0.23,SG-2264
Bib External Patch Top With Internal Patch-1(2 Sides1 Corner),Snls,0.52,SG-2265
Bib Hem Inner Patch Attach-1,Snls,0.201,SG-2266
Bib Hem Inner Patch Attach-2 (2sides 1-corner),Snls,0.607,SG-2266
Bib Inner Patch Attach(3-Sides) -1,Snls,0.35,SG-2267
BIB INTERNAL PATCH ATTACH-1(2 SIDES1 CORNER),Snls,0.28,SG-2268
BIB INTERNAL PATCH ATTACH-1(4 SIDES-Pre Pressed),Snls,0.52,SG-2268
BIB INTERNAL PATCH ATTACH-1(4 SIDES),Snls,0.92,SG-2268
BIB INTERNAL PATCH Top-1(4 SIDES),Snls,0.25,SG-2269
BIB INTERNAL PATCH Top-1(4 SIDES) with Side Hem Manual Fold,Snls,0.635,SG-2269
BIB INTERNAL PATCH Top-1(4 SIDES) with Side Hem 2nd,Snls,0.553,SG-2269
Bib Lining Hem S/F Straight-2,Snls,0.32,SG-2270
"Bib Make-1 Gallace Pre-Att (1pcs,2Sides-PrePressed)",Snls,0.6486000000000001,SG-2271
Bib Pleat Make(Vertical)-2,Snls,0.42,SG-2272
Bib Pleat Make(Vertical)-1,Snls,0.21,SG-2272
"Bib Top, Front-2 & Back-1 (3 Sides Each)S/N",Snls,1.98,SG-2254
"Bib Top St (1pcs,2Sides-PrePressed)-1",Snls,0.268,SG-2274
Frill Attach To Front Bib 2Sides-1,Snls,0.92,SG-9206
Front Bib Edges Hem 2-Sided D/F(Manual Without Press)-SN,Snls,0.72,SG-9208
Front Bib Frill Attach To Sides-2,Snls,0.88,SG-9206
Front Bib Frill Gathering Make-2,Snls,0.68,SG-9207
Front Bib Frill Gathering Make-2 Long,Snls,1.32,SG-9207
Front Bib Frill Make 1Side Straight-2 water thread,Snls,0.58,SG-2295
Front Bib Frill Stay Stitch At Sides-2 With Turn & Trim,Snls,0.65,SG-0444
Front Bib Hem (Single Fold-Pre Pressed),Snls,0.23,SG-9208
Front Bib Hem D/F-SN,Snls,0.17,SG-9208
Front Bib Hem Inner Patch Attach-1 3sided,Snls,0.42,SG-9209
Front Bib Hem Stay Stitch-2*2,Snls,0.44,SG-0444
Front Bib Hem Stay Stitch-2*2,Snls,0.44,SG-0444
Front Bib Hem Stay Stitch-2,Snls,0.26,SG-0444
Front Bib Hem Stay Stitch For Waistband water thread,Snls,0.28,SG-0444
Front Bib Inner Patch Attach 2Sides-1,Snls,0.92,SG-9209
Front Bib Inner Patch Corner Close with Top(3sides)-1 Heavy Joint,Snls,0.67,SG-2288
Front Bib Inner Patch Hem (Single Fold),Snls,0.1,SG-9208
Front Bib Inner Patch Top Stitch(3sides)-1,Snls,0.34,SG-9211
Front Bib Internal Patch Attach 3Side-1,Snls,0.4,SG-9209
Front Bib Internal Patch Attach Straight-1,Snls,0.23,SG-9209
Front Bib Internal Patch Close With Fold-1,Snls,0.45,SG-2293
Front Bib Lining Attach To Sides 3Sided-1,Snls,0.88,SG-0688
Front Bib Make(3sides)-1,Snls,0.58,SG-2295
"Front Bib Make(5sides, M Shape)-1",Snls,0.73,SG-2295
Front Bib Make(3sides)-2,Snls,1.16,SG-2295
Front Bib 2nd Top 2sides-1,Snls,0.41,SG-2296
Front Bib 2nd Top 1sides-1,Snls,0.21,SG-2296
Front Bib Panel join SN-2,Snls,0.41,SG-9210
Front Bib Panels Join(internal)-1,Snls,0.19,SG-9210
Front Bib Pleat Make-1,Snls,0.1785714285714286,SG-9052
Front Bib Side Hem-2 D/F with Fold (Pre-S/F) After turn Alllround-SN,Snls,0.68,SG-9208
FRONT BIB 2-SIDE HEM D/F(MANUAL WITHOUT PRESS)-SN,Snls,0.7,SG-9208
Front Bib Side Hem-2 S/F (SN) with Manual Fold water thread,Snls,0.68,SG-9208
Front Bib 2-Side Hem (Folder) SNLS,Snls,0.37,SG-9208
Front Bib Side Hem Top Stitch-2,Snls,0.58,SG-9211
Front Bib Stay Stitch Bottom Side,Snls,0.27,SG-0444
Front Bib Stay Stitch Top Side,Snls,0.25,SG-0444
Front Bib Top 2 Sides-2,Snls,0.98,SG-2296
Front Bib Top Stitch 3Sides With Lining & Frill-1,Snls,0.92,SG-9211
Front Pocket Attach At Bib -1 (Rectangle),Snls,0.336,SG-0688
Front Pocket Attach At Bib - Mitered,Snls,0.25,SG-9212
Front Pocket Top Stitch At Bib-1 Mitered (even gauge),Snls,0.1785714285714286,SG-9211
Gallace Corner Close L-shape-2,Snls,0.41,SG-2313
Gallace Corner Close U-shape(2pcs),Snls,0.546,SG-2313
Gallace Corner Close U-shape(1pcs),Snls,0.46,SG-2313
GALLACE HEM(FOLDER)-2*2,Snls,0.81,SG-2314
"Gallace Make Pre Pressed-2(2pcs,2Sides Curve)",Snls,1.24,SG-2315
Gallace Make 1Side Straight-2 (Pre Pressed),Snls,0.75,SG-2316
Gallace Patch Edge Stay Stitch-2,Snls,0.24,SG-0444
Gallace Top Stitch-2*2,Snls,1.24,SG-2318
Gallace Top Stitch-2*2,Snls,0.72,SG-2318
Gallace Top Stitch-2,Snls,0.51,SG-2318
Tab Box Diagnal Stitches-2*2,Snls,0.49,SG-4933
Back Bib Inner Patch Hem Press-1(Single Fold),Steam Press,0.1,SG-0441
Back Bib Panel join Press-2*2,Steam Press,0.278,SG-0441
"Back Bib Press For Make(2pcs,3Sides)-1",Steam Press,0.51,SG-0441
Back Bib Side Hem Press-2 S/F,Steam Press,0.28,SG-0441
Bib Internal PATCH PRESS 2 SIDES-1,Steam Press,0.46,SG-0441
Bib Join Busted Press-1,Steam Press,0.12,SG-0440
Bib Press 4Sides-1,Steam Press,0.447,SG-0441
Front Bib Edges Press,Steam Press,0.29,SG-0441
Front Bib Edges Press-2,Steam Press,0.58,SG-0441
Front Bib Hem Inner Patch Press-1(Single Fold),Steam Press,0.18,SG-0441
Front Bib Hem Press-1(Single Fold),Steam Press,0.14,SG-0441
Front Bib Hem Press-D/F,Steam Press,0.19,SG-0441
Front Bib Inner Patch Hem Press-1(Single Fold),Steam Press,0.1,SG-0441
"Front Bib Press For Make-2(2pcs,2Sides Curve)",Steam Press,0.82,SG-0441
Front Bib Side Hem Press With Corner-2 S/F,Steam Press,0.35,SG-0441
Front Bib Side Hem Press-2 S/F,Steam Press,0.28,SG-0441
"Gallace Press for Make-2(1pc,2Sides Straight)",Steam Press,0.82,SG-0441
"Gallace Press for Make-2(1pcs,2Sides Curve)",Steam Press,0.92,SG-0441
Gallace Press 1Side(outer part)-2,Steam Press,0.43,SG-0441
Gallace Press 1Side(inner part)-2,Steam Press,0.43,SG-0441
Gallace Press 1Side Straight 1 Side Curve-2,Steam Press,0.41,SG-0441
PATCH PRESS-1 (1SIDE),Steam Press,0.07142857142857144,SG-0441
PATCH PRESS 4 SIDES -1,Steam Press,0.42,SG-0441
Front Bib Pleat Top-1,Tncs,0.194,SG-2340
Back Bib Deco Stitches-1 (Curve 1 Corner),Tnls,0.18,SG-2341
Back Bib Deco Stitches-1 Straight,Tnls,0.15,SG-9213
Back Bib Inner Patch make with Side Hem Prepressed-2,Tnls,1.25,SG-2344
"Back Bib Make With Gallace(2pcs,3Sides-PrePressed)-1",Tnls,0.78,SG-2344
"Back Bib Make(4sides, M Shape)-1",Tnls,0.65,SG-2344
Back Bib Make-TN (Straight),Tnls,0.19,SG-2344
Back Bib Panels Top-1,Tnls,0.25,SG-2346
Back Bib Side Hem-2 D/F (TN) with Fold,Tnls,0.51,SG-2347
Back Bib Side Hem-2 D/F with Fold (Pre-S/F)-TN,Tnls,0.82,SG-2347
Back Bib 2-Side Hem (Folder) TNLS,Tnls,0.42,SG-2347
Bib Deco Stitches-1 (Curve 1 Corner),Tnls,0.18,SG-2349
Bib Deco Stitches-1 Straight,Tnls,0.15,SG-9213
Bib Hem (Dbl Fold-Pre Pressed)-2,Tnls,0.32,SG-2351
Bib Patch Make-1 (3 corner Pre Pressed),Tnls,0.48,SG-2352
Bib Pleat Top(Vertical)-2,Tnls,0.37,SG-2353
Front Bib Close With Fold-1 Top Side Straight,Tnls,0.75,SG-2354
Front Bib Edges Hem 2-Sided D/F(Manual Without Press)-TN,Tnls,0.72,SG-2355
FRONT BIB HEM-1(SINGLE FOLD- PRE PRESSED),Tnls,0.21,SG-2356
"Front Bib Make-2(2pcs,2Sides Curve)prepressed",Tnls,0.76,SG-2357
Front Bib Pleat Top Stitch TN-1,Tnls,0.1785714285714286,SG-2358
Front Bib Side Hem-2 D/F (TN) with Fold,Tnls,0.51,SG-2359
Front Bib Side Hem-2 D/F with Fold (Pre-S/F) After turn Alllround-TN,Tnls,0.85,SG-2359
Front Bib Side Hem-2 D/F (TN) with Fold & Corner,Tnls,0.72,SG-2359
FRONT BIB 2-SIDE HEM (FOLDER)TNLS,Tnls,0.42,SG-2359
Front Gallace Top Stitch 2Sides-2 After Frill Insert Allround,Tnls,3.75,SG-2361
Gallace Make 1Side Curve-2 With Fold,Tnls,0.86,SG-9214
Gallace Make 1Side Curved-2 (Pre Pressed) TN,Tnls,0.4642857142857144,SG-9214
Gallace Make 1Side Straight-2 With Fold,Tnls,0.72,SG-9214
Gallace Make-2 TN,Tnls,0.28,SG-2365
Twill Tape Attach to Back Bib 2Sides-1,Tnls,0.62,SG-9215
Twill Tape Attach to Bib Back Neck-1,Tnls,0.25,SG-9215
Twill Tape Attach to Front Bib Neck-1,Tnls,0.22,SG-9216
Twill Tape Attach to Front Bib 2Sides-1,Tnls,0.54,SG-9216
Back Bib Attach Tracing,Tracing Pattern,0.21,SG-2370
Back Bib Deco Stitch Tracing(2 Stitch With T Shape),Tracing Pattern,0.23,SG-9109
Back Bib Lining Attach Tracing-1,Tracing Pattern,0.1785714285714286,SG-2372
Back Bib Make Tracing-Straight,Tracing Pattern,0.16,SG-2373
Back Gallace & Bib Attach Tracing,Tracing Pattern,0.3214285714285715,SG-2374
Back Gallace & Bib Make Tracing,Tracing Pattern,0.51,SG-9217
Back Gallace Make Tracing,Tracing Pattern,0.31,SG-9217
Bib Deco Stitch Tracing(2 Stitch With T Shape),Tracing Pattern,0.23,SG-9109
Bib Internal Patch Attach Tracing-1 with close,Tracing Pattern,0.23,SG-1265
Bib Pleat Make Tracing(Vertical)-2,Tracing Pattern,0.301,SG-2379
Bib Pleat Make Tracing(Vertical)-1,Tracing Pattern,0.156,SG-2379
Bib Side Hem Tracing(Vertical)-2,Tracing Pattern,0.301,SG-2380
Front Bib Attach Tracing,Tracing Pattern,0.21,SG-9167
Front Bib Lining Attach Tracing-1,Tracing Pattern,0.1785714285714286,SG-9119
Front Bib Make Tracing(3sides)-1,Tracing Pattern,0.34,SG-2383
Front Bib Make Tracing(3sides)-2,Tracing Pattern,0.65,SG-2383
Front Bib Panel join tracing-2,Tracing Pattern,0.25,SG-9218
Front Bib Pleat Tracing-1,Tracing Pattern,0.13,SG-9219
Front Pocket Attach Tracing With Flap At Bib-1,Tracing Pattern,0.21,SG-2386
Front Pocket Attach Tracing(2) With Flap(1) At Bib,Tracing Pattern,0.27,SG-2386
Front Pocket Attach Tracing At Bib-1,Tracing Pattern,0.17,SG-9112
Front Pocket Center Tracing-1,Tracing Pattern,0.09,SG-9315
GALLACE LENGHT Tracing-2,Tracing Pattern,0.176,SG-2389
Hanger Loop Att Tracing-2,Tracing Pattern,0.22,SG-9177
Tracing At Back Bib For Attach,Tracing Pattern,0.2142857142857143,SG-2391
Tracing At Front Bib For Attach,Tracing Pattern,0.2142857142857143,SG-9119
Gallace Make (Auto Tucking 1 Side)-2,WaistBand,1.02,SG-1336
Gallace Make(2pcs)-2,WaistBand,0.72,SG-1336
Gallace Make(1pcs)-2,WaistBand,0.62,SG-1336
GALLACE MAKE(1PCS)-2,WaistBand,0.57,SG-1336
Braid Make With 3Loops-1 Manual,Nill,5.6,SG-2394
Braid Make With 3Loops-2 Manual,Nill,11.2,SG-2394
Bottom Leggy Back Panels Top Stitch-2 FOA,Feed Off Arm,0.44,SG-0132
Bottom Leggy Front Panels Top Stitch-2 FOA,Feed Off Arm,0.44,SG-0132
Bottom Leggy Outseam Top-2 FOA,Feed Off Arm,0.44,SG-0132
Btm Leggy Zipper Close-2 Assembly,Nill,0.35,SG-2398
Thread Trim Leggy Back Panels-2,Nill,0.1785714285714286,SG-4998
Thread Trim Leggy Front Panels-2,Nill,0.1785714285714286,SG-5014
Thread Trim Leggy Outseam-2,Nill,0.1785714285714286,SG-9359
Bottom Hem Sec-2*2 Round,O/L,0.91,SG-2402
Bottom Leggy Back Panels Join-2 O/L,O/L,0.52,SG-1508
Bottom Leggy Front Panels Join-2 O/L,O/L,0.52,SG-3244
Bottom Leggy Inseam O/L-2,O/L,0.52,SG-0363
Bottom Leggy Outseam O/L-2,O/L,0.52,SG-0387
Bottom Leggy Strip Edge Secure For Zipper-2 Round,O/L,0.42,SG-0331
Bottom Leggy Strip Ring Make For Zipper-2,Snls,0.28,SG-2408
Cargo Pocket Strip Press S/F-2,Auto Press,0.23,SG-5099
Cargo Pocket Corners Turn-2*2,Nill,0.27,SG-2410
Cargo Pocket Pleats Binding Trim-2*2,Nill,0.2857142857142858,SG-2411
Trim Piping of side Pockets-2*2,Nill,0.253,SG-2412
Velcro Tape cut for Pocket & Flap-9*2,Nill,1.85,SG-4888
Cargo Pocket Cover Flap Hem Secure-2,O/L,0.1785714285714286,SG-0331
Cargo Pocket Hem Secure-2,O/L,0.15,SG-0331
Cargo Pocket Hem Secure-4,O/L,0.3,SG-0331
Cargo Pocket Hem Secure-1,O/L,0.08928571428571429,SG-0331
Cargo Pocket Inner Patch Sec 4sides-2,O/L,0.3571428571428572,SG-9183
Cargo Pocket Secure Allaround With Zip-2,O/L,1.2,SG-0331
Cargo Pocket Secure Allaround With Zip-2 14SPI,O/L,1.2,SG-0331
Cargo Pocket Secure Allaround With Zip-4 14SPI,O/L,2.4,SG-0331
Cargo Pocket Secure-2 Round,O/L,0.4285714285714286,SG-0331
Cargo Pocket Secure-4 Round,O/L,0.81,SG-0331
Cargo pocket secure 3sides-2,O/L,0.45,SG-0331
Cargo pocket secure 3sides-1,O/L,0.23,SG-0331
Cargo Pocket Secure 2 Sides-2,O/L,0.25,SG-0331
Cargo Pocket Strip Secure 4Side-2,O/L,0.52,SG-0331
Cargo Pocket Strip Secure 4Side-2 14SPI,O/L,0.52,SG-0331
Cargo Pocket Strip Secure 4Side-4 14SPI,O/L,0.98,SG-0331
Cargo Pocket Strip Secure 1Side-2,O/L,0.16,SG-0331
Cargo Pocket Strip Secure 1Side-4,O/L,0.32,SG-0331
Cargo Pocket Strip Secure 4Side-1,O/L,0.26,SG-0331
Side Cargo Pocket Hem Secure-2,O/L,0.15,SG-0331
Side Cargo Pocket Hem Secure-4,O/L,0.31,SG-0331
Side Cargo Pocket Hem Secure-1,O/L,0.076,SG-0331
Side Cargo Pocket Hem Secure-4,O/L,0.3,SG-0331
Back Cargo Pocket Band Top 3sides-2,Snls,0.623,SG-2422
Back Cargo Pocket belo Band attach 3sides with Fold-2,Snls,1.51,SG-2422
Back Cargo Pocket Hem (Single Fold)-SN 4 Ply Thread,Snls,0.32,SG-5269
Cargo Pkt Zipper Attach-2*2,Snls,1.35,SG-2425
Cargo Pkt Zipper Attach-2*4,Snls,2.65,SG-2425
Cargo Pocket Band Edge Top Uper Side-2,Snls,0.45,SG-2426
Cargo Pocket Band Edge Top Uper Side-1,Snls,0.22,SG-2426
Cargo Pocket Band Top round-2,Snls,0.725,SG-2422
Cargo Pocket Band Top 3sides-2,Snls,0.623,SG-2428
Cargo Pocket Band Top 3sides-1,Snls,0.3,SG-2428
Cargo Pocket Band Top 5sides-2 SN,Snls,0.71,SG-9220
Cargo Pocket belo Band att 3sides with fold-2 Round Heavy Fabric Large Size,Snls,1.92,SG-2430
Cargo Pocket belo Band att 3sides with fold-4 Round Heavy Fabric Large Size,Snls,3.84,SG-2430
Cargo Pocket belo Band att 5sides wd cut-2,Snls,0.865,SG-2422
Cargo Pocket belo Band att 3sides without press with fold Round Heavy Fabric Large Size,Snls,1.95,SG-2422
Cargo Pocket belo Band attach-2*2,Snls,0.686,SG-2422
Cargo Pocket belo Band attach 3sides with Fold-2,Snls,1.51,SG-2434
Cargo Pocket belo Band attach 3sides with Fold Large Size,Snls,2.1,SG-2434
Cargo Pocket belo Band attach 3sides with Fold-2 With Binding Joints,Snls,1.71,SG-2434
Cargo Pocket belo Band attach 3sides with fold-4,Snls,3.2,SG-2434
Cargo Pocket belo Band attach 3sides with Fold-1,Snls,0.76,SG-2434
Cargo Pocket Cover Flap Attach Stay Stitch To Cargo Pocket-2*2,Snls,0.39,SG-0444
Cargo Pocket Cover Flap Dart Make-2*2,Snls,0.5357142857142857,SG-2422
Cargo Pocket Cover Flap Hem Pre-Pressed-2,Snls,0.18,SG-2422
Cargo Pocket Dart Make-2*2,Snls,0.61,SG-2438
Cargo Pocket Dart Make-4*2,Snls,0.78,SG-2438
Cargo Pocket Dart Make-4*4,Snls,1.52,SG-2438
Cargo Pocket Dart Make-2*4,Snls,0.95,SG-2438
Cargo Pocket Dart Make-2*1,Snls,0.19,SG-2438
CARGO POCKET EDGE STITCH 5SIDES-2(AT SEAM ALLOWANCE),Snls,0.58,SG-2422
Cargo Pocket Hem (Single Fold-Straight/Pre Pressed),Snls,0.18,SG-5269
Cargo Pocket Hem (Single Fold-Straight/Without Pre Pressed),Snls,0.25,SG-5269
Cargo Pocket Hem-SN (D-Fold-Pre Pressed),Snls,0.235,SG-5269
Cargo Pocket Hem (Single Fold) SN-1,Snls,0.11,SG-5269
Cargo Pocket Hem Top Stitch-3*2,Snls,0.54,SG-5269
Cargo Pocket Make 3sides-1,Snls,0.32,SG-2443
Cargo Pocket pleat make-2*2,Snls,0.548,SG-2444
Cargo Pocket pleat make-4*4,Snls,1.25,SG-2444
Cargo Pocket pleat make-4*1,Snls,0.41,SG-2444
Cargo Pocket Pleat Stay Stitch-2*2,Snls,0.364,SG-0444
Cargo Pocket Pleat Stay Stitch-4*2,Snls,0.56,SG-0444
Cargo Pocket Pleat Stay Stitch-2*2 water thread,Snls,0.364,SG-0444
Cargo Pocket Pleat Stay Stitch-4*2 water thread,Snls,0.56,SG-0444
Cargo Pocket pleat Stay Stitch-4*4 Water Thread,Snls,1.45,SG-0444
Cargo Pocket pleat Stay Stitch-4*1 Water Thread,Snls,0.28,SG-0444
Cargo Pocket Pleat Stay Stitch-2*2 water thread 2nd,Snls,0.364,SG-0444
Cargo Pocket Pleat Stay Stitch-4*2 water thread 2nd,Snls,0.56,SG-0444
Cargo Pocket Pleat Top(U-shape)-2*2,Snls,0.74,SG-9221
Cargo Pocket Pleat Top Stitch-2*2,Snls,0.44,SG-9057
Cargo Pocket Pleats Binding Attach-2*2,Snls,0.82,SG-2450
Cargo Pocket Strip Attach Pre-Pressed-2,Snls,0.32,SG-2451
Cargo Pocket Strip Close Pre-Pressed-2,Snls,0.42,SG-2452
Cargo Pocket Strip Edge Top Stitch-2,Snls,0.32,SG-9057
Cargo Pocket Strip Top Stitch-3*2,Snls,0.43,SG-9057
Cargo Pocket Strip Top Stitch TN-2,Snls,0.24,SG-9057
Cargo Pocket zip stay stitch With Edge Handling-2*2,Snls,0.85,SG-0444
Cargo Pocket zip stay stitch With Edge Handling-2*4,Snls,1.7,SG-0444
Cargo Pocket Zipper Edge Top-2,Snls,0.65,SG-2457
Cargo Pocket Zipper Edge Top-4,Snls,1.3,SG-2457
Cargo Pocket Zipper Hem Top with Zip-2 Without Tracing,Snls,0.95,SG-2458
Cargo Pocket Zipper Hem Top with Zip-4 Without Tracing,Snls,1.85,SG-2458
Flap velcro tape att-2,Snls,0.586,SG-2459
Patch Attach 2 Sides-1,Snls,0.24,SG-9071
Piping attach to cargo Pocket Box pleats-2*2,Snls,0.526,SG-2461
Side Cargo Pocket Band Top 3sides-1,Snls,0.312,SG-9220
Side Cargo Pocket Box Pleat Stay Stitch-2*2,Snls,0.36,SG-0444
Side Cargo Pocket Box Pleat Stay Stitch-4*2,Snls,0.72,SG-0444
Side Cargo Pocket Hem-1 (S/F/Pre Pressed),Snls,0.09,SG-5269
Side Cargo Pocket Hem (Single Fold-Pre Pressed) SN-2,Snls,0.21,SG-5269
Side Cargo Pocket Hem (Single Fold-Pre Pressed) SN-4,Snls,0.41,SG-5269
Side Cargo Pocket Hem (Single Fold) SN-4,Snls,0.75,SG-5269
Side Cargo Pocket Hem (Single Fold-Pre Pressed) SN-2 2nd,Snls,0.21,SG-5269
Side Cargo Pocket Hem (Single Fold)-SN 4 Ply Thread,Snls,0.32,SG-5269
Side Cargo Pocket Make 3sides-2,Snls,0.8571428571428572,SG-2468
Side Cargo Pocket Make 2sides-2,Snls,0.5714285714285715,SG-2468
Side Cargo Pocket Make 3sides-4,Snls,1.2,SG-2468
Side Cargo Pocket Make Uper Side-2,Snls,0.4,SG-2469
Side Cargo Pocket Make Uper Side-1,Snls,0.2,SG-2469
Side Cargo Pocket pleat make-1*2,Snls,0.274,SG-2470
Side Cargo Pocket Pleat Make (Pre Pressed)-2 (2 Go Top),Snls,0.301,SG-2470
Side Cargo Pocket Pleat Make (Wd out Press)-2 (2 Go Top),Snls,0.55,SG-2470
Side Pocket velcro tape att-2,Snls,0.586,SG-9222
Side Pocket velcro tape attach-2*2,Snls,1.45,SG-2472
Side Pocket velcro tape attach-3,Snls,0.85,SG-2472
Side Pocket velcro tape attach-1,Snls,0.31,SG-2472
Side Pocket velcro tape attach-2,Snls,0.75,SG-2472
Velcro Tape Attach At Panel-1,Snls,0.29,SG-2473
Velcro Tape Attach At Pocket-2,Snls,0.75,SG-9222
Velcro Tape Attach At Pocket-1 Inner,Snls,0.38,SG-9222
Velcro Tape Attach At Side Pocket-1,Snls,0.38,SG-9222
Velcro Tape Top Box Stitch At Pocket-2,Snls,0.58,SG-9222
CAGRO POCKET BAND PRESS-2(FOLDER),Steam Press,0.34,SG-0441
Cargo Pocket band press after att-2,Steam Press,0.568,SG-0441
Cargo Pocket band press allaround-2,Steam Press,0.523,SG-0441
Cargo Pocket band press 2side-2*2,Steam Press,0.48,SG-0441
Cargo Pocket box pleat press-2,Steam Press,0.386,SG-0441
Cargo Pocket Cover Flap Hem Press-2 S/F,Steam Press,0.25,SG-0441
Cargo Pocket Dart Press-2*2,Steam Press,0.23,SG-0441
Cargo Pocket Hem Press-2 (Single fold),Steam Press,0.22,SG-0441
Cargo Pocket Hem Press-2 (Double Fold),Steam Press,0.42,SG-0441
Cargo Pocket Hem Press-1 (Single fold),Steam Press,0.085,SG-0441
Cargo Pocket Hem Press-1 (Doube fold),Steam Press,0.18,SG-0441
CARGO POCKET INNER PATCH PRESS-2(RECTANGLE),Steam Press,0.44,SG-0441
Cargo Pocket Pleat Press-2*2,Steam Press,0.28,SG-0441
CARGO POCKET PRESS-2 (Round),Steam Press,0.54,SG-0441
CARGO POCKET PRESS-4 (Round),Steam Press,1.08,SG-0441
Cargo Pocket press btm side-2,Steam Press,0.32,SG-0441
CARGO POCKET PRESS-4 (Round) Large,Steam Press,0.75,SG-0441
Cargo Pocket Press 3Sided-2,Steam Press,0.44,SG-0441
Cargo Pocket Press 3Sided-2 With Pleats,Steam Press,0.44,SG-0441
Cargo Pocket Press 3Sided-4,Steam Press,0.88,SG-0441
Cargo Pocket Press 3Sided-4 with Pleats,Steam Press,0.98,SG-0441
CARGO POCKET PRESS 5SIDES-2,Steam Press,0.46,SG-0441
CARGO POCKET PRESS 5SIDES-2 with Emb,Steam Press,0.55,SG-0441
Inner Patch Press-4 (2 Sides of Rect. Patch) Back & Side,Steam Press,0.61,SG-0441
Patch Press-1 (4 Sides-Rectangle Patch),Steam Press,0.214,SG-0441
Side CAGRO POCKET BAND PRESS-2(FOLDER),Steam Press,0.34,SG-0441
Side Cargo POCKET BAND PRESS-1(FOLDER),Steam Press,0.17,SG-0441
Side Cargo Pocket box pleat press For Make-2,Steam Press,0.39,SG-0441
Side Cargo Pocket Hem Press-2 (Single fold),Steam Press,0.19,SG-0441
Side Cargo Pocket Hem Press-4 (Single fold),Steam Press,0.39,SG-0441
Side Cargo Pocket Pleat Press For Make-2,Steam Press,0.27,SG-0441
Side Cargo Pocket Press 3Sided-1,Steam Press,0.22,SG-0441
Side Cargo Pocket Press 3Sided-2,Steam Press,0.44,SG-0441
Side Cargo Pocket Press 3Sided-2 With Pleats,Steam Press,0.52,SG-0441
Side Patch Press-2 (2 Sides of Rect. Patch),Steam Press,0.298,SG-0441
Cargo Pocket Hem (Single Fold-Straight/Pre Pressed) with Thread Trim,Tncs,0.25,SG-5269
Cargo Pocket Hem (Single Fold) TN-1 with Thread Trim,Tncs,0.13,SG-5269
Cargo Pocket Hem (Single Fold) TN-2 with Thread Trim,Tncs,0.24,SG-5269
Cargo Pocket Band Top-2*2,Tnls,0.618,SG-2504
Cargo Pocket Band Top 5sides-2,Tnls,0.842,SG-2505
Cargo Pocket belo Band att 3sides wd cut-2,Tnls,0.91,SG-9223
Cargo Pocket Hem (Single Fold-Pre Pressed)-TN,Tnls,0.22,SG-5269
Cargo Pocket Pleat Make-2*2,Tnls,0.5714285714285715,SG-2508
Cargo Pocket Pleat Make-2*2 4 Ply Thread,Tnls,0.7857142857142858,SG-9196
Cargo Pocket Pleat Top Stitch-2*2,Tnls,0.44,SG-9224
Side Cargo Pocket belo Band att 3sides wd cut-2,Tnls,0.91,SG-9223
Side Cargo Pocket Hem (Single Fold-Pre Pressed) TN-2,Tnls,0.2142857142857143,SG-5269
Side Cargo Pocket Pleat Top Stitch-1*2,Tnls,0.22,SG-9224
Cargo Pocket Band Tracing for Attach-2,Tracing Pattern,0.35,SG-9198
Cargo Pocket box pleat Tracing-2*2,Tracing Pattern,0.368,SG-9225
Cargo Pocket Dart Tracing-2*2,Tracing Pattern,0.26,SG-2516
Cargo Pocket Dart Tracing-2*4,Tracing Pattern,0.52,SG-2516
Cargo Pocket Dart Tracing-4*2,Tracing Pattern,0.3928571428571429,SG-2516
Cargo Pocket Dart Tracing-2*2 with Hem Tracing,Tracing Pattern,0.38,SG-2516
Cargo Pocket Dart Tracing-2*4 with Hem Tracing,Tracing Pattern,0.75,SG-2516
Cargo Pocket Make Tracing 3sides-1 with Hem Tracing,Tracing Pattern,0.1964285714285715,SG-2517
Cargo Pocket Pleat Make Tracing-2*2,Tracing Pattern,0.2857142857142858,SG-2518
Cargo Pocket Pleat Make Tracing-2*2,Tracing Pattern,0.2857142857142858,SG-2518
Cargo Pocket Pleat Make Tracing-2*4,Tracing Pattern,0.52,SG-2518
Cargo Pocket Pleat Make Tracing-2*1,Tracing Pattern,0.1428571428571429,SG-2518
Cargo Pocket Pleat Top Tracing-2*2,Tracing Pattern,0.25,SG-9171
SIDE CARGO Pocket BOX PLEAT Tracing-2*2,Tracing Pattern,0.37,SG-9225
Side Cargo Pocket Make Tracing 3sides-2,Tracing Pattern,0.4285714285714286,SG-2521
Side Cargo Pocket Make Tracing 2sides-2,Tracing Pattern,0.28,SG-2521
Side Cargo Pocket Make Tracing 3sides-4 with Hem Tracing,Tracing Pattern,0.8,SG-2521
Side Cargo Pocket Pleat Tracing-2*2 with Hem Tracing,Tracing Pattern,0.41,SG-2522
Side Cargo Pocket Pleat Tracing-2*2 with Hem Tracing 2nd,Tracing Pattern,0.41,SG-2522
Side Cargo Pocket Pleat Tracing-1*2,Tracing Pattern,0.1607142857142857,SG-2522
Side Pocket velcro tape attach Tracing-2*2,Tracing Pattern,0.4,SG-2523
Side Pocket velcro tape attach Tracing-3,Tracing Pattern,0.3,SG-2523
Side Pocket velcro tape attach Tracing-1,Tracing Pattern,0.1071428571428572,SG-2523
Side Pocket velcro tape attach Tracing-2,Tracing Pattern,0.17,SG-2523
Velcro Tape Attach Tracing At Pocket-2,Tracing Pattern,0.201,SG-9198
Velcro Tape Attach Tracing At Pocket-1 Inner,Tracing Pattern,0.1071428571428572,SG-9198
Velcro Tape Attach Tracing At Side Pocket-1,Tracing Pattern,0.1071428571428572,SG-9198
"Inside Garment Checking Bottom Wears (Pant, Short, Skirt, Capri)",Nill,0.35,SG-2527
"Inside Garment Checking Top Wears (Jacket, Shirt, Daungree)",Nill,0.5,SG-2528
"Production checking (jacket, Shirt, Daungree)",Nill,1.59,SG-2529
Production checking (Pant),Nill,1.18,SG-2529
"Production checking (Short, Skirt, Capri)",Nill,0.95,SG-2529
Production checking Pant (High Fashion),Nill,1.38,SG-2530
Super checking Bottom Wears (Pant),Nill,0.35,SG-2531
"Super Checking Bottom Wears (Short, Skirt, Capri)",Nill,0.31,SG-2531
"Super Checking Top Wears (Jacket, Shirt, Waist coat)",Nill,0.46,SG-2532
Cinch Loop Bartack-2,Bartack,0.16,SG-0067
CINCH LOOP BARTACK-4,Bartack,0.26,SG-0067
Cinch Loop Bartack-2*2,Bartack,0.29,SG-0067
Cinch Loop Bartack-4(inner patch),Bartack,0.44,SG-0067
CINCH LOOP BARTAK-4*2,Bartack,0.52,SG-0067
Cinch Loop Button Hole-2,Eyelet Button Hole,0.26,SG-0124
Cinch Loop Button Hole-1,Eyelet Button Hole,0.13,SG-0124
Cinch Loop Extra Trim-2,Nill,0.15,SG-2536
Cut at Cinch Loop for press-2*2,Nill,0.267,SG-2537
Cinch Loop edge sec -1,O/L,0.078,SG-2538
Cinch Loop edge sec -2,O/L,0.152,SG-2538
Cinch Loop Attach 1side-2,Snls,0.315,SG-2539
Cinch Loop Attach 1Side-1,Snls,0.18,SG-2539
Cinch Loop Attach 1Side-2,Snls,0.35,SG-2539
Cinch Loop Attach 2Side-1,Snls,0.28,SG-2539
Cinch Loop Attach 2sides-2,Snls,0.435,SG-2540
Cinch Loop Attach 3sides-2,Snls,0.542,SG-2540
Cinch Loop Attach 4sides-2,Snls,0.635,SG-2540
Cinch Loop Center Stitch-2,Snls,0.315,SG-2541
Cinch Loop Center Tacking-2,Snls,0.35,SG-2542
Cinch Loop deco stitch(straight)-2,Snls,0.256,SG-2543
Cinch Loop deco stitch(triangle)-1,Snls,0.256,SG-2543
Cinch Loop deco stitch(triangle)-2,Snls,0.503,SG-2543
Cinch Loop deco stitch(box)-1,Snls,0.298,SG-2543
Cinch Loop deco stitch(box)-2,Snls,0.5452,SG-2543
Cinch Loop Deco Stitch-2 (U Shape),Snls,0.463,SG-2543
Cinch Loop Deco Stitch 2Sides -2,Snls,0.35,SG-2543
"Cinch Loop Make-2(2 pcs,Curve & 3 sides)",Snls,0.774,SG-4292
"Cinch Loop Make(Center Stitch,Pre-Pressed)-1",Snls,0.26,SG-4292
Cinch Loop Make 3Sides(Corner Fold)-2,Snls,0.81,SG-4292
"Cinch Loop Make SN(1pc, 3 sides)-2",Snls,0.642,SG-4292
"Cinch Loop Make SN(2pc, 3 sides)-2",Snls,0.728,SG-4292
"Cinch Loop Make SN(1pc, 4 sides)-1",Snls,0.3712,SG-4292
"Cinch Loop Make(1pc, 4 sides)abv 20cm-1",Snls,0.46,SG-4292
Cinch Loop Raw edge sty stitch-1,Snls,0.142,SG-2549
Cinch Loop Raw edge sty stitch-2,Snls,0.206,SG-2549
Cinch Loop top(1side)-2,Snls,0.278,SG-2550
Cinch Loop top(2sides)-2,Snls,0.398,SG-2550
Cinch Loop top(3sides)-2,Snls,0.475,SG-2550
Cinch Loop Top(4sides)-1,Snls,0.37,SG-2550
Side Loop Stay Stitch-2,Snls,0.25,SG-0444
"Cinch Loop press(1pc, 3 sides)-2",Steam Press,0.745,SG-0441
"Cinch Loop press(2pc, 3 sides)-2",Steam Press,0.956,SG-0441
"Cinch Loop Press(2 pcs,Curve & 3 sides)-2",Steam Press,1.045,SG-0441
Cinch Loop Press(for center stitch make)-1,Steam Press,0.38,SG-0441
"Cinch Loop press(1pc, 3 sides)-1",Steam Press,0.372,SG-0441
Cinch Loop press for att 1side-2,Steam Press,0.196,SG-0441
Cinch Loop Press 2Sides-2,Steam Press,0.33,SG-0441
"Cinch Loop Press(1pc, 4 sides)abv 20cm-1",Steam Press,0.56,SG-0441
Cinch Loop deco stitch(straight)-2,Tnls,0.268,SG-2556
CINCH LOOP DECO STITCH LENGTHWISE(STRAIGHT)-2,Tnls,0.312,SG-2557
"Cinch Loop Make TN(1pc, 3 sides)-2",Tnls,0.885,SG-4292
"Cinch Loop Make TN(2pc, 3 sides)-2",Tnls,1.05,SG-4292
Cinch Loop top(1side)-2,Tnls,0.326,SG-9226
Cinch Loop top TN(1side)-2,Tnls,0.321,SG-9226
Cinch center stitch Tracing -2,Tracing Pattern,0.203,SG-2561
Cinch Loop att & top Tracing -2,Tracing Pattern,0.278,SG-2562
Cinch Loop Attach Tracing -2,Tracing Pattern,0.223,SG-2563
CINCH LOOP ATTACH TRACING -1,Tracing Pattern,0.14,SG-2563
Cinch Loop Bartack Tracing-2,Tracing Pattern,0.18,SG-2564
Cinch Loop Button Hole Tracing-1,Tracing Pattern,0.11,SG-9104
Cinch Loop deco st Tracing(triangle)-1,Tracing Pattern,0.125,SG-2566
Cinch Loop deco st Tracing(triangle)-2,Tracing Pattern,0.196,SG-2566
Cinch Loop deco st Tracing(box)-1,Tracing Pattern,0.135,SG-2566
Cinch Loop deco st Tracing(box)-2,Tracing Pattern,0.231,SG-2566
Cinch Loop Deco Stitch Tracing(straight)-2,Tracing Pattern,0.17,SG-2566
Cinch Loop length Tracing -1,Tracing Pattern,0.102,SG-2568
Cinch Loop length Tracing -2,Tracing Pattern,0.167,SG-2568
Collar Part Fuse-1,Auto Press,0.21,SG-0064
Collar Part Fuse-2,Auto Press,0.42,SG-0064
Inner Collar band fuse-1,Auto Press,0.134,SG-0064
Inner Collar Band Fuse-2,Auto Press,0.3,SG-0064
Button Loop Cut-5,Nill,0.22,SG-9227
Collar Band Corner Turn,Nill,0.2,SG-2572
Collar Band cornr trim & Turn,Nill,0.196,SG-2573
Collar Band Excess Corner Trim,Nill,0.15,SG-2574
Collar INER SEAM ALWNC TRIM AFTER BAND ATACH,Nill,0.14,SG-2575
COLLAR SIDES EXCESS TRIM,Nill,0.13,SG-2576
Collar Trim,Nill,0.2,SG-2577
Collar Trim,Nill,0.2,SG-2577
Collar Turn,Nill,0.2,SG-2578
Collar Turn,Nill,0.2,SG-2578
Tracing at Collar For Attach(1Side),Nill,0.1785714285714286,SG-2579
COLLAR BAND LENGTH WISE TRIM,O/L,0.16,SG-0335
Collar Trim-3 Sides,O/L,0.24,SG-0335
Button Loop Attach-5,Snls,0.62,SG-9228
Collar band att wd corner make(sandwich),Snls,1.32,SG-2583
Collar band attach-1,Snls,0.3,SG-2584
COLLAR BAND ATTACH -2,Snls,0.47,SG-2584
COLLAR BAND ATTACH -2 (Pre-Pressed),Snls,0.47,SG-2584
COLLAR BAND ATTACH -1 (Pre-Pressed),Snls,0.28,SG-2584
Collar Band Busted Join Press SN,Snls,0.275,SG-2585
Collar Band Busted Join Top 1,Snls,0.42,SG-9229
Collar Band Busted Join Top 2nd,Snls,0.42,SG-9229
Collar Band Top-1,Snls,0.23,SG-2588
Collar Band Top-2,Snls,0.46,SG-2588
Collar Band Top-1,Snls,0.28,SG-2588
"Collar Band Zigzag Stitch(18sides,17crnr)-1",Snls,1.15,SG-2589
"Collar Band Zigzag Stitch(38sides,37crnr)-1",Snls,1.62,SG-2589
"Collar Band Zigzag Stitch(10 Sides,9 Crnr)-1",Snls,0.68,SG-2589
COLLAR BANDS ATTACH SANDWHICH,Snls,0.4,SG-2590
Collar Close with Top Stitch (Furr),Snls,2.01,SG-9039
Collar Furr Inner Stitch (Top Sides Only),Snls,0.32,SG-2592
Collar Inner Band Deco Stitch-4,Snls,1.25,SG-2593
Collar Inner Band Top-1,Snls,0.25,SG-2588
Collar Inner Furr attach-(4 sides),Snls,0.4,SG-2595
Collar Make with thread,Snls,0.523,SG-2596
Collar Make with thread (Cordura Part Inner),Snls,0.62,SG-2596
Collar Make With Thread(Sides Only),Snls,0.4,SG-2596
Collar Make with thread with Furr,Snls,1.2,SG-2596
Collar Make Only Top Side-1,Snls,0.325,SG-2597
Collar Panels Make Straight,Snls,0.65,SG-2598
Collar Top Stitch-SN After Make,Snls,0.425,SG-0619
Collar Top Stitch-SN Straight,Snls,0.36,SG-0619
Furr Stay Stitch all Around,Snls,0.98,SG-0444
Furr Stay Stitch Bottom Side,Snls,0.28,SG-0444
Neck Band Panel Join Top-1,Snls,0.15,SG-9230
NECK BAND PANELS JOIN (3 PCS - 2 JOINS),Snls,0.3,SG-9230
Side Patch Attach stay Stitch-2 (V Shape),Snls,0.35,SG-0444
Collar Button Hole-3,St/Button Hole,0.42,SG-0124
COLLAR BUTTON HOLE-1,St/Button Hole,0.13,SG-0124
Side patch Starigth Button Hole-2,St/Button Hole,0.25,SG-0124
Collar Band Busted join Press-1,Steam Press,0.2,SG-0440
Collar Band Busted join Press-1 Large,Steam Press,0.28,SG-0440
Collar Band Edge Press for att(1side),Steam Press,0.32,SG-0441
Collar Band Press for Attach-1,Steam Press,0.17,SG-0441
Collar Band Press for Attach-2,Steam Press,0.32,SG-0441
Collar Busted join Press-1,Steam Press,0.22,SG-0440
Collar Edge Press Only Sides,Steam Press,0.16,SG-0441
Collar Furr stay stitch at press for att(1side)-3,Steam Press,0.26,SG-0441
Collar press for att(1side),Steam Press,0.223,SG-0441
Collar press for att(2side),Steam Press,0.378,SG-0441
Neck Band Edge Press Top Side- (Curve),Steam Press,0.58,SG-0441
Neck Band Join Press (3 pcs - 2 Joins),Steam Press,0.17,SG-0441
Neck Band Join Press (2 pcs - 1 Joins),Steam Press,0.11,SG-0441
Neck Band Press 1 Side- (Curve),Steam Press,0.56,SG-0441
Neck Band Press 1 Side-3 Pcs (Curve),Steam Press,0.56,SG-0441
Neck Band Press 1 Side-2 Pcs (Curve),Steam Press,0.423,SG-0441
Side patch Press (S/F)-2,Steam Press,0.17,SG-0441
Collar Band Busted Join Top-2,Tnls,0.48,SG-9231
Collar Band Busted Join Top-1 TN,Tnls,0.28,SG-9231
Collar Band Join Top-2,Tnls,0.46,SG-2623
Collar Top Stitch-TN After Make,Tnls,0.486,SG-2624
Collar band attach tracing-1,Tracing Pattern,0.2,SG-9232
"Collar band Zigzag Tracing-1 (18 Sides, 17 Crnr)-1",Tracing Pattern,0.42,SG-2626
"Collar band Zigzag Tracing-1 (38 Sides, 37 Crnr)-1",Tracing Pattern,0.52,SG-2626
"Collar band Zigzag Tracing-1 (10 Sides, 9 Crnr)-1",Tracing Pattern,0.29,SG-2626
Collar Button Hole Tracing-1,Tracing Pattern,0.12,SG-9104
Collar High Low Tracing For Band Attach,Tracing Pattern,0.1785714285714286,SG-9232
Collar Inner Band Deco Stitch Tracing-4,Tracing Pattern,0.19,SG-2629
Collar make & band attach tracing,Tracing Pattern,0.3,SG-9232
Collar make tracing,Tracing Pattern,0.217,SG-2631
Collar Make Tracing(Sides Only),Tracing Pattern,0.1785714285714286,SG-2631
Collar make tracing with Loop Tracing,Tracing Pattern,0.32,SG-2631
Neck Band Tracing for Attach 1 Side-3 Pcs (Curve),Tracing Pattern,0.44,SG-2632
Neck Band Tracing for Attach 1 Side-2 Pcs (Curve),Tracing Pattern,0.286,SG-2632
Neck Band Tracing for Collar Attach 1-Side,Tracing Pattern,0.27,SG-9232
Tracing at inner collar band with corner,Tracing Pattern,0.235,SG-2634
Tracing at inner collar for band joints,Tracing Pattern,0.14,SG-2635
Tracing at outer collar for band joints,Tracing Pattern,0.14,SG-2636
Tab Fuse 2Part-2,Auto Press,0.35,SG-0064
Cuff Panels Busted Join Press-2,Bottle Press,0.2,SG-0440
Button Loop Cut-4*2,Nill,0.34,SG-9227
Cuff Trim(2Corners)-2,Nill,0.29,SG-2640
Cuff Trim(4Corners)-2,Nill,0.34,SG-2640
Cuff Trim-2,Nill,0.28,SG-2640
Cuff Turn(2Corners)-2,Nill,0.26,SG-2641
Cuff Turn(4Corners)-2,Nill,0.3,SG-2641
Cuff Turn(2Corners)-2,Nill,0.4,SG-2641
Cuff Turn-2,Nill,0.25,SG-2641
Cuff Turn 2nd-2,Nill,0.22,SG-2642
Cuff Trim-2,O/L,0.22,SG-0335
Button Loop Attach-4*2,Snls,0.98,SG-9228
Button Loop stay stitch-4*2,Snls,0.5,SG-0444
Cuff Edge Hem-2 water thread,Snls,0.46,SG-2646
Cuff Edge Stitch-2 Straight,Snls,0.46,SG-2647
Cuff Join Press-2,Snls,0.3,SG-2648
Cuff Make-2,Snls,0.28,SG-2649
Cuff Make 2Corners (With Thread)-2,Snls,0.62,SG-2650
Cuff Make 4Corners (With Thread)-2,Snls,0.72,SG-2650
Cuff Make 2Corners -2*2,Snls,1.1,SG-2650
Cuff Make (Sides) Mitered 1Side-2,Snls,0.95,SG-2651
Cuff Make Round (With Thread)-2,Snls,0.69,SG-2652
Cuff Panels Busted Join-2,Snls,0.25,SG-2653
Cuff Panels Join -2*2,Snls,0.6,SG-2654
Cuff top-2*2,Snls,0.6,SG-2655
Cuff Top Stitch Round-2 After Attach,Snls,0.68,SG-0658
Cuff Edge Press,Steam Press,0.24,SG-0441
Cuff Edge Press Curved-2,Steam Press,0.32,SG-0441
CUFF EDGES PRESS(2CORNERS)-2,Steam Press,0.28,SG-0441
CUFF EDGES PRESS(4CORNERS)-2,Steam Press,0.38,SG-0441
CUFF EDGES PRESS(2CORNERS)-2,Steam Press,0.28,SG-0441
Cuff Join Press-2,Steam Press,0.55,SG-0441
Cuff Linning press for att(1side)-2,Steam Press,0.4,SG-0441
Cuff Press For Attach 1Side-2,Steam Press,0.25,SG-0441
Cuff Press For Attach 2Side-2,Steam Press,0.41,SG-0441
Cuff Press For Attach 4Side-2*2,Steam Press,1.3,SG-0441
Cuff Press For Attach 1Side Curved-2,Steam Press,0.52,SG-0441
Cuff Press S/F-2*2,Steam Press,0.56,SG-0441
Cuff Make Tracing-2,Tracing Pattern,0.25,SG-2665
Cuff Make Tracing-2*2,Tracing Pattern,0.46,SG-2665
Cuff Make Tracing-2 1Side Mitered,Tracing Pattern,0.34,SG-2665
Cuff Tracing For Attach 1Side-2,Tracing Pattern,0.25,SG-2667
Embossing Complete (B/W)-1,Embosing Machines,0.61,SG-2668
Embossing Complete (B/W)-2,Embosing Machines,1.22,SG-2668
Bottom Frill Busted Join Press (Front & Back),Auto Press,0.32,SG-5099
Small Patch Press (Folder),Auto Press,0.12,SG-5099
Draw String Corner Bartack-2*2,Bartack,0.264,SG-0066
BOTTOM ELASTIC PATCH TOP-1*2,Feed Off Arm,0.48,SG-0132
Armhole Frill Excress Trim-2,Nill,0.29,SG-2673
Bottom Frill Excess Trim(allaround),Nill,0.26,SG-2674
Braid cut-3,Nill,0.23,SG-2675
Cord Entanglement Removing,Nill,0.12,SG-2676
Cut Welt Pocket Strip Trim 1 Side-2,Nill,0.16,SG-9233
Elastic Cut-2,Nill,0.22,SG-2678
Extra Strip Trim WB,Nill,0.1785714285714286,SG-2679
FRONT Pocket-2 AND LOOP-1 BRAIDS MAKE MANUAL,Nill,0.96,SG-2680
FRONT POCKET BRAID TRIM-2,Nill,0.23,SG-3177
Front Strip Chain Open-2*2,Nill,0.41,SG-2682
Hang Braids Make Manual-2,Nill,0.95,SG-2683
HIDDEN POCKET BAG TURN-1,Nill,0.12,SG-2684
Label Unpick-2,Nill,0.34,SG-9234
Lining Patch Trim & Turn-1,Nill,0.16,SG-2686
Lining Waist Band Corner Trim Curve With Corners-2,Nill,0.5,SG-9023
Lining Waist Band Turn Tube Shaped-1,Nill,0.6071428571428572,SG-2688
Small Patch Trim-1*1,Nill,0.1,SG-2689
Stay Stitch Unpick-1,Nill,0.17,SG-2690
Waist band Corner Stay Stitch Unpick-4,Nill,0.23,SG-9023
Waist Band Piping Trim-2,Nill,0.14,SG-2692
Waist band Pleats Excess Notch Trim-5*2,Nill,0.7,SG-2693
Welt Pocket Strip Trim 1 Side-2,Nill,0.16,SG-9233
Back Patch Secure 2Sides-5,O/L,0.52,SG-0331
Bottom Elastic Ring Secure-2(allaround),O/L,0.36,SG-0331
Bottom Patch Edge Secure-2,O/L,0.18,SG-0331
Bottom Patch Edge Secure-2*2,O/L,0.27,SG-0331
Front Facing Edge Secure Curve-2,O/L,0.2142857142857143,SG-0331
Hidden Pocket Secure 2Sides-1,O/L,0.19,SG-0331
Neck Strip Edge Secure 3Side-1,O/L,0.25,SG-0331
Outseam Side Patch Secure-2 (1 Side),O/L,0.14,SG-0331
Patch Secure 4Sided(big)-2,O/L,0.53,SG-0331
Patch Secure 4 Sided-2,O/L,0.62,SG-0331
PATCH SECURE 4 SIDED- 1,O/L,0.23,SG-0331
Patch Secure 2Sides-1,O/L,0.21,SG-0331
Front Bib Inner Patch Press After Attach,Press,0.24,SG-0441
Armhole Frill Edge Top Stitch-2,Snls,0.44,SG-2705
Armhole Frill Gathering Make-2,Snls,1.51,SG-2706
Armhole Frill Join With Inner Part-2,Snls,0.52,SG-2707
Armhole Frill Stay Stitch With Inner Part-2,Snls,0.26,SG-0444
Back Bottom Band Top(hidden)-2,Snls,0.31,SG-2709
Back Bottom Frill Tracing Stitch(For Width)-2,Snls,0.47,SG-2710
Back Frill Gathering Make-1,Snls,0.62,SG-2711
Back Frill Hem(skirt)-2,Snls,0.86,SG-2712
Back Frill Stay Stitch With Lower Part-1,Snls,0.28,SG-0444
Back Pocket Inner Patch Hem 4Sides-1,Snls,0.36,SG-2714
Bottom Draw String Make (Folder),Snls,0.25,SG-2715
Bottom Draw String Tacking At Patch For Wash,Snls,0.82,SG-2716
Bottom Elastc Attach Stay Stitch-3*2,Snls,0.56,SG-0444
Bottom Elastic Ring Make-2,Snls,0.28,SG-2718
Bottom Elastic Ring Stay Stitch Allaround-2 Water Thread,Snls,0.71,SG-0444
BOTTOM ELASTIC RING TOP STITCH -2 2nd,Snls,0.485,SG-9235
BOTTOM ELASTIC RING TOP STITCH -2 1st,Snls,0.485,SG-9235
Bottom Frill Edge Top(allaround),Snls,0.47,SG-2722
Bottom Frill Geathering Make(after pleats),Snls,1.41,SG-2722
Bottom Frill Join With Inner Part (Front & Back),Snls,0.44,SG-2722
Bottom Frill Pleats Make-Auto,Snls,1.53,SG-2722
Bottom Frill Ring Joints Stay Stitch-2*2,Snls,0.31,SG-0444
Bottom Frill Ring Make 2Joints,Snls,0.39,SG-2722
Bottom Frill Stay Stitch With Inner Part-4,Snls,0.44,SG-0444
Bottom Inner Patch Join-2*2(Ring Make),Snls,0.54,SG-2729
Bottom Inner Patch Panels Join-2,Snls,0.31,SG-2730
Bottom Patch Ring Edge Top-2,Snls,0.32,SG-2731
Bottom Patch Ring Make-2,Snls,0.36,SG-2732
Bottom Patch Stay Stitch-2,Snls,0.28,SG-0444
Bottom Patch Stay Stitch Allaround-2,Snls,0.43,SG-0444
BRAID STAY STITCH AT SIDES-2*2,Snls,0.42,SG-0444
BRAID STAY STITCH for Make -1 (At Start),Snls,0.18,SG-0444
Cap Patch Attach-1,Snls,0.221,SG-9237
Cap Patch Close After Inner Stitch-1,Snls,0.31,SG-2738
Facing Tacking with Fold-2,Snls,0.213,SG-2739
Front Patch Stay Stitch-2,Snls,0.32,SG-0444
Front Placket Frill Gathering Make-2,Snls,0.6,SG-2741
Front Placket Frill Hem-2,Snls,0.38,SG-2742
Front Placket Gathering Stitch-1,Snls,0.27,SG-2743
Front Strip Corner Close U-shape(1pcs),Snls,0.46,SG-2744
Front Zipper Patch Attach Panel-2 (Top & Botm),Snls,0.91,SG-9239
Hang Strip Make Tape Insert-1,Snls,0.096,SG-2746
Hidden Pocket Attach Stay Stitch-1,Snls,0.17,SG-0444
Hidden Pocket Bag Make 3Sides-1,Snls,0.37,SG-9240
Hidden Pocket Make(pre pressed)4sides-1,Snls,0.37,SG-9240
Leather Patch Attach 1Side-2,Snls,0.34,SG-4287
Lining Patch Attach 2 SIDED-1,Snls,0.19,SG-2751
Lining Waist Band Close With Fold-1,Snls,0.42,SG-9058
Lining Waist Band Label Attach Without Tracing-1,Snls,0.42,SG-9068
Lining Waist Band Make Allround Curve With Corners2,Snls,1.35,SG-2754
Panel Close for wash-SN,Snls,0.56,SG-2755
Patch Attach-1 (1Side),Snls,0.17,SG-9155
Patch Edge Top 1side-1,Snls,0.22,SG-0888
Patch Make Prepressed 1side-1,Snls,0.3,SG-2758
Piping Raper Stay Stitch For Extention,Snls,0.08928571428571429,SG-0444
Piping Raper Stay Stitch For Extention,Snls,0.08928571428571429,SG-0444
Piping Raper Stay Stitch For Extention-2,Snls,0.1785714285714286,SG-0444
Piping Raper Stay Stitch For Extention For Seat,Snls,0.08928571428571429,SG-0444
Rectangle Patch Join-SN-1,Snls,0.18,SG-2761
Rectangular Patch Hem (2 Sides)-1,Snls,0.1428571428571429,SG-2762
Shoulder Patch Make (2side-2Pc)-1,Snls,0.3,SG-2763
Shoulder Patch Stay Stitch 2side-1,Snls,0.36,SG-0444
Shoulder Patch Top 2side-1 with Turn,Snls,0.22,SG-0888
Twill Tape Attach (4Sided),Snls,0.35,SG-9081
Waistband Cord Loop attach for Wash,Snls,0.38,SG-2767
Welt Pocket Edge Stitch (Top) Hidden-1,Snls,0.31,SG-9241
Armhole Frill Busted Join Press-2,Steam Press,0.27,SG-0440
Back Bottom Band Conture Press-2,Steam Press,0.21,SG-0441
"Back Bottom Band Press(2pcs,1side)-2",Steam Press,0.29,SG-0441
Back Inner Patch Press For Attach-2 (1 Pc/3 corner),Steam Press,0.65,SG-0441
Back Patch Press 2sides-5,Steam Press,1.35,SG-0441
Bottom Frill Ring Joint Press-2,Steam Press,0.22,SG-0441
Bottom Inner Patch Busted Join Press-2*2,Steam Press,0.28,SG-0440
Bottom Inner Patch Panels Join Press-2,Steam Press,0.18,SG-0441
Bottom Inner Patch Press(after attach)-2,Steam Press,0.56,SG-0441
Bottom Inner Patch Press 1side-2*2,Steam Press,0.43,SG-0441
Bottom Patch Press S/F -2,Steam Press,0.22,SG-0441
Bottom Patch Press 1 side-2*2,Steam Press,0.43,SG-0441
Bottom Patch Press 2Sides-2,Steam Press,0.37,SG-0441
Front Bib Patch Press For Attach 1Pc-1 Straight With Fold,Steam Press,0.2,SG-0441
Front Patch Press S/F-1,Steam Press,0.13,SG-0441
"Front V-Strip Press 6Sides, 2Crnr-1",Steam Press,0.55,SG-0441
Hidden Pocket Press For Make 4sides-1,Steam Press,0.22,SG-0441
Lining Patch Press-1 (4Sides),Steam Press,0.235,SG-0441
Lining Patch Press-2 (4Sides),Steam Press,0.393,SG-0441
Lining Patch Press 2 Sided-1,Steam Press,0.17,SG-0441
Lining Waist Band Press-1,Steam Press,0.7142857142857143,SG-0441
Outseam Side Patch Press Cap Formed-2,Steam Press,0.36,SG-0441
Patch Press-1 (1side),Steam Press,0.09,SG-0441
"Patch Press-2 (4 Sides,Round)",Steam Press,0.53,SG-0441
Patch Press-2 (4 Sides - Rectangle Patch),Steam Press,0.52,SG-0441
Patch Press-2 (4 Sides - Rectangle Patch),Steam Press,0.42,SG-0441
Patch Press-1(Big-8sides-Hexagonal),Steam Press,0.38,SG-0441
Patch Press-1 (3 Sides-Rectangle Patch),Steam Press,0.18,SG-0441
Patch Press-2 (3 Sides - Rectangle Patch),Steam Press,0.34,SG-0441
Patch Press -2 (6 Sided),Steam Press,0.532,SG-0441
Patch Press-1 (2 Sides & 1 Corner),Steam Press,0.17,SG-0441
Patch Press 2Side-10 S/F (For Star),Steam Press,1.92,SG-0441
Patch Press 2Sides-1,Steam Press,0.45,SG-0441
Patch Press 2Sides-2,Steam Press,0.36,SG-0441
Patch Press 1Sides-2,Steam Press,0.18,SG-0441
Rectangle Patch Joint Press-1,Steam Press,0.09,SG-0441
Patch Attach-1 (1Side),Tnls,0.18,SG-2794
Elastitc Center Tracing-2,Tracing Pattern,0.1785714285714286,SG-9105
Lining Waist Band Tracing Curve With Corner,Tracing Pattern,0.5,SG-9125
Side Zipper Center Tracing,Tracing Pattern,0.18,SG-9242
Tracing at Back Bib internal Patch For Attach (3sides)-1,Tracing Pattern,0.17,SG-1265
Tracing At Leather Patch For Attach-2,Tracing Pattern,0.18,SG-9115
Tracing at Lining Patch for Make-1,Tracing Pattern,0.13,SG-2800
Tracing At Patch For Attach(4-SIDED)-1,Tracing Pattern,0.18,SG-9115
Front Strip Make(1pcs)-2,WaistBand,0.62,SG-1336
Tapper Press,Auto Press,0.3571428571428572,SG-2803
Heat Bed-02 For Printing,Heat Bed,0.35,SG-2804
Heat Gun Before Final Check,Heat Gun,0.28,SG-2805
Heat Gun Thread Remove,Heat Gun,0.28,SG-2805
Back Pocket Fray Clean-01,Nill,0.4464285714285715,SG-9243
Back Pocket Unpick 1-Stitch-1,Nill,0.37,SG-2808
Back Pocket Unpick 1-Stitch-2,Nill,0.74,SG-2808
Back Pocket Unpick 2-Stitches-1,Nill,0.74,SG-2809
Back Pocket Unpick 2-Stitches-2,Nill,1.48,SG-2809
Back Pockets Edge Clean 04,Nill,0.7,SG-2810
Back Pockets Edge Clean 08,Nill,1.48,SG-2810
Back Pockets Fray Clean 02,Nill,0.7,SG-9243
Belt Chain Stitch & Bottom Losse Thread Clean,Nill,0.8571428571428572,SG-2812
Bottom Bartack Thread Cutting 04,Nill,0.51,SG-2813
Bottom Fray Cutting,Nill,0.4642857142857144,SG-2814
Bottom Hem Unpick With Fold LS (Skirt),Nill,1.92,SG-2815
Bottom Hem Unpick Both Side (Pant),Nill,1.71,SG-2816
Bottom Hem Unpick Chain Stitch (Skirt),Nill,0.9,SG-2817
Bottom Hem Unpick Chain Stitch (TNCS) (Skirt),Nill,1.42,SG-2817
Bottom Hem Unpick Without Fold LS (Skirt),Nill,1.623,SG-2818
Bottom Loop Cutting-2,Nill,0.27,SG-2819
Bottom Losse Thread Clean,Nill,0.45,SG-2820
Bottom Service Stitch Unpick-02,Nill,0.29,SG-2821
Buckle Insertion-1,Nill,0.35,SG-2822
Buckle Insertion-2 (2 Hole Buckle),Nill,1.071428571428571,SG-2822
Buckle Insertion-3,Nill,0.75,SG-2822
Buckle Insertion-4,Nill,1.05,SG-2822
Busted Fray Cutting,Nill,1.071428571428571,SG-2823
Button Open + Zip Open ( For Heat Bed ),Nill,0.14,SG-2824
Care Label Thread Cutting,Nill,0.1785714285714286,SG-2825
Coin Pocket Edge Cutting 02,Nill,0.31,SG-2826
Color Wise Sorting for Ribbon,Nill,0.1428571428571429,SG-2827
Crotch and Fly Bartack Unpick (TNLS),Nill,2.56,SG-2828
Deco Leather Patch Attach 2-Sided (Manual),Nill,1.1,SG-2829
Destroy Inside Fabric Patch Trimming-3 (4 Sides),Nill,1.21,SG-4976
"Edge Trim Back PKt, Front PKt & Gallace Inner Edge",Nill,0.6,SG-2831
Fly Trim (3 Sided)-1,Nill,1.56,SG-9011
Front Hang Pocket Fray Clean 02,Nill,0.66,SG-2833
Front Pockets Edge Clean 04,Nill,0.7,SG-2834
Fusing Remove at Fly Inside,Nill,0.28,SG-2835
Fusing Remove at Front Pocket & Back Pocket,Nill,0.98,SG-2836
Gallace & Waist band Service Stitch Unpick- 02,Nill,0.28,SG-2878
Garment Tracing Remove (Complete) With Water,Nill,1.92,SG-9012
Inner Side Pocket Bag Fray Cutting,Nill,0.8928571428571429,SG-2839
Inseam Safety Stitch Unpick,Nill,0.286,SG-2840
Inseam Saftey Over Lock Unpick,Nill,1.59,SG-2841
Inseam Top Stitch Unpick (2 Chain Stitch),Nill,0.58,SG-2842
Inside Thread Trimming,Nill,0.5357142857142857,SG-2843
Inside Thread Trimming,Nill,0.5357142857142857,SG-2843
Label Patch Unpick (4 Sides),Nill,0.3928571428571429,SG-2844
Label Unpick-1 (Cutting),Nill,0.1,SG-2845
Label Unpick-1 (3 Part Label Cutting),Nill,0.17,SG-2845
Label Unpick 2sides,Nill,0.42,SG-9244
Leather Patch Unpick (4 Sides),Nill,0.44,SG-2847
Lock Stitch Unpick (Upto 6 Cm),Nill,0.38,SG-2848
Loop Cutting 01 After Wash,Nill,0.1357142857142857,SG-2849
Loop Unpick-2 (3 stay stitch on loop),Nill,0.23,SG-2850
NA Label Unpick,Nill,0.1785714285714286,SG-9234
Outseam Busted Unpick Chain Stitch,Nill,0.486,SG-2852
Patch Unpick-(4 side)-1,Nill,0.44,SG-2853
Patch Unpick-(4 side)-2,Nill,0.83,SG-2853
Patch Unpick-(4 side)-3,Nill,1.18,SG-2853
Pilling Remove (pocket bag),Nill,0.51,SG-2854
Pilling Remove (front & back pannels),Nill,0.42,SG-2854
Pilling Remove,Nill,0.45,SG-2854
Pilling Remove-06,Nill,1.3,SG-2854
Pilling Remove In & Out Side,Nill,0.64,SG-2855
Placket Service Stitch Unpick & Clean,Nill,1.15,SG-2856
Placket Zip Close,Nill,0.1785714285714286,SG-2857
Placket Zip Close For Button Closing,Nill,0.1785714285714286,SG-2858
Placket Zip Open,Nill,0.1785714285714286,SG-2859
Pocket Bag Washing Service Stitch Unpick,Nill,0.67,SG-2860
Pocket Bag Washing Service Stitch Unpick-06,Nill,1.9,SG-2860
Pocket Bag Washing Service Stitch Unpick Front & Back,Nill,1.39,SG-2860
Pocket Fray Clean 06,Nill,3.571428571428572,SG-2862
Poly Bag Remove-1 (4 Side Stitch),Nill,0.22,SG-2863
Poly Bag Remove-2 (4 Side Stitch),Nill,0.38,SG-2863
Poly Bag Remove-1,Nill,0.13,SG-2863
Poly Bag Remove-2,Nill,0.21,SG-2863
Poly Bag Remove With Clean,Nill,0.38,SG-2863
Re-Trimming Basic,Nill,0.7142857142857143,SG-2864
Re-Trimming Fashion,Nill,0.8928571428571429,SG-2865
Reinforcement Patch Clean,Nill,0.4285714285714286,SG-2866
Ribbon Knot Open,Nill,0.1428571428571429,SG-2867
Sand Particles Remove,Nill,0.31,SG-2868
Sand Particles Remove-06,Nill,0.9,SG-2868
Sand Particles Remove Front & Back,Nill,0.6,SG-2868
Shade Ribbon Cutting-1,Nill,0.1785714285714286,SG-2870
Sleeve Extra Stitch Unpick,Nill,0.65,SG-2871
Stone Clean,Nill,0.3571428571428572,SG-2872
Tacking Remove Inside Pocket Bag-02,Nill,0.2142857142857143,SG-2873
Tag Pin Remove-14,Nill,0.7,SG-2875
Tag Pin Remove-12,Nill,0.6,SG-2875
Tag Pins Remove-1~2,Nill,0.08,SG-2875
Tag Pins Remove-3,Nill,0.23,SG-2875
Tag Pins Remove-4,Nill,0.3,SG-2875
Tag Pins Remove-5,Nill,0.38,SG-2875
Tag Pins Remove-6,Nill,0.44,SG-2875
Tag Pins Remove-7,Nill,0.53,SG-2875
Tag Pins Remove-8,Nill,0.6,SG-2875
Tag Pins Remove-9,Nill,0.67,SG-2875
Tag Pins Remove-10,Nill,0.75,SG-2875
Tag Pins Remove-20,Nill,1.5,SG-2875
Tag Pins Remove-5 (After 3D),Nill,0.35,SG-2875
Tag Pins Remove-6 (After 3D),Nill,0.42,SG-2875
Tag Pins Remove-7 (After 3D),Nill,0.49,SG-2875
Tag Pins Remove-8 (After 3D),Nill,0.56,SG-2875
Tag Pins Remove-9 (After 3D),Nill,0.63,SG-2875
Tag Pins Remove-10~15 (After 3D),Nill,0.84,SG-2875
Tag Pins Remove-20~29 (After 3D),Nill,1.1,SG-2875
Tag Pins Remove-30 to Onward,Nill,1.5,SG-2875
Tag Pins Remove-30 to Onward (After 3D),Nill,1.5,SG-2875
Thread Roll Manual Inner Side Chalk Button,Nill,0.4285714285714286,SG-2877
Waist Band Service Stitch Unpick - 01,Nill,0.19,SG-2878
Waist Band Service Stitch Unpick -1,Nill,0.07142857142857144,SG-2878
Waist Card Thread Cutting- 01,Nill,0.19,SG-2879
Waist Card Thread Cutting- 02,Nill,0.39,SG-2879
Zipper Cover For Washing Unpick-1,Nill,0.286,SG-2880
Zipper Cover For Washing Unpick-2,Nill,0.568,SG-2880
Bottom Hem Trim-O/L,O/L,0.26,SG-2881
Bottom Trim-O/L Finishing,O/L,0.51,SG-2881
Re Press Mustang,Steam Press,0.8620689655172414,SG-2803
Facing deco stitch straight -2,Snls,0.32,SG-9245
Facing Deco Stay Stitch-1 TN,Tnls,0.14,SG-2885
Facing deco stitch straight -2 TN With Thread Trim,Tnls,0.23,SG-9246
Mock at Side Pocket Flap -2 auto(3lines straight),Auto Mock,0.4,SG-1943
Mock at Side Pocket Flap -2 auto(4lines straight),Auto Mock,0.48,SG-1943
Flap Fuse-2,Auto Press,0.28,SG-0064
Flap Fuse-1,Auto Press,0.14,SG-0064
Flap Fuse-2*2,Auto Press,0.38,SG-0064
Flap Fuse-2*2,Auto Press,0.51,SG-0064
Flap Fuse-4,Auto Press,0.38,SG-0064
Flap Fuse-6,Auto Press,0.6,SG-0064
Flap Fuse-8,Auto Press,0.8,SG-0064
Flap Fuse-10,Auto Press,1,SG-0064
Flap Fuse-12,Auto Press,1.2,SG-0064
Flap Fuse 1Part-1,Auto Press,0.13,SG-0064
Flap Fuse 1Part-2,Auto Press,0.26,SG-0064
Side Flap Fuse-2*2,Auto Press,0.38,SG-0064
Flap Bartack-1,Bartack,0.08571428571428572,SG-0066
Flap Bartack-2,Bartack,0.167,SG-0066
Flap Bartack-3,Bartack,0.196,SG-0066
Flap Bartack-4,Bartack,0.265,SG-0066
Flap Bartack-1,Bartack,0.08571428571428572,SG-0066
Flap Bartack-2,Bartack,0.167,SG-0066
Flap Bartack-3,Bartack,0.196,SG-0066
Flap Bartack-4,Bartack,0.265,SG-0066
Flap Bartack with Inner Patch-4,Bartack,0.44,SG-0066
Flap Bartack-8,Bartack,0.64,SG-0066
Flap Bartack-4 Patch Handling,Bartack,0.36,SG-0066
Back Flap Button Hole-2,Eyelet Button Hole,0.26,SG-0124
Flap Button Hole-1,Eyelet Button Hole,0.13,SG-0124
Flap Button Hole-2,Eyelet Button Hole,0.26,SG-0124
Flap Button Hole-1,Eyelet Button Hole,0.124,SG-0124
Flap Button Hole-2,Eyelet Button Hole,0.245,SG-0124
Flap Button Hole-4,Eyelet Button Hole,0.39,SG-0124
Flap Button Hole-4,Eyelet Button Hole,0.454,SG-0124
Flap Button Hole-2*4,Eyelet Button Hole,0.95,SG-0124
Side Flap Button Hole-4,Eyelet Button Hole,0.39,SG-0124
Back Flap Canvas Piping Trim-2,Nill,0.367,SG-2896
Back Flap Trim-1 (3 Corners),Nill,0.125,SG-2897
Back Flap Turn-1 (3 Corners),Nill,0.125,SG-2898
Flap Trim-1 (3 Corners),Nill,0.14,SG-2899
Flap Trim-2,Nill,0.25,SG-2899
Flap Trim-2 (with inner Piping),Nill,0.367,SG-2899
Flap Trim-1 (Small- 3 Corners),Nill,0.14,SG-2899
Flap Trim-2,Nill,0.25,SG-2899
Flap Trim-2 (with inner Piping),Nill,0.367,SG-2899
Flap Trim-2 (2 Corners),Nill,0.231,SG-2899
Flap Turn-1 (3 Corners),Nill,0.125,SG-2900
Flap Turn-2,Nill,0.25,SG-2900
Flap Turn-2 (with inner Piping),Nill,0.302,SG-2900
Flap Turn-1 (Small- 3 Corners),Nill,0.125,SG-2900
Flap Turn-2,Nill,0.25,SG-2900
Flap Turn-2 (with inner Piping),Nill,0.302,SG-2900
Side Flap Canvas Piping Trim-2,Nill,0.367,SG-2901
Side Flap Trim-2,Nill,0.25,SG-2902
Side Flap Turn-2,Nill,0.25,SG-2903
Tape Cutting-3,Nill,0.3,SG-9129
Flap Edge Overlock-1,O/L,0.06,SG-2905
Flap Edge Overlock-2,O/L,0.156,SG-2905
Flap Edge Overlock-1,O/L,0.06,SG-2905
Flap Edge Overlock-2,O/L,0.156,SG-2905
Flap Edge Overlock-2*2,O/L,0.32,SG-2905
Side Flap Edge Overlock-2,O/L,0.16,SG-2905
Back Flap Deco Stitch SN-2 (2 lines),Snls,0.36,SG-9136
Back Flap Inner Part Panels Join Straight-2,Snls,0.32,SG-9247
Back Flap Make-1 (3 Corners),Snls,0.25,SG-2984
Back Flap Make (Round)-2 Edge Stitch,Snls,0.51,SG-2984
Back Flap Make -2 (2 Corner) Sides Only,Snls,0.4,SG-2984
Back Flap Piping Attach-2 (Round),Snls,0.605,SG-2935
Back Flap Top Stitch-1 SN (3 Corners),Snls,0.24,SG-2994
Back Inner Flap Attach With Upper Flap-2 Straight,Snls,0.42,SG-1132
Cover Flap Attach 3side-2,Snls,1.42,SG-1132
Flap Attach -1,Snls,0.203,SG-1132
Flap Attach-2,Snls,0.36,SG-1132
Flap Attach-1,Snls,0.203,SG-1132
Flap Attach-2,Snls,0.386,SG-1132
Flap Corner Stay Stitch-2*2,Snls,0.36,SG-0444
Flap Deco Stitch(straight)-2,Snls,0.26,SG-2919
Flap Deco Stitch SN-1 (2 Lines),Snls,0.18,SG-2919
Flap Deco Stitch SN-2 (2 lines),Snls,0.36,SG-2919
Flap Inner Part Panels Join Straight-2,Snls,0.32,SG-9247
Flap Make-1 (3 Corners),Snls,0.251,SG-2984
Flap Make-2 (3 Corner),Snls,0.525,SG-2984
Flap Make-2 (Curve Internal Piping),Snls,0.613,SG-2984
Flap Make-1 (Curve - 1 Corner),Snls,0.245,SG-2984
Flap Make-2 (Curve - 1 Corner),Snls,0.47,SG-2984
Flap Make (Round)-1,Snls,0.24,SG-2984
Flap Make (Round)-2,Snls,0.453,SG-2984
Flap Make-1 (1pc /2 corner Pre Pressed),Snls,0.268,SG-2984
Flap Make-1 (1pc /3 corner Pre Pressed),Snls,0.289,SG-2984
Flap Make-2 (1pc /3 corner Pre Pressed),Snls,0.623,SG-2984
Flap Make-1 (1pc /4 corner Pre Pressed),Snls,0.356,SG-2984
Flap Make-2 (1pc /4 corner Pre Pressed),Snls,0.705,SG-2984
Flap Make-1 (3 Corners),Snls,0.251,SG-2984
Flap Make-2 (3 Corner),Snls,0.525,SG-2984
Flap Make-2 (3 Corner) with Snap Button & Joint Handling,Snls,0.525,SG-2984
Flap Make-1 (1pc /2 corner Pre Pressed),Snls,0.268,SG-2984
Flap Make-2 (1pc /2 corner Pre Pressed),Snls,0.586,SG-2984
Flap Make-1 (1pc /3 corner Pre Pressed),Snls,0.289,SG-2984
Flap Make-2 (1pc /3 corner Pre Pressed),Snls,0.623,SG-2984
Flap Make-1 (1pc /4 corner Pre Pressed),Snls,0.356,SG-2984
Flap Make-2 (1pc /4 corner Pre Pressed),Snls,0.705,SG-2984
Flap Make-2 (Curve Internal Piping - 1 Corner),Snls,0.613,SG-2984
Flap Make-1 (Curve - 1 Corner),Snls,0.245,SG-2984
Flap Make-2 (Curve - 1 Corner),Snls,0.47,SG-2984
Flap Make (Round)-1,Snls,0.268,SG-2984
Flap Make (Round)-2,Snls,0.453,SG-2984
Flap Make -2 (4 Corner),Snls,0.573,SG-2984
"Flap Make 2Curve, 1Crnr Center-2",Snls,0.75,SG-2984
Flap Make (Round)-2 Edge Stitch,Snls,0.51,SG-2984
Flap Make-1 (1pc /2 corner Pre Pressed) Lapped,Snls,0.32,SG-2984
Flap Make-2 (1pc /3 corner Pre Pressed) Lapped,Snls,0.74,SG-2984
Flap Make-2 (1pc /4 corner Pre Pressed) Lapped,Snls,0.705,SG-2984
Flap Make-1 (1pc /2 corner Pre Pressed) Lapped & Fold,Snls,0.41,SG-2984
Flap Make-2 (1pc /4 corner Pre Pressed) Lapped & Fold,Snls,0.78,SG-2984
Flap Make-2 (1pc /2 corner Pre Pressed) Lapped & Fold with Tape Insert,Snls,1.1,SG-2984
Flap Make-1 (1pc /2 corner Pre Pressed) Lapped & Fold with Tape Insert,Snls,0.52,SG-2984
"FLAP MAKE PRE PRESSED-2(2PCS,2CORNER)",Snls,0.65,SG-2984
"FLAP MAKE PRE-PRESSED-1(2 PCS,1 CORNER)",Snls,0.32,SG-2984
"Flap Make Prepressed-1(2Pcs,3 Corner)",Snls,0.32,SG-2984
Flap Make Round-4 Pre-Pressed,Snls,2.02,SG-2984
Flap Make Round-4 Pre-Pressed with Fold,Snls,1.12,SG-2984
Flap Make -2 (2 Corner)Sides Only,Snls,0.4,SG-2984
Flap Make-2 (1pc /4 corner Pre Pressed) Snap Btn Handling,Snls,0.82,SG-2984
Flap Make -2 Straight Btm Side,Snls,0.5,SG-2984
Flap 2nd Top Stitch-1 SN (3 Corners),Snls,0.227,SG-2932
Flap 2nd Top Stitch-2 SN (3 Corners),Snls,0.495,SG-2932
Flap 2nd Top Stitch-1 SN (3 Corners),Snls,0.227,SG-2932
Flap 2nd Top Stitch-2 SN (3 Corners),Snls,0.495,SG-2932
Flap 2nd Top Stitch SN-2(6 corners),Snls,0.73,SG-2932
Flap Patch Attach-2(3sides),Snls,0.44,SG-9237
Flap Patch Joint Top(3 Sided) -2,Snls,0.35,SG-2934
Flap Piping Attach-2 (All Around),Snls,0.605,SG-2935
Flap Piping Attach-2 (All Around),Snls,0.605,SG-2935
Flap Top Stitch-1 (Curve- 1 Corner),Snls,0.245,SG-2994
Flap Top Stitch-2 (Curve- 1 Corner),Snls,0.43,SG-2994
Flap Top Stitch (Round)-1,Snls,0.276,SG-2994
Flap Top Stitch (Round)-2,Snls,0.65,SG-2994
Flap Top Stitch-1 (Curve- 1 Corner),Snls,0.245,SG-2994
Flap Top Stitch-2 (Curve- 1 Corner),Snls,0.496,SG-2994
Flap Top Stitch (Round)-1,Snls,0.276,SG-2994
Flap Top Stitch (Round)-2,Snls,0.46,SG-2994
Flap Top Stitch(After Attach)-2,Snls,0.3,SG-2994
Flap Top Stitch-2 (Straight),Snls,0.223,SG-2994
Flap Top Stitch-1 (After Make),Snls,0.12,SG-2994
Flap Top Stitch-1 SN (3 Corners),Snls,0.244,SG-2994
Flap Top Stitch SN-2 (3 Corners),Snls,0.54,SG-2994
Flap Top Stitch SN-2 (3 Corners) with Snap Button Handling,Snls,0.58,SG-2994
Flap Top Stitch-1 SN (3 Corners),Snls,0.244,SG-2994
Flap Top Stitch SN-2 (3 Corners),Snls,0.608,SG-2994
Flap Top Stitch SN-2 (3 Corners) with Snap Button Handling,Snls,0.608,SG-2994
Flap Top Stitch SN-2 (4 Corners),Snls,0.64,SG-2994
Flap Top Stitch SN-1 (After attach),Snls,0.15,SG-2994
Flap Top Stitch SN-2 (After attach),Snls,0.29,SG-2994
Flap Top Stitch SN-2(6 corners),Snls,0.84,SG-2994
Flap Top Stitch SN-2 (2 Corners),Snls,0.4642857142857144,SG-2994
Flap Top Stitch SN-1 (2 Corners),Snls,0.25,SG-2994
Flap Top Stitch-2 SN (3 Corners),Snls,0.4285714285714286,SG-2994
Flap Upper Patch Att.-2 SN (5 Sided),Snls,0.64,SG-2938
FLAP UPPER PATCH TOP STITCH-2 SN (3 SIDED),Snls,0.42,SG-2932
Front Flap Make-2 (1pc /3 corner Pre Pressed),Snls,0.57,SG-2984
Side Flap Make -2 (4 Corner),Snls,0.573,SG-2984
Side Flap Make-2 (3 Corner),Snls,0.53,SG-2984
Side Flap Make-2 (3 Corner) with Snap Button & Joint Handling,Snls,0.62,SG-2984
Side Flap Make -2 (2 Corner)Sides Only,Snls,0.4,SG-2984
SIDE FLAP 2NDTOP STITCH SN-2(6 CORNERS),Snls,0.73,SG-2943
Side Flap Piping Attach-2 (Round),Snls,0.605,SG-2935
Side Flap Top Stitch SN-2 (4 Corners),Snls,0.64,SG-2994
Side Flap Top Stitch SN-2 (3 Corners),Snls,0.61,SG-2994
Side Flap Top Stitch SN-2 (3 Corners) with Snap Button Handling,Snls,0.61,SG-2994
Side Flap Top Stitch SN-2(6 corners),Snls,0.84,SG-2994
Side Flap Top Stitch SN-2 (2 Corners),Snls,0.51,SG-2994
Side Flap Top Stitch TN-2 (4 Corners),Snls,0.74,SG-2994
Side Inner Flap Attach With Upper Flap-2 Straight,Snls,0.42,SG-1132
Tape Make Stay Stitch with Fold-3,Snls,1.1,SG-0444
Tape Stay Stitch Water Thread-3,Snls,0.46,SG-0444
Velcro Tape Attach At Flap-2,Snls,0.75,SG-2950
Velcro Tape Attach At Flap-2*4,Snls,2.23,SG-2950
Velcro Tape Attach At Flap-1,Snls,0.38,SG-2950
Velcro Tape Attach At Flap-2*3,Snls,1.7,SG-2950
Velcro Tape Attach At Flap-2*2,Snls,1.45,SG-2950
Velcro Tape Attach At Flap-2 2nd,Snls,0.75,SG-2951
Velcro Tape Attach At Flap-2*2 2nd,Snls,1.45,SG-2951
Velcro Tape Attach Stay Stitch at Flap-1 water thread,Snls,0.14,SG-0444
Velcro Tape Top Box Stitch At Flap-1,Snls,0.3,SG-2953
Velcro Tape Top Box Stitch At Flap-2*2,Snls,1.15,SG-2953
Velcro Tape Top Box Stitch At Flap-2,Snls,0.58,SG-2953
Velcro Tape Top Box Stitch At Flap-2*2 2nd,Snls,1.15,SG-2953
FLAP BUTTON HOLE-1,St/Button Hole,0.12,SG-0124
Flap Button Hole-2,St/Button Hole,0.24,SG-0124
Back Flap Press for make -2 (1 Pc/2 corner),Steam Press,0.6,SG-0441
Back Flap Press For Make 2Corner-2,Steam Press,0.55,SG-0441
Back Flap Press For Make 2Corner-2 Sides Only,Steam Press,0.37,SG-0441
Cargo Pocket Flap Press for make -2 (1 Pc/4 corner),Steam Press,0.73,SG-0441
Flap Edge Press-2,Steam Press,0.282,SG-0441
Flap Edge Press-2,Steam Press,0.282,SG-0441
Flap Edge Press-1,Steam Press,0.14,SG-0441
Flap Press for make-1 (1 Pc/2 corner),Steam Press,0.289,SG-0441
Flap Press for make -2 (1 Pc/2 corner),Steam Press,0.6,SG-0441
Flap Press for make -2 (1 Pc/2 corner) with Fold,Steam Press,0.72,SG-0441
Flap Press for make -1 (1 Pc/3 corner),Steam Press,0.335,SG-0441
Flap Press for make-2 (1 Pc/3 corner),Steam Press,0.65,SG-0441
Flap Press for make-1 (1 Pc/4 corner),Steam Press,0.42,SG-0441
Flap Press for make-2 (1 Pc/4 corner),Steam Press,0.725,SG-0441
Flap Press for make-1 (1 Pc/2 corner),Steam Press,0.289,SG-0441
Flap Press for make -2 (1 Pc/2 corner),Steam Press,0.623,SG-0441
Flap Press for make -1 (1 Pc/3 corner),Steam Press,0.335,SG-0441
Flap Press for make-2 (1 Pc/3 corner),Steam Press,0.65,SG-0441
Flap Press for make-1 (1 Pc/4 corner),Steam Press,0.42,SG-0441
Flap Press for make-2 (1 Pc/4 corner),Steam Press,0.725,SG-0441
"Flap Press For Make-2(2Pcs,2Corner)",Steam Press,0.76,SG-0441
"Flap Press For Make -1(2Pcs,4Corner)",Steam Press,0.46,SG-0441
"Flap Press For Make-2(2Pcs,4Corner)",Steam Press,0.92,SG-0441
"Flap Press For Make-2(2Pcs,3Corner)",Steam Press,0.86,SG-0441
"Flap Press For Make-2(2Pcs,3Corner)",Steam Press,0.86,SG-0441
Flap Press for make -2 (1 Pc/Curve 1 Corner),Steam Press,0.75,SG-0441
"Flap Press for make -1 (2 Pcs,1 corner)",Steam Press,0.29,SG-0441
"Flap Press for make-2 (1 Pc/3 Side, Curve At Corner)",Steam Press,0.73,SG-0441
"Flap Press For Make -1(2Pcs,3Corner)",Steam Press,0.39,SG-0441
"Flap Press for make-2 (1 Pc/3 Side, Curve At Corner)",Steam Press,0.73,SG-0441
"Flap Press for make -1 (1 Pc/3 Side, Curve At Corner)",Steam Press,0.36,SG-0441
Flap Press for make-2 (2 Pc-Round),Steam Press,1.3,SG-0441
Flap Press for make-2 (1 Pc-Round),Steam Press,1.11,SG-0441
Flap Press for make-4 (1 Pc-Round),Steam Press,2.23,SG-0441
Flap Press for make-4 (1 Pc/4 corner),Steam Press,1.7,SG-0441
Flap Press For Make 2Corner-2 Sides Only,Steam Press,0.37,SG-0441
Flap Press for make-4 (1 Pc/2 corner) 4side Press,Steam Press,1.25,SG-0441
Flap Press Single Fold for make-2,Steam Press,0.25,SG-0441
Flap Upper Patch Press-2 (5 sided),Steam Press,0.449,SG-0441
Front Flap Press for Make-2 (1 Pc/3 corner),Steam Press,0.65,SG-0441
"Front Flap Press for make-2 (1 Pc/3 Side, Curve At Corner)",Steam Press,0.73,SG-0441
Front Pocket Press-2 (3 Sides/Curve),Steam Press,0.44,SG-0441
PATCH PRESS 4 SIDES (FAKE FLAP)-1,Steam Press,0.18,SG-0441
Side Flap Edge Press-2,Steam Press,0.28,SG-0441
"Side Flap Press For Make -2(2Pcs,3Corner)",Steam Press,0.78,SG-0441
Flap Snap Button attach (Inner side)-2,Stud Rivet,0.259,SG-0030
Flap Snap Button attach (Inner side)-2,Stud Rivet,0.2142857142857143,SG-0030
Make Hole for Snap Attach At Flap- 02,Stud Rivet,0.18,SG-0030
Side Flap Make Hole for Rivet/Stud/Ring/Snap Button Att-04,Stud Rivet,0.35,SG-0030
Side Pocket Snap Button Attach (Female)-04,Stud Rivet,0.42,SG-0030
Snap Attach(Female) At Flap- 02,Stud Rivet,0.22,SG-0030
Snap Button Attach (Female)-12 at Flap,Stud Rivet,1.11,SG-0030
Back Flap Inner Part Edge Top Straight-2,Tnls,0.25,SG-9250
Back Flap Make-2 (1pc /2 corner Pre Pressed),Tnls,0.68,SG-2984
Back Flap Make-2 (1pc /2 corner Pre Pressed) with Snap Button Hanling & Lapped,Tnls,0.78,SG-2984
Back Flap Top Stitch TN-2 (2 Corners),Tnls,0.5357142857142857,SG-2994
Cargo Pocket Flap Make-2 (1pc /4 corner Pre Pressed),Tnls,0.87,SG-2984
Flap Attach-2(1-shot),Tnls,0.39,SG-1132
Flap Attach -2(1-shot) With Inner Patch Handling,Tnls,0.62,SG-1132
Flap Attach TN(1 Shot)-2,Tnls,0.41,SG-1132
Flap Attach TN(1 Shot)-1,Tnls,0.2,SG-1132
Flap Inner Part Edge Top Straight-2,Tnls,0.25,SG-9250
Flap Make-1 (1pc /2 corner Pre Pressed),Tnls,0.326,SG-2984
Flap Make-2 (1pc /2 corner Pre Pressed),Tnls,0.586,SG-2984
Flap Make-2 (1pc /2 corner Pre Pressed) with Fold,Tnls,0.72,SG-2984
Flap Make-2 (1pc /2 corner Pre Pressed),Tnls,0.683,SG-2984
Flap Make-1 (1pc /3 corner Pre Pressed),Tnls,0.368,SG-2984
Flap Make-2 (1pc /3 corner Pre Pressed),Tnls,0.725,SG-2984
Flap Make-1 (1pc /4 corner Pre Pressed),Tnls,0.435,SG-2984
Flap Make-2 (1pc /4 corner Pre Pressed),Tnls,0.869,SG-2984
Flap Make-1 (1pc /2 corner Pre Pressed),Tnls,0.326,SG-2984
Flap Make-1 (1pc /2 corner Pre Pressed) with Snap Button Handing & Lapped,Tnls,0.36,SG-2984
Flap Make-2 (1pc /2 corner Pre Pressed),Tnls,0.683,SG-2984
Flap Make-1 (1pc /3 corner Pre Pressed),Tnls,0.368,SG-2984
Flap Make-2 (1pc /3 corner Pre Pressed),Tnls,0.725,SG-2984
Flap Make-1 (1pc /4 corner Pre Pressed),Tnls,0.435,SG-2984
Flap Make-2 (1pc /4 corner Pre Pressed),Tnls,0.869,SG-2984
Flap Make-1 (2pc /4 corner Pre Pressed),Tnls,0.4464285714285715,SG-2984
Flap Make-2 (2pc /4 corner Pre Pressed),Tnls,0.8928571428571429,SG-2984
Flap Make-2 (2pc /3 corner Pre Pressed),Tnls,0.81,SG-2984
Flap Make-2 (1pc /3 corner Pre Pressed),Tnls,0.73,SG-2984
Flap Make-2 (1pc /Curve 1 Corner Pre Pressed),Tnls,0.87,SG-2984
FLAP MAKE-2 (1PC /3 CORNER PRE PRESSED),Tnls,0.725,SG-2984
Flap Make-4 (1pc /2 corner Pre Pressed),Tnls,1.35,SG-2984
Flap Make-4 (1pc /4 corner Pre Pressed),Tnls,1.42,SG-2984
Flap Make-2 (1pc /2 corner Pre Pressed) Front with Snap Button Handling & Lapped,Tnls,0.683,SG-2984
Flap Make-2 (1pc /3 corner Pre Pressed) Inner Snap Button & Lapped,Tnls,0.91,SG-2984
Flap Make-2 (1pc /2 corner Pre Pressed) Lapped,Tnls,0.586,SG-2984
Flap Make-2 (1pc /3 corner Pre Pressed) Lapped,Tnls,0.85,SG-2984
Flap Make-2 (2pc /2 corner Pre Pressed) Lapped,Tnls,0.683,SG-2984
Flap Make-2 (1pc /4 corner Pre Pressed) Lapped,Tnls,0.869,SG-2984
Flap Make-2 (2pc /4 corner Pre Pressed) Lapped,Tnls,1.04,SG-2984
Flap Make-2 (2pc /3 corner Pre Pressed) Lapped,Tnls,0.88,SG-2984
Flap Make-4 (1pc /2 corner Pre Pressed) Lapped,Tnls,1.35,SG-2984
Flap Make-4 (1pc /4 corner Pre Pressed) Lapped,Tnls,1.58,SG-2984
Flap Make-2 (1pc /2 corner Pre Pressed) Lapped & Fold,Tnls,0.72,SG-2984
Flap Make-1 (1pc /2 corner Pre Pressed) Lapped & Fold,Tnls,0.41,SG-2984
Flap Make-4 (1pc /4 corner Pre Pressed) Lapped & Fold,Tnls,1.68,SG-2984
Flap Make-2 (1pc /2 corner Pre Pressed) Lapped & Fold & Curved Shape,Tnls,0.85,SG-2984
Flap Make-2 (1pc /3 corner Pre Pressed) Lapped & Snap Button Handling,Tnls,0.95,SG-2984
Flap Make-2 2Pc-Round Pre-Pressed,Tnls,0.95,SG-2984
Flap Make Round-2 Pre-Pressed with Fold,Tnls,1.01,SG-2984
Flap Make-2 (1pc /2 corner Pre Pressed) Side with Snap Button Handling & Lapped,Tnls,0.78,SG-2984
Flap Top Stitch (Round)-1,Tnls,0.345,SG-2994
Flap Top Stitch-1 (After attach),Tnls,0.172,SG-2994
Flap Top Stitch-2 (After attach),Tnls,0.319,SG-2994
Flap Top Stitch (Round)-1,Tnls,0.345,SG-2994
Flap Top Stitch-1 (After attach),Tnls,0.172,SG-2994
"Flap Top Stitch 2Curve, 1Crnr Center-2 TN",Tnls,0.68,SG-2994
Flap Top Stitch TN-2 (3 Corners),Tnls,0.715,SG-2994
Flap Top Stitch-2 TN (2 sides Only),Tnls,0.45,SG-2994
Flap Top Stitch-1 TN (Curve- 1 Corner),Tnls,0.332,SG-2994
Flap Top Stitch-2 TN (Curve- 1 Corner),Tnls,0.653,SG-2994
Flap Top Stitch TN (Round)-2,Tnls,0.662,SG-2994
Flap Top Stitch TN-1 (3 Corners),Tnls,0.386,SG-2994
Flap Top Stitch TN-1 (3 Corners),Tnls,0.386,SG-2994
Flap Top Stitch TN-2 (3 Corners),Tnls,0.715,SG-2994
Flap Top Stitch-2 TN (2 sides Only),Tnls,0.45,SG-2994
Flap Top Stitch-1 TN (Curve- 1 Corner),Tnls,0.332,SG-2994
Flap Top Stitch-2 TN (Curve- 1 Corner),Tnls,0.653,SG-2994
Flap Top Stitch TN (Round)-2,Tnls,0.662,SG-2994
Flap Top Stitch TN-2 (After attach),Tnls,0.319,SG-2994
Flap Top Stitch -2 TN (1 side Only),Tnls,0.29,SG-2994
Front Flap Top Stitch-2 (After Attach) Assembly,Tnls,0.35,SG-2994
Front Flap Top Stitch TN-2 (2 Corners),Tnls,0.5357142857142857,SG-2994
Side Flap Make-2 (2pc /3 corner Pre Pressed),Tnls,0.81,SG-2984
Side Flap Top Stitch TN-2 (2 Corners),Tnls,0.5357142857142857,SG-2994
Back Flap Deco Stitches Tracing-2 (2 lines),Tracing Pattern,0.27,SG-9254
Back Flap Inner Part Join Tracing Straight-2,Tracing Pattern,0.2,SG-9255
Back Flap Make Tracing-1(3-Corners),Tracing Pattern,0.125,SG-3010
Back Flap Top Stitch Tracing(4Corners)-2,Tracing Pattern,0.28,SG-3012
Flap Button Hole Tracing-1,Tracing Pattern,0.09,SG-3005
Flap Button Hole Tracing-2,Tracing Pattern,0.16,SG-3005
Flap Button Hole Tracing-1,Tracing Pattern,0.09,SG-3005
Flap Button Hole Tracing-2,Tracing Pattern,0.16,SG-3005
Flap Button Hole Tracing-2*2,Tracing Pattern,0.24,SG-3005
Flap Button Hole Tracing-4,Tracing Pattern,0.25,SG-3005
Flap Button Hole Tracing-2*4,Tracing Pattern,0.4642857142857144,SG-3005
Flap Deco Stitch Tracing-1 (2 Lines),Tracing Pattern,0.15,SG-3006
Flap Deco Stitch Tracing-2,Tracing Pattern,0.18,SG-3006
Flap Deco Stitches Tracing-2 (2 lines),Tracing Pattern,0.27,SG-9254
Flap Edge Tracing-2,Tracing Pattern,0.1785714285714286,SG-3008
Flap Edge Tracing-1,Tracing Pattern,0.08928571428571429,SG-3008
Flap Edge Tracing-2,Tracing Pattern,0.1785714285714286,SG-3008
Flap Edge Tracing-1,Tracing Pattern,0.08928571428571429,SG-3008
Flap Inner Part Join Tracing Straight-2,Tracing Pattern,0.2,SG-9255
Flap Make Tracing-2,Tracing Pattern,0.2142857142857143,SG-3010
Flap Make Tracing-1 (3 Corners),Tracing Pattern,0.1071428571428572,SG-3010
Flap Make Tracing-2,Tracing Pattern,0.2142857142857143,SG-3010
Flap Make Tracing-2 Sides Only,Tracing Pattern,0.18,SG-9256
Flap Top Stitch Tracing-2,Tracing Pattern,0.223,SG-3012
Flap Top Stitch Tracing-2,Tracing Pattern,0.223,SG-3012
Flap Tracing-1 (Small-3 Corners),Tracing Pattern,0.114,SG-3013
Flap Uper & Lower Part Att Tracing-2,Tracing Pattern,0.217,SG-3014
Front Flap Attach Tracing-2,Tracing Pattern,0.1785714285714286,SG-9257
Side Flap Edge Tracing-2,Tracing Pattern,0.21,SG-3008
Side Flap Make Tracing-2,Tracing Pattern,0.2142857142857143,SG-9256
Side Flap Make Tracing-2 Sides Only,Tracing Pattern,0.18,SG-9256
Side Flap Top Stitch Tracing(4Corners)-2,Tracing Pattern,0.28,SG-3012
Side Flap Tracing for Snap Button Attach-04 (Female),Tracing Pattern,0.2142857142857143,SG-9003
Tape Attach Tracing at Flap-3,Tracing Pattern,0.3,SG-9258
Tape Make Tracing-3,Tracing Pattern,0.25,SG-9259
Tracing at flap for attach -1,Tracing Pattern,0.09,SG-3023
Tracing at flap for attach-2,Tracing Pattern,0.186,SG-3023
Tracing at flap for attach-4,Tracing Pattern,0.38,SG-3023
Tracing At Flap For Attach-2,Tracing Pattern,0.18,SG-3023
Tracing for Snap Button Attach At Flap-02,Tracing Pattern,0.1428571428571429,SG-9003
Velcro Tape Attach Tracing At Flap-2,Tracing Pattern,0.201,SG-3025
Velcro Tape Attach Tracing At Flap-2*4,Tracing Pattern,0.7142857142857143,SG-3025
Velcro Tape Attach Tracing At Flap-2*3,Tracing Pattern,0.52,SG-3025
Velcro Tape Attach Tracing At Flap-2*2,Tracing Pattern,0.4,SG-3025
Velcro Tape Attach Tracing At Flap-1,Tracing Pattern,0.1,SG-3025
Velcro Tape Attach Tracing At Flap-2 2nd,Tracing Pattern,0.201,SG-3026
Velcro Tape Attach Tracing At Flap-2*2 2nd,Tracing Pattern,0.4,SG-3026
Fly Mock Stitch Zigzag 8Lines-3,Auto Mock,0.92,SG-1943
Fly Fuse-3,Auto Press,0.26,SG-0064
Fly Fusing Attach,Auto Press,0.2,SG-0064
FLY FUSING ATTACH-2nd,Auto Press,0.2,SG-0064
Fly Fusing Attach Special Fusing,Auto Press,0.2,SG-0064
Fly Button Hole-3,Eyelet Button Hole,0.33,SG-0124
Fly Button Hole-4,Eyelet Button Hole,0.389,SG-0124
Fly Button Hole-2,Eyelet Button Hole,0.24,SG-0124
Fly Button Hole-1,Eyelet Button Hole,0.13,SG-0124
Fly Piping Trim-1,Nill,0.08,SG-3033
Fly Piping Trim-2,Nill,0.14,SG-3033
Fly Tape Trim-1,Nill,0.08,SG-3034
Fly Trim (1-Corner)-2,Nill,0.16,SG-9011
Fly Turn (2-Corner)-1,Nill,0.13,SG-3036
Fly Turn (1-Corner)-2,Nill,0.16,SG-3036
Fly Turn (2-Corner)-2,Nill,0.24,SG-3036
Right Fly Corner Cut-1,Nill,0.08,SG-3160
Right Fly Trim,Nill,0.15,SG-3038
Right Fly Turn-4 (2 Sides),Nill,0.3,SG-3039
Right Fly Turn,Nill,0.14,SG-3039
Side Fly Corner Turn-2 (2 Corner),Nill,0.22,SG-9260
BOX FLY MAKE with Fold 14SPI,O/L,0.14,SG-0354
Fly Box O/L 3 Side-2 with Turning,O/L,0.56,SG-0354
Fly Edge Secure 2Sides-2,O/L,0.33,SG-0331
Fly O/L-1 (Curve) 14SPI,O/L,0.078,SG-0354
Fly O/L -1 (Curve) with Cut 14SPI,O/L,0.1,SG-0354
"Fly O/L-2 (Left Folded Fly,R Fly O/L & Turn)-A/Trim",O/L,0.141,SG-0354
Fly O/L -1 (Curve) 40 cm,O/L,0.18,SG-0354
"Fly O/L-2 (Left Folded Fly,R Fly O/L & Turn)-M/Trim",O/L,0.165,SG-0354
Fly O/L R-1 (Top & Bot O/L Turn & Side O/L),O/L,0.197,SG-0354
Fly Overlock-2,O/L,0.128,SG-0354
Fly Overlock-2 14SPI,O/L,0.15,SG-0354
Fly Overlock-2 with Btm Turn 14SPI,O/L,0.28,SG-0354
Fly Overlock-3,O/L,0.14,SG-0354
Fly Overlock-3 14 SPI,O/L,0.18,SG-0354
Fly Overlock-2 14SPI with Zip Tape Insert,O/L,0.23,SG-0354
Fly Overlock-6,O/L,0.28,SG-0354
Fly Overlock-6 14SPI,O/L,0.42,SG-0354
Fly Overlock-4,O/L,0.358,SG-0354
Front Bib Box Edge Fly Secure-1,O/L,0.14,SG-0331
Right Fly O/L-4 (Side),O/L,0.279,SG-0354
Right Fly O/L-1 (Side & Btm),O/L,0.14,SG-0354
Right Fly O/L Side-1,O/L,0.08928571428571429,SG-0354
Right Fly O/L Side-1 Long,O/L,0.14,SG-0354
Right Fly O/L-1 (2 Sides) Without Turning,O/L,0.11,SG-0354
Right Fly Side O/L-2,O/L,0.18,SG-0354
Sleeve Vent Inner Fly Make 1Side-2,O/L,0.24,SG-0354
Zipper Inner Fly Make 2Sides-2,O/L,0.3,SG-0354
Corner Fly Turn & Press-1 Lining,Press,0.14,SG-0441
Right Fly Press(Corners & Curved),Press,0.17,SG-0441
Right Fly Press(Corners & Curved) & Busted,Press,0.32,SG-0440
Bib Upper Fly Side Hem With Fold 1SIDE-2,Snls,0.47,SG-3061
BOX FLY MAKE BOTTOM SIDE,Snls,0.14,SG-3062
Corner Fly Close With Edge Fold (Lining)-1 Straight,Snls,0.21,SG-3063
Corner Fly Make-1 (Curved With 2Corners) Inner Part Lining,Snls,0.33,SG-3064
"Fly Make 3Side,2Crnr-1 With Turn",Snls,0.21,SG-3065
Fly Mock Stitch Zigzag 8Lines-3 SN Manual,Snls,2.25,SG-3066
Fly Parts Join Straight-1,Snls,0.17,SG-3067
FLY PATCH ATTACH 1SIDE-1,Snls,0.18,SG-9071
Fly Piping End Stay Stitch-1,Snls,0.1428571428571429,SG-0444
Fly Piping End Stay Stitch-1 With Fold,Snls,0.1785714285714286,SG-0444
Fly Piping End Stay Stitch-2,Snls,0.2142857142857143,SG-0444
Fly Pleat Make-1,Snls,0.14,SG-3070
Fly Tape Attach 2Sided-1,Snls,0.28,SG-3071
Fly Top Stitch Btm Side,Snls,0.14,SG-3072
"Fly Zigzag Stitch-SN(5corners,6sides)",Snls,0.38,SG-3073
Front Bib Box Fly Make 2Sides-1,Snls,0.17,SG-2295
Inner Fly Join with Right fly Straight-1,Snls,0.3,SG-3077
Piping attach to Fly-2,Snls,0.2857142857142858,SG-3076
Piping attach to Fly-1,Snls,0.1428571428571429,SG-3076
Right Fly Attach with Zipper,Snls,0.18,SG-3077
Right Fly Attach with Zipper For CBL,Snls,0.18,SG-3077
"Right Fly Make(3Sided,Curved)",Snls,0.34,SG-3077
"Right Fly Make(2Side,1Corner)",Snls,0.24,SG-3078
Right Fly Make bottom Side With Fold,Snls,0.14,SG-3078
Right Fly Make Top & Btm,Snls,0.21,SG-3078
Right Fly Panel Join Straight-1,Snls,0.18,SG-3077
RIGHT FLY STAY STITCH(BEFORE PIPING ATTACH),Snls,0.13,SG-0444
"Right Fly Top(3Sided,Curved)",Snls,0.28,SG-3077
"Right Fly Top(2Sided,Curved)",Snls,0.2,SG-3077
"Right Turn & Top(2Side,1Corner)",Snls,0.25,SG-3084
Upper & Lower FLY Tacking 1Side-2,Snls,0.23,SG-3085
Fly Lining Piping Press Straight-2,Steam Press,0.19,SG-0441
FLY LOWER PART PRESS(2 SIDE-1CORNER),Steam Press,0.17,SG-0441
FLY PATCH PRESS 1SIDE-1,Steam Press,0.11,SG-0441
FLY PATCH PRESS 1SIDE-2,Steam Press,0.17,SG-0441
Fly Pleat Press-1,Steam Press,0.1,SG-0441
Fly Press-1,Steam Press,0.19,SG-0441
Fly Press with Busted-1,Steam Press,0.42,SG-0440
FLY UPPER PART PRESS(2 SIDE-1CORNER),Steam Press,0.17,SG-0441
Side Fly Press for Attach(cap form)-2,Steam Press,0.37,SG-0441
Fly Zipper Attach,Tnls,0.152,SG-3093
Fly Zipper Attach with slider open,Tnls,0.17,SG-3093
Fly Zipper Attach with slider open & close,Tnls,0.2,SG-3093
Fly Zipper Attach 40 cm,Tnls,0.1785714285714286,SG-3093
Fly Button Hole Tracing,Tracing Pattern,0.165,SG-9104
Fly Fashion st Tracing-1 (Straight),Tracing Pattern,0.122,SG-3096
Fly Make Tracing,Tracing Pattern,0.13,SG-3097
Fly Mock Stitch Tracing 3lines,Tracing Pattern,0.51,SG-3098
Fly Pleat Make Tracing-1,Tracing Pattern,0.12,SG-3099
Fly Tape Attach Tracing-1,Tracing Pattern,0.1,SG-9258
"FLY ZIGZAG STITCH TRACING (5 CORNERS,6SIDES)",Tracing Pattern,0.205,SG-3101
"Right Fly Make Tracing (3Sided,Curved)",Tracing Pattern,0.1785714285714286,SG-3102
Right Fly Make Tracing Top & Btm,Tracing Pattern,0.15,SG-3103
Side Fly Make Tracing-2 (2 Corner),Tracing Pattern,0.223,SG-9256
Tracing at fly for zip att,Tracing Pattern,0.112,SG-3105
Front Gallace attach with Frill-2 water thread,Snls,1.75,SG-3106
Front Frill Insert Tracing Into Gallace-2,Tracing Pattern,0.1785714285714286,SG-3107
Front Frill Make Tracing At Ends-2*2,Tracing Pattern,0.2142857142857143,SG-3108
Front Neck Strip Fuse-1,Auto Press,0.22,SG-0064
Front Pocket Hem Inner Fuse-2,Auto Press,0.26,SG-0064
"Bartack Fly - 2, Watch Pocket - 2",Bartack,0.303,SG-0066
"Bartack Fly - 2, Watch Pocket - 1",Bartack,0.18,SG-0066
Flap Bartack-2 With Inner Patch,Bartack,0.32,SG-0066
Flap Bartack-2 with Inner Patch & Velcro Handling,Bartack,0.36,SG-0066
Fly Bartack-3,Bartack,0.206,SG-0066
Fly Bartack-2,Bartack,0.152,SG-0066
Fly Bartack-1,Bartack,0.08571428571428572,SG-0066
Fly Bartack-4,Bartack,0.304,SG-0066
Fly Bartack-1,Bartack,0.08571428571428572,SG-0066
"Fly Bartack-1, Watch Pocket-1",Bartack,0.152,SG-0066
Front Dart Bartack-4,Bartack,0.268,SG-0066
Front Dart Bartack-2,Bartack,0.1714285714285714,SG-0066
Front Dart Bartack-2 with Inside Pocket Bag Handling,Bartack,0.35,SG-0066
Front Panel Bartack-4,Bartack,0.24,SG-0066
Front Panel Pleat Bartack-4*2,Bartack,0.51,SG-0066
Front Panels Bartak-4*2,Bartack,0.52,SG-0066
Front Pleat Bartack-4,Bartack,0.22,SG-0066
Front Pleats Bartack-6*2,Bartack,0.84,SG-0066
Front Pleats Bartack-4*2,Bartack,0.65,SG-0066
Front Pocket Bartack-2,Bartack,0.156,SG-0066
Front Pocket Bartack-4,Bartack,0.256,SG-0066
Front Pocket Bartack-1,Bartack,0.08571428571428572,SG-0066
Front Pocket Bartack-3(inner patch),Bartack,0.29,SG-0066
Front Pocket Bartack-4(inner patch),Bartack,0.44,SG-0066
Front Pocket Bartack-4 with Strip Fold,Bartack,0.42,SG-0066
Front Pocket Bartack-2(inner patch),Bartack,0.25,SG-0066
Front Pocket Bartack-2(inner patch) with Pkt Bag Handling-1,Bartack,0.32,SG-0066
Front Pocket Bartack-4(inner patch),Bartack,0.44,SG-0066
Front Pocket Bartack-8,Bartack,0.52,SG-0066
Front Pocket Bartack-2 2.5cm,Bartack,0.2,SG-0066
Front Pocket Bartack-4 Patch Handling,Bartack,0.42,SG-0066
Front Yoke Bartack -2,Bartack,0.137,SG-0066
Hang Bartack-2,Bartack,0.16,SG-0066
Hang Bartack-1,Bartack,0.08,SG-0066
Hang Bartack-6,Bartack,0.42,SG-0066
Hang Bartack-4,Bartack,0.26,SG-0066
Hang Bartack-4 with Double Bartack,Bartack,0.52,SG-0066
Hang Bartack-4 with Pocket bag Handling,Bartack,0.35,SG-0066
J Stitch Bartack-1,Bartack,0.08571428571428572,SG-0066
Pocket Bag Bartack-2,Bartack,0.16,SG-0066
Side Cargo Pocket Pleat Bartack-4,Bartack,0.22,SG-0066
Side Fly Bartack-1,Bartack,0.08571428571428572,SG-0066
Side Fly Bartack-2,Bartack,0.1714285714285714,SG-0066
Watch Pocket Bartack-1,Bartack,0.08,SG-0066
Watch Pocket Bartack-3,Bartack,0.181,SG-0066
Watch Pocket Bartack-2,Bartack,0.14,SG-0066
Watch Pocket Round Bartack-2,Bartack,0.24,SG-0066
Front ZigZag(repairing) Stitches-2,Close End,0.42,SG-0121
Left Panel Deco Stitch(Box & Zigzag)-1,Close End,0.37,SG-0121
Left Panel Deco Stitch(Box & Zigzag)-1,Close End,0.37,SG-0121
Right Panel Deco Stitch(Box & Zigzag)-1,Close End,0.37,SG-0121
Front Patch Cover Stitches-28 (mirror patch) Biker,Cover Stitch,4.9,SG-3135
Front Btm Panel Top St. FOA (Straight),Feed Off Arm,0.345,SG-0132
Front Panel Join Top Stitch-2,Feed Off Arm,0.32,SG-0132
Front Panel Join Top Stitch-2,Feed Off Arm,0.32,SG-0132
Front Panels Attach-2,Feed Off Arm,0.423,SG-0132
Front Panels Attach-4,Feed Off Arm,0.789,SG-0132
Front Panels Attach-4 With Joints,Feed Off Arm,1.1,SG-0132
Front Panels Attach-4 (Short Below Knee),Feed Off Arm,0.78,SG-0132
Front Panels Attach-4 (Short Abv Knee),Feed Off Arm,0.66,SG-0132
Front Panels Attach-2 Curved,Feed Off Arm,0.48,SG-0132
Front Panels Join(Fell)-1,Feed Off Arm,0.301,SG-0132
Front Panels Join FOA (Fell seam Straight),Feed Off Arm,0.32,SG-0132
Front Panels Joint Top-2*2,Feed Off Arm,0.54,SG-0132
Front Panels Top-2,Feed Off Arm,0.386,SG-0132
Front Panels Top-4,Feed Off Arm,0.58,SG-0132
Front Panels Top(vertical)-2,Feed Off Arm,0.52,SG-0132
Front Panels Top(vertical)-2 With Strip,Feed Off Arm,0.62,SG-0132
Front Panels Top(Curved)-2,Feed Off Arm,0.36,SG-0132
Front Panels Top(Curved)-4,Feed Off Arm,0.7,SG-0132
Front Panels Top(Curved)-2,Feed Off Arm,0.36,SG-0132
FRONT PANELS TOP-2,Feed Off Arm,0.386,SG-0132
Front Panels Top FOA-1,Feed Off Arm,0.17,SG-0132
Front Panels Top(Curved)-2 Long,Feed Off Arm,0.58,SG-0132
Front Pleat Top-2 (Horizantal),Feed Off Arm,0.32,SG-0132
Front Pleat Top-4 (Vertical),Feed Off Arm,0.71,SG-0132
Front Pleat Top Stitch -2,Feed Off Arm,0.32,SG-0132
Front Pleat Top Stitch-2*2,Feed Off Arm,0.54,SG-0132
Front Pleat Top Stitch-2 FOA,Feed Off Arm,0.32,SG-0132
Front Rise Join-FOA (Without Yoke),Feed Off Arm,0.1607142857142857,SG-1410
Front Rise Top-FOA,Feed Off Arm,0.22,SG-1410
Front Rise Top-FOA Low RPM,Feed Off Arm,0.36,SG-1410
Front Side Panels Top-2 (Curve),Feed Off Arm,0.52,SG-0132
Front Yoke Attach-2,Feed Off Arm,0.4107142857142857,SG-1400
Front Yoke Top Stitch,Feed Off Arm,0.386,SG-1400
Front Yoke Top Stitch-FOA,Feed Off Arm,0.32,SG-1400
Front V-Strip Busted Join Press,Manual,0.19,SG-4963
Cut At Hang With Corner Cut,Nill,0.25,SG-3157
Cut At Hang,Nill,0.18,SG-3157
Cut at Hang Strip,Nill,0.18,SG-3158
Cut Welt Pocket Turn & Press With Pocket Bag-2,Nill,0.35,SG-5446
Fly Corner Cut-1,Nill,0.1071428571428572,SG-3160
Fly Corner Cut-3,Nill,0.173,SG-3160
Front Knee Patch Cord Check & Trim(mirror patch)-10,Nill,1.8,SG-3161
Front Lapel Corner Trim-2*2,Nill,0.27,SG-3162
Front Lapel Corner Trim-2,Nill,0.175,SG-3162
Front Lapel Corner Turn-2,Nill,0.17,SG-3163
Front Lapel Cut-2,Nill,0.186,SG-3164
Front Lapel Trim 1 Side-2,Nill,0.18,SG-3165
Front Panel Bottom Piping Trim-2,Nill,0.2857142857142858,SG-9015
Front Panel Corner Cut-2,Nill,0.15,SG-9262
Front Panel Corner Cuts-8*2,Nill,0.56,SG-9262
FRONT PANEL CUT FOR CENTER PATCH ATTACH-2,Nill,0.27,SG-3169
Front Panel Hang Corner Cut-1*2,Nill,0.1607142857142857,SG-3170
Front Panel Hang Corner Cut-3*2,Nill,0.28,SG-3170
Front Panel Trim-1,Nill,0.16,SG-3171
Front Panel Zigzag Corners Cut complete panel-2,Nill,2.307666666666667,SG-3172
Front Patch Extra Trim(1-Side)-2,Nill,0.18,SG-3173
Front Placket Exces Trim Allround for Binding,Nill,0.52,SG-3174
Front Pocket Corner Cut & Turn-2 (2 Corners),Nill,0.24,SG-3962
Front Pocket Corners Turn-2,Nill,0.14,SG-9263
Front Pocket Trim-2,Nill,0.16,SG-3177
Front Pocket Trim (Round)-2,Nill,0.24,SG-3177
Front Pocket Turn-2,Nill,0.22,SG-3178
Front Yoke Lining Trim-2,Nill,0.22,SG-3179
Hang Binding Trim,Nill,0.1785714285714286,SG-3180
Hang Swing Twill Tape Cutting,Nill,0.15,SG-3181
Inner Placket Stay Stitch Open-4,Nill,0.42,SG-3182
Knotting At Patch Top(saddle stitch)-2,Nill,0.23,SG-3183
Pairing For Back Panels Safety,Nill,0.1785714285714286,SG-3184
Pairing For Front Panels Safety,Nill,0.1785714285714286,SG-3185
Pairing For Front Panels stamping,Nill,0.11,SG-3186
Pairing For Front Panels sticker,Nill,0.1428571428571429,SG-9264
Pairing For Inner Front Panels sticker,Nill,0.1428571428571429,SG-9264
Patch Clipper Cuts-8*2,Nill,0.56,SG-3189
Pocket Bag Trim J-side,Nill,0.1071428571428572,SG-3190
Pocket Bag Trim J-side-2,Nill,0.18,SG-3190
Shoulder Patch Trim-1,Nill,0.16,SG-3191
Side Fly Corner Cut-1*2,Nill,0.1071428571428572,SG-3192
Side Fly Corner Cut(Left Fly)-1,Nill,0.11,SG-3192
Side Fly Corner Cut-1*2,Nill,0.12,SG-3192
Side Fly Corner Cut & Turn(Right Fly)-1,Nill,0.16,SG-9260
Side Fly Corner Turn-2,Nill,0.16,SG-9260
Tape Trim-1,Nill,0.12,SG-3195
Tape Trim On Front Panel-2,Nill,0.16,SG-3196
TRIM HANG CORD-2,Nill,0.18,SG-3197
Velcro tape cut for Knee Patch-2,Nill,0.2,SG-9265
Velcro tape cut for Knee Patch Female-2,Nill,0.22,SG-9265
Velcro Tape Tracing For cut Knee Patch-2,Nill,0.21,SG-9265
Front Btm Hem Sec. Skirt(Round Corners)-1*1,O/L,0.19,SG-3201
FRONT CORD PATCH JOIN-2,O/L,0.44,SG-3202
Front Crotch Edge Secure(after join),O/L,0.18,SG-0331
"Front Crotch Edge Secure(after join, J Shape)",O/L,0.27,SG-0331
"Front Crotch Edge Secure(after join, J Shape) Long",O/L,0.41,SG-0331
FRONT Crotch O/L (Extra long Crotch)-1,O/L,0.415,SG-3205
Front Crotch Secure After Join(fly shape),O/L,0.22,SG-0331
Front Crotch Secure 1Side(Skirt),O/L,0.18,SG-0331
Front Crotch Secure 2Side(Skirt),O/L,0.34,SG-0331
Front Inserted Pocket Edge Secure Alaround After Join-2,O/L,0.68,SG-0331
FRONT LAPEL EDGE TRIM FROM SIDE-2,O/L,0.27,SG-0335
Front Panel Edge Secure -1(After Jion),O/L,0.12,SG-0331
Front Panel Hem Secure-1,O/L,0.19,SG-0331
Front Panel Inside Overlock - Pant,O/L,0.365,SG-3212
FRONT PANEL JOIN EDGE SECURE(CURVE)-4,O/L,0.58,SG-0331
Front Panel Overlock-Crotch (1 Side),O/L,0.1,SG-3214
Front Panel Overlock-Crotch (1 Side) 14SPI,O/L,0.15,SG-3214
Front Panel Overlock-Crotch (1 Side) 14SPI with Fly Attach,O/L,0.29,SG-3214
Front Panel Overlock-Crotch (L & R),O/L,0.2,SG-3214
Front Panel Overlock-Crotch (L & R) 14SPI,O/L,0.3,SG-3214
Front Panel Overlock-Crotch (L & R) 14SPI With Fly Attach,O/L,0.5,SG-3214
Front Panel Overlock-Crotch (L & R) Long Skirt,O/L,0.42,SG-3214
Front Panel Secure with Pocket Lining-1,O/L,0.157,SG-0331
Front Panel Secure-2*2(top to bottom),O/L,0.72,SG-0331
"FRONT PANEL SECURE-2 (2 SIDES, 1 CORNER)",O/L,0.27,SG-0331
Front Panel Secure-2,O/L,0.174,SG-0331
Front Panel Side Hem S/F (Chain Stitch) Pant,O/L,0.92,SG-9267
Front Panel Side Hem S/F (Chain Stitch) Short,O/L,0.65,SG-9266
Front Panel Side Hem (Chain Stitch) Short(Below knee),O/L,0.4,SG-9266
Front Panel Side O/L-Pant(special fabric),O/L,0.46,SG-9267
Front Panel Side Overlock-2 (short below knee),O/L,0.345,SG-1495
Front Panel Side Overlock-2 (short below knee) 14SPI,O/L,0.345,SG-1495
Front Panel Side Overlock - Pant,O/L,0.35,SG-1495
Front Panel Side Overlock - Pant 14SPI,O/L,0.45,SG-1495
Front Panel Side Overlock - Pant 14SPI with Joint-2,O/L,0.61,SG-1495
Front Panel Side Overlock - Pant 14SPI with Extra Fabric Fold,O/L,0.45,SG-1495
Front Panel Side Overlock - Pant 14SPI Heavy Fabric With Padded Patches,O/L,0.68,SG-1495
Front Panel Side Overlock - Pant 14SPI 4-Thread O/L,O/L,0.55,SG-1495
Front Panel Side Overlock-1 14 SPI Short Top,O/L,0.31,SG-1495
Front Panel Side Overlock-2 (short abv knee)/Skirt,O/L,0.23,SG-1495
Front Panel Side Overlock-2 (short abv knee)/Skirt 14SPI,O/L,0.36,SG-1495
Front Panel Side Overlock-2 Top Wears,O/L,0.3,SG-1495
Front Panel Side (Chain Stitch) Pant,O/L,0.53,SG-9267
Front Panel Side Sec 4thread(short below knee),O/L,0.43,SG-3229
Front Panel Side Sec 4thread(short abv knee),O/L,0.37,SG-3229
Front Panel Side Sec 4thread- Pant,O/L,0.5,SG-3229
Front Panel Trim -2 (Bottom Side),O/L,0.24,SG-0335
Front Panels Attach-2,O/L,0.415,SG-3232
Front Panels Attach-4,O/L,0.768,SG-3232
Front Panels Attach-1,O/L,0.31,SG-3232
FRONT PANELS ATTACH-2,O/L,0.415,SG-3232
Front Panels Attach Curved-2,O/L,0.687,SG-3232
Front Panels Attach-2 Joints,O/L,0.47,SG-3232
Front Panels Edge Overlock-2*2 Vertical,O/L,0.82,SG-3235
Front Panels Edge Sec-2(After Join),O/L,0.24,SG-3236
Front Panels Edge Secure-2,O/L,0.34,SG-0331
Front Panels Edge Secure-2*2,O/L,0.56,SG-0331
Front Panels Edge Secure-2 After Join Horizontal,O/L,0.31,SG-0331
Front Panels Edge Secure-2 After Join L-Shape,O/L,0.64,SG-0331
Front Panels Edge Secure(after attach) Curved-2,O/L,0.46,SG-0331
Front Panels Edge Secure 2Sides-2,O/L,0.43,SG-0331
Front Panels Edge Secure-2 Vertical,O/L,0.47,SG-0331
Front Panels Edge Secure Zigzag Curve Complete-2,O/L,1.97,SG-0331
Front Panels Join(vertical)-2,O/L,0.71,SG-3244
Front Panels Join(vertical)-2 With Strip,O/L,0.71,SG-3244
Front Panels Join(Curved)-2,O/L,0.44,SG-3244
Front Panels Join(Curved)-4,O/L,0.84,SG-3244
Front Panels Join-2*2,O/L,0.71,SG-3244
Front Panels Join(Curved)-2,O/L,0.44,SG-3244
Front Panels Join-2,O/L,0.45,SG-3244
Front Panels Join Edge Secure-2,O/L,0.31,SG-0331
FRONT PANELS JOIN EDGE SECURE(CURVED)-2,O/L,0.31,SG-0331
Front Panels Join Edge Secure-2*2,O/L,0.589,SG-0331
Front Panels Join(Curved)-2 Long,O/L,0.6,SG-9268
Front Panels Join-O/L,O/L,0.36,SG-9268
Front Panels Join O/L-2 Horizontal,O/L,0.35,SG-3244
Front Panels Secure(J-shape)-2,O/L,0.326,SG-0331
Front Panels Secure For Lapel Attach-2,O/L,0.283,SG-0331
Front Panels Secure For Placket Make-2,O/L,0.42,SG-0331
Front Panels Secure For Placket Make-1,O/L,0.23,SG-0331
Front Panels Secure For Vent- (L & R),O/L,0.26,SG-0331
Front Panels Secure For Vent-1,O/L,0.123,SG-0331
Front Panels Secure From C.F,O/L,0.3,SG-0331
Front Panels Secure Top Side(waist),O/L,0.21,SG-0331
Front Panels Side Overlock Till Pocket Bag-2,O/L,0.28,SG-3273
Front Panels Strip Join 2Sides-2,O/L,0.75,SG-3244
Front Panels Trim(btm side),O/L,0.21,SG-0335
Front Pannel Hem Secure -2,O/L,0.19,SG-0331
Front Patch Secure-2(3Sides of Cut&Sew seam),O/L,0.46,SG-0331
Front Patch secure with corner (3 Sided) 2*2,O/L,0.844,SG-0331
Front Patch Secure Curve-2,O/L,0.26,SG-0331
Front Placket edge Secure-2,O/L,0.38,SG-0331
Front Pleats Patch Edge Secure After Join(Curved)-2,O/L,0.33,SG-0331
FRONT PLEATS PATCH EDGE SECURE AFTER JOIN( DOUBLE CURVED)-2*2,O/L,0.72,SG-0331
Front Pleats Patch Edge Secure After Join(Double Curved)-2,O/L,0.36,SG-0331
Front Pleats Patch Edge Secure After Join(Double Curved)-2,O/L,0.36,SG-0331
Front Pocket Bag Close Edge Secure Curved 2Pc-2,O/L,0.48,SG-4554
Front Pocket Bag Close Edge Secure 1Side-2,O/L,0.35,SG-4554
Front Pocket Edge Secure.-1(Cut&Sew-2Sides ),O/L,0.24,SG-0331
Front Pocket Edge Secure (Straight)-2,O/L,0.16,SG-0331
Front Pocket Hem Secure Round-2,O/L,0.24,SG-0331
Front Pocket Secure-2 (4 Sides of Cut&Sew Pocket seam),O/L,0.62,SG-0331
Front Pocket Secure Mittered After Attach-2,O/L,0.52,SG-0331
Front Pocket Secure-2 Round,O/L,0.3571428571428572,SG-0331
Front Right Panel O/L-Short,O/L,0.11,SG-3270
Front Rise Join-O/L,O/L,0.28,SG-0352
Front Rise Join-O/L Low RPM,O/L,0.38,SG-0352
Front Side Overlock-2 (short abv knee),O/L,0.286,SG-3273
Front Side Overlock-2 (short abv knee) 14SPI,O/L,0.32,SG-3273
FRONT SIDE PANELS JOIN(SLANTED)-2,O/L,0.54,SG-3244
Front Side Panels Secure(SLANTED)-2*2,O/L,0.54,SG-0331
Front Top & Btm Panels Join - O/L,O/L,0.356,SG-3244
Front Vertical Panels Join(below knee)-2,O/L,0.52,SG-3244
Front Yoke attach-2,O/L,0.3750000000000001,SG-1531
Front Yoke attach with flap-2,O/L,0.52,SG-1531
Front Yoke attach with flap-2 Padded Heavy Fabric,O/L,0.78,SG-1531
Front Yoke Attach-(O/L),O/L,0.36,SG-1531
Front Yoke Attach With Patch 1Side-2,O/L,0.51,SG-1531
Front Yoke edge sec-2,O/L,0.356,SG-1531
Front Yoke Edge Secure(after attach)-1,O/L,0.26,SG-0331
FRONT YOKE EGDE SECURE-2,O/L,0.32,SG-0331
FRONT ZIGZAG PATCH JOIN-2,O/L,0.44,SG-3282
Hang Inner Edge Secure with Facing-2,O/L,0.34,SG-0331
Left Fly attach Seam O/L (J Shape),O/L,0.165,SG-3284
Left Fly O/L (J Shape),O/L,0.1428571428571429,SG-0354
Right Fly Attach-O/L,O/L,0.216,SG-9269
Right Fly Attach-O/L 40 cm,O/L,0.42,SG-9269
Front Panel Press C.F-1,Press,0.4285714285714286,SG-0441
Front Panel Zigzag complete panel Press-2,Press,4.2,SG-0441
Front Placket Busted Join Press-2,Press,0.42,SG-0440
Fusing Attach At Front Neck Jacket,Press,0.28,SG-0441
Fusing Attach At Panel(for fly),Press,0.18,SG-0441
Hang Strip Press 2sides-2,Press,0.32,SG-0441
Hang Top Saddle Stitch(with trim)-2,Saddle Stitch,0.52,SG-3294
"Patch Top Stitch (4-SIDED,Round)-2",Saddle Stitch,0.85,SG-3294
Back Panels Edge Gathering Make-2 Dress,Snls,0.95,SG-3296
Back Panels Edge stitch for Lycra-4 short (abv knee),Snls,0.95,SG-9142
Back Pocket Attach-2 (5Sides- 4 corner),Snls,0.832,SG-1623
Back Pocket Attach-2 (5Sides- 4 corner) with loop insert-1,Snls,0.9,SG-1623
Back Pocket Attach-2(Round),Snls,0.85,SG-1623
Back Pocket Attach-2(Round) with Side Pocket Insert,Snls,0.92,SG-1623
Back Pocket Attach-2(Round) with Side Pocket & Loop Insert,Snls,0.98,SG-1623
Back Pocket Attach-2(Round) After Side Seam,Snls,0.95,SG-1623
Back Pocket Attach-2(Round) Large Size,Snls,0.92,SG-1623
Bottom Strip Close Stitch-2*2 with Fold,Snls,0.95,SG-3301
Button Fly Stay st to Front (At Waist),Snls,0.163,SG-3302
Crotch Deco Stitch-SN,Snls,0.22,SG-3728
Crotch Fashion Stitch-SN,Snls,0.26,SG-3728
Crotch Join (Inner Stitch),Snls,0.28,SG-3728
Crotch Join (Inner Stitch) Assembly,Snls,0.36,SG-3728
Crotch Join SN(Box Form),Snls,0.35,SG-3728
Crotch Join SN (Zip Fly),Snls,0.3,SG-3728
Crotch Join SN(Box Form) Btn Fly,Snls,0.45,SG-3728
Crotch Join SN(Box Form) Btn Fly Long,Snls,0.5,SG-3728
Crotch Join SN(Box Form) Long,Snls,0.4,SG-3728
Crotch Join SN (Zip Fly) Long,Snls,0.38,SG-3728
Crotch Join Stay Stitch,Snls,0.18,SG-0444
Crotch Tacking-1,Snls,0.12,SG-3728
Crotch Top Stitch-SN,Snls,0.18,SG-3728
Cut Welt Pocket Bag Close 2Side-2,Snls,0.41,SG-9271
Cut Welt Pocket Bag Top Stitch 3Side-2 Without Turning,Snls,1.01,SG-5541
Dart Make At Front Panel-1,Snls,0.17,SG-3344
Dart Stay Stitch At Front Panel-1,Snls,0.14,SG-0444
Dart Stay Stitch At Front Panel-1,Snls,0.14,SG-0444
Dart Top At Front Panel-1,Snls,0.16,SG-3350
Deco Stitch at Hang(straight)-2,Snls,0.29,SG-3544
Facing Attach To Hang(fake Pocket)-SN,Snls,0.4285714285714286,SG-3565
Flap Attach SN(1Shot)-1,Snls,0.25,SG-1132
Fly attach,Snls,0.188,SG-3322
Fly Attach(Right Fly)-2,Snls,0.48,SG-3077
"Fly Deco Stitch(2Side,1Corner)-SN",Snls,0.21,SG-9272
Fly Edge Stitch-SN,Snls,0.178,SG-9300
Fly Edge Stitch-SN with fold,Snls,0.29,SG-9300
Fly Inner Service Stitch,Snls,0.18,SG-3325
Fly Stay Stitch-1,Snls,0.11,SG-0444
Fly Stay Stitch For Fake Fly,Snls,0.15,SG-0444
FLY STAY STITCH IN FAKE FLY(INNER SIDE),Snls,0.1071428571428572,SG-0444
Fly Zipper Attach with Edge Stitch & Btm Stay Stitch,Snls,0.41,SG-0444
Fly Zipper Attach with Edge Stitch & Btm Stay Stitch & Inside Fly Manage,Snls,0.7,SG-0444
FRONT BIB ATTACH STAY STITCH-1,Snls,0.18,SG-0444
Front Bib Attach To Panel-1 with Tacking,Snls,0.65,SG-3331
Front Bib Attach To Panel-1,Snls,0.38,SG-3331
Front Bib Patch Attach Pre-Pressed-1 Straight,Snls,0.24,SG-9209
Front Bib Patch Edge Stitch-1 Straight,Snls,0.1785714285714286,SG-3333
Front Bottom Inner Patch Attach-2,Snls,0.36,SG-9035
Front Bottom Patch Stay Stitch-2*2,Snls,0.39,SG-0444
Front Box Pleat Make-Vertical(skirt)-4,Snls,0.62,SG-9052
Front Box Pleat Stay Stitch-4,Snls,0.3571428571428572,SG-0444
Front Box Pleat Stay Stitch-8,Snls,0.85,SG-0444
Front Box Pleat Stay Stitch-2,Snls,0.3571428571428572,SG-0444
Front Cargo Pocket Attach-1,Snls,0.68,SG-3338
Front Cargo Pocket Attach-2,Snls,1.42,SG-3338
Front Cargo Pocket Attach Wd Inner Pocket- 2 Side-1,Snls,0.46,SG-0873
Front Cargo Pocket Corner Stay Stitch-1,Snls,0.13,SG-0444
Front Cargo Pocket Corner Stay Stitch-2*1,Snls,0.2,SG-0444
Front Cargo Pocket Corner Stay Stitch-2*2,Snls,0.42,SG-0444
Front Crotch Inner Stitch (Skirt),Snls,0.32,SG-3728
Front Crotch Join (Skirt) SN,Snls,0.55,SG-3728
Front Crotch Top Long (Skirt),Snls,0.34,SG-3728
Front Dart Make-4*2,Snls,1.103,SG-3344
Front Dart Make-2,Snls,0.319,SG-3344
Front Dart Make-2(16~20cm),Snls,0.38,SG-3344
Front Dart Make-2(21~25cm),Snls,0.46,SG-3344
Front Dart Make-2(26~30cm),Snls,0.64,SG-3344
Front Dart Make-2*2(16~20cm),Snls,0.75,SG-3344
Front Dart Make-2,Snls,0.3571428571428572,SG-3344
Front Dart Make-2(Top to bottom),Snls,1.65,SG-3344
Front Dart Make-2(40~50cm),Snls,0.75,SG-3344
Front Dart Make -2(40~45 cm),Snls,0.8,SG-3344
Front Dart Make-2,Snls,0.32,SG-3344
Front Dart Make-3*2,Snls,0.771,SG-3344
Front Dart Make-2 Cotral Fabric,Snls,0.319,SG-3344
Front Dart Make Direct Top Stitch-2(31~35cm) With Inner Stay Stitch-2,Snls,0.95,SG-0444
Front Dart Make Stay Stitch-4*2,Snls,0.65,SG-0444
Front Dart Make -2x2,Snls,0.607,SG-3344
Front Dart Stay Stitch-2,Snls,0.23,SG-0444
Front Dart Stay Stitch-4*2,Snls,0.75,SG-0444
Front Dart Stay Stitch-2*2,Snls,0.37,SG-0444
Front Dart Stay Stitch-2,Snls,0.23,SG-0444
Front Dart Top(V-Shape)-2,Snls,0.39,SG-3350
Front Dart Top -2(40~45 cm),Snls,0.701,SG-3350
Front Dart Top St-(4*2) water thread,Snls,0.82,SG-3350
Front Dart Top st. (V Shape) - 2 x 2),Snls,0.6195,SG-3350
Front Dart Top stitch-4*2,Snls,1.239,SG-3353
Front Dart Top Stitch-2,Snls,0.247,SG-3353
Front Dart Top Stitch-2(Top to Bottom),Snls,1.2,SG-3353
Front Dart Top Stitch(box form)- 4*2,Snls,1.41,SG-3353
Front Dart Top Stitch-2(16~20cm),Snls,0.31,SG-3353
Front Dart Top Stitch-2(21~25cm),Snls,0.39,SG-3353
Front Dart Top Stitch-2(31~35cm),Snls,0.46,SG-3353
Front Dart Top Stitch-2*2(16~20cm),Snls,0.61,SG-3353
Front Dart Top Stitch-4*2,Snls,0.92,SG-3353
Front Dart Top Stitch-3*2,Snls,0.69,SG-3353
Front Dart Top Stitch-2(40~50cm),Snls,0.55,SG-3353
Front Dart Top Stitch SN-2x2,Snls,0.441,SG-3353
Front Facing upper edge Stitch-2 For Lycra,Snls,0.13,SG-3355
Front Flap Attach-1,Snls,0.2,SG-1132
FRONT FLAP ATTACH-2,Snls,0.38,SG-1132
FRONT FLAP ATTACH-2 Assembly,Snls,0.48,SG-1132
Front Flap Top Stitch SN-1(After attach),Snls,0.17,SG-2994
FRONT FLAP TOP STITCH SN-2(AFTER ATTACH),Snls,0.33,SG-2994
Front Hang Patch Stay Stitch-2*2(Top & Side),Snls,0.39,SG-0444
Front Hang Top-SN(3Sided),Snls,0.56,SG-3565
Front Inner Lining Attach-2 (Stay Stitch 3 Sides),Snls,0.73,SG-0444
Front Inner Placket Attach-2 With Joint & Corner Cut-1x1,Snls,0.92,SG-0700
Front Inserted Pocket Att Alaround Already Tacked-2,Snls,1.1,SG-3468
Front Inserted Pocket Att Stay Stitch-3*2,Snls,0.8,SG-0444
Front Inserted Pocket Top Alaround-2,Snls,0.82,SG-9291
Front Knee Patch Dart Make-4x2,Snls,1.103,SG-3344
Front Knee Patch Dart Stay Stitch-4x2,Snls,0.95,SG-0444
Front Knee Patch Stay Stitch 2side-2,Snls,0.55,SG-0444
Front Knee Patch Top at Panel Curved-2,Snls,0.42,SG-3394
Front Lapel Make with 2Corners-2,Snls,0.76,SG-3370
Front Lapel Stay Stitch All Around-2,Snls,0.62,SG-0444
Front Lapel Stay Stitch-2 All Around,Snls,0.36,SG-0444
Front Lapel Top With 1Corner(1Side Zipper)-2,Snls,0.67,SG-3372
FRONT LEFT PANELS ATTACH CURVED-1 (ZIP INSERTED),Snls,0.49,SG-9275
Front Lining Stay Stitch(All Around-4 Sided),Snls,1.14,SG-0444
FRONT PANEL ATTACH-1 Top & Side,Snls,0.51,SG-9276
Front Panel Bottom Piping Attach-2,Snls,0.62,SG-9060
Front Panel Bottom Piping Tacking-2,Snls,0.48,SG-9061
Front Panel Dart Stay Stitch-2*2,Snls,0.37,SG-0444
Front Panel Deco Stitch(straight)-1,Snls,0.16,SG-3379
Front Panel Deco Stitch(straight)-2,Snls,0.31,SG-3379
Front Panel Deco Stitch-2 (U Shape),Snls,0.48,SG-3379
Front Panel Deco Stitch At Fly-3,Snls,0.32,SG-9277
Front Panel Deco Stitch SN-1 (Straight),Snls,0.15,SG-3381
Front Panel Deco Stitch-1 (vertical)SN,Snls,0.21,SG-3381
Front Panel Deco Stitches-3(vertical),Snls,0.31,SG-3382
Front Panel Deco Stitches-3(straight),Snls,0.31,SG-3382
Front Panel Edge Close With Fold (Skirt),Snls,0.85,SG-3383
Front Panel Fly Deco Stitch-1,Snls,0.1785714285714286,SG-9277
Front Panel Hem( left fly make),Snls,0.3,SG-3385
Front Panel Hem(side fly make)-2,Snls,0.36,SG-3385
Front Panel Hem S/F-2,Snls,0.2678571428571428,SG-3385
Front Panel Join (top to bottom)-2,Snls,0.62,SG-3387
Front Panel Join With Zipper SN-1,Snls,0.38,SG-3387
Front Panel Join Stay Stitch-4*2,Snls,0.63,SG-0444
Front Panel Join Top 2 Sides -2(With Corner),Snls,0.48,SG-3387
Front Panel Join Top Stitch-2 SN,Snls,0.37,SG-9278
Front Panel Joint Stay Stitch-2,Snls,0.22,SG-0444
Front Panel Joint Stay Stitch-2,Snls,0.22,SG-0444
Front Panel Joint Stay Stitch-2*2,Snls,0.37,SG-0444
Front Panel Joint Stay Stitch-3*2,Snls,0.49,SG-0444
Front Panel Left Fly Corner Make-1,Snls,0.23,SG-3392
Front Panel Patch Attach-2*2 (Star Shape),Snls,3.2,SG-3393
Front Panel Patch Attach-3 (Star Shape),Snls,2.4,SG-3393
Front Panel Patch Top-2*2 (Star Shape),Snls,3,SG-3394
Front Panel Patch Top-3 (Star Shape),Snls,2.25,SG-3394
Front Panel Pleat Make-2 (Pant-Top to Bot),Snls,0.771,SG-3395
Front Panel Pleat Make-1,Snls,0.18,SG-3395
Front Panel Pleat Make-2(Hang to Knee),Snls,0.51,SG-3395
Front Panel Pleat Top st.-2 (Pant-Top to Bot),Snls,0.691,SG-9279
Front Panel Pleat Top Stitch-2(Hang to Knee),Snls,0.45,SG-9279
Front Panel Stay Stitch-2*2,Snls,0.4285714285714286,SG-0444
Front Panel Stay Stitch-2 For Fullness,Snls,0.36,SG-0444
Front Panel strip attach-2*2,Snls,0.75,SG-9276
Front Panel Strip Attach 4Side With Trim-1,Snls,0.42,SG-9276
Front Panel Top With Zipper (R&L),Snls,1.61,SG-3402
Front Panel Top With Zipper (R&L) 2nd After top,Snls,1.28,SG-3402
Front Panel Top With Zipper-1,Snls,0.81,SG-3402
Front Panel Top With Zipper-1 with lip Manage,Snls,1.62,SG-3402
Front Panel Top With Zipper-1 2nd,Snls,0.81,SG-3402
Front Panel Zigzag complete panel Stay Stitch Water Thread-2,Snls,3.2,SG-0444
Front Panel Zipper Top With Tape Fold-1,Snls,0.32,SG-3402
Front Panels Attach With Corner Cut-2 Curved & Padded,Snls,2.1,SG-9276
Front Panels Attach Curved-2,Snls,0.56,SG-9275
Front Panels Attach SN-2,Snls,0.52,SG-3407
Front Panels Attach SN-4,Snls,0.79,SG-3407
Front Panels Busted Join SN-2 Vertical (Pkt Bag Handling),Snls,0.8,SG-3418
Front Panels Busted Top Stitch Till Pocket-2 SN,Snls,0.98,SG-3436
Front Panels Edge Stitch For Lycra-4 Pant,Snls,0.8,SG-9280
Front Panels Edge Stitch For Lycra-2 Pant Outseam Only,Snls,0.44,SG-3411
Front Panels Edge Stitch For Lycra-2 Pant Outseam Only with Fold,Snls,0.54,SG-3411
Front Panels Edge stitch for Lycra-4 short (abv knee),Snls,0.95,SG-9280
Front Panels Hem For Placket Make(round)-2,Snls,0.63,SG-3413
Front Panels Hem For Placket Make-1,Snls,0.15,SG-3413
Front Panels Hem for Vent Make-1,Snls,0.18,SG-9281
Front Panels Hem for Vent Make-1 Long,Snls,0.31,SG-9281
Front Panels Hem For Yoke Attach-2,Snls,0.36,SG-3407
Front Panels Hem S/F For Placket Make-2,Snls,0.58,SG-3413
Front Panels Join With Corner Cut-2,Snls,0.41,SG-3418
Front Panels Join(Curved)-4,Snls,0.84,SG-3418
Front Panels Join(Curved)-2,Snls,0.44,SG-3418
Front Panels Join(Curved)-2,Snls,0.44,SG-3418
Front Panels Join(vertical)-2,Snls,0.5357142857142857,SG-3418
Front Panels Join C.F(Inner Stitch),Snls,0.25,SG-3419
Front Panels Join C.F (Inner Side),Snls,0.18,SG-3419
Front Panels Join C.F(Inner Stitch) J Shape,Snls,0.29,SG-3418
Front Panels Join C.F(Inner Stitch) Large,Snls,0.41,SG-9282
Front Panels Join C.F(Inner Stitch) Long,Snls,0.41,SG-9282
Front Panels Join 2Sides-2(With Corner Cut),Snls,0.64,SG-3423
Front Panels Join 2Sides-2*2(With Corner Cut),Snls,1.28,SG-3423
Front Panels Join 2Sides Round-2(With Cornr Cut),Snls,0.81,SG-3423
Front Panels Join-2 SN,Snls,0.34,SG-9210
Front Panels Join-2 SN Horizontal,Snls,0.46,SG-3418
Front Panels Join-2 SN L-Shape,Snls,1.45,SG-3418
Front Panels Join Top SN-2 Split,Snls,0.49,SG-9278
Front Panels Join Zigzag Curve Complete-2,Snls,5.2,SG-9051
Front Panels Joint Top-2*2,Snls,0.56,SG-3430
Front Panels Joint Top-2*2,Snls,0.56,SG-3430
Front Panels Pleat Make With Placket Close -2,Snls,0.82,SG-9052
Front Panels Stay Stitch For Chain Secure-2,Snls,0.21,SG-0444
Front Panels Top(Curved)-2,Snls,0.36,SG-3433
Front Panels Top(Curved)-2,Snls,0.36,SG-3433
Front Panels Top(Curved)-4,Snls,0.71,SG-3433
Front Panels Top(vertical)-2,Snls,0.847,SG-3433
FRONT PANELS TOP 2SIDED SN-2 (WITH CORNER),Snls,0.48,SG-9283
Front Panels Top 2Sides SN-2*2(With Corner),Snls,0.72,SG-9283
Front Panels Top Stitch-2,Snls,0.36,SG-3436
Front Panels Top Stitch With Corner-2 SN Curved & Padded,Snls,1.607142857142857,SG-3436
Front Panels Top Stitch With Corner 2nd-2 SN Curved & Padded,Snls,1.071428571428571,SG-3436
Front Patch Attach-2(Cut&Sew-3Sides with Cut Mark),Snls,0.92,SG-3437
Front Patch Attach (4Sides/3Corners-1Side Curve)-2,Snls,2.11,SG-3437
Front Patch Attach At Panel With Top(4-SIDED)-2,Snls,0.92,SG-9284
Front Patch Attach (4Sides/3Corners-1Side Curve)-2 Padded Fabric,Snls,2.22,SG-3437
Front Patch Attach 2sides-2,Snls,0.52,SG-3437
Front Patch Attach-1 Straight,Snls,0.23,SG-9285
Front Patch Attach to Panel With Flap Insertion-2,Snls,0.49,SG-9284
Front Patch Attach Tracing (4Sides)-2,Snls,0.5,SG-9285
Front Patch Pleat Make-13*2,Snls,3.38,SG-3444
Front Patch Pleat Make-19*2,Snls,5.05,SG-3444
Front Patch Pleat Make-5*2,Snls,1.14,SG-3444
Front Patch Pleat Make-8*2,Snls,2.01,SG-3444
Front Patch Pleat Make-8,Snls,2.15,SG-3444
Front Patch Pleat Make-38*2,Snls,5,SG-3444
Front Patch Pleat Stay Stitch After Press(3sides)-13*2,Snls,0.56,SG-0444
Front Patch Pleat Stay Stitch After Press(4sides)-19*2,Snls,0.71,SG-0444
Front Patch Pleat Top Stitch-5*2,Snls,0.82,SG-3446
Front Patch Pleat Top Stitch-8*2,Snls,1.59,SG-3446
Front Patch Pocket Att with up st.(5 Sided)-SN,Snls,0.996,SG-9286
Front Patch Pocket attach-SN (1 Side Inner Stitch),Snls,0.42,SG-3448
Front Patch Pocket attach-SN (Curve-1 Side),Snls,0.482,SG-3448
Front Patch Pocket Deco Stitch (Aroun Curve Pocket),Snls,0.58,SG-3994
Front Patch Pocket Top St with up st.(5 Sided)-SN,Snls,0.76,SG-9287
Front Patch Stay Stitch(sides)-2*2,Snls,0.42,SG-0444
Front Patch Top (4Sides/3Corners-1Side Curve)-2,Snls,1.75,SG-9287
Front Patch Top (4Sides/3Corners-1Side Curve)-2 Padded Fabric,Snls,1.22,SG-9287
Front Patch Top 2-Sides-2,Snls,0.35,SG-9287
Front Patch Top Stitch- 2 (Cut & Sew-2 Sides),Snls,0.623,SG-9057
Front Patches Stay Stitch 1-Sides 2 Long,Snls,0.51,SG-0444
Front placket close stay stitch-6 water thread,Snls,0.45,SG-0444
Front Placket Frill Attach With Panel-2,Snls,0.88,SG-4442
Front Placket Stay Stitch With Lining Top Side-2,Snls,0.4,SG-0444
Front Placket Stay Stitch Top Side-2,Snls,0.28,SG-0444
Front Pleat Make-2,Snls,0.3571428571428572,SG-3461
Front Pleat Make-2,Snls,0.34,SG-3461
Front Pleat Make(vertical)-2*2,Snls,0.84,SG-3461
Front Pleat Make(vertical)-2,Snls,0.48,SG-3461
Front Pleat Make-2*2,Snls,0.62,SG-3461
Front Pleat Make-2 (Horizontal),Snls,0.34,SG-3461
Front Pleat Make(Vertical)-3*2,Snls,1.02,SG-3461
Front Pleat Make-2(Knee to Bottom),Snls,0.51,SG-3461
Front Pleat Make(Vertical)-2 Jacket,Snls,0.49,SG-9052
Front Pleat Pleat Top(Box)-2*2,Snls,0.66,SG-3463
Front Pleat Stay Stitch-2,Snls,0.1785714285714286,SG-0444
Front Pleat Stay Stitch-2*2,Snls,0.3571428571428572,SG-0444
Front Pleat Stay Stitch-4*2,Snls,0.72,SG-0444
Front Pleat Top Stitch-2,Snls,0.323,SG-3465
Front Pleat Top Stitch-1,Snls,0.17,SG-3465
FRONT PLEATS PANELS TOP( DOUBLE CURVED)-4,Snls,0.94,SG-3466
Front Pleats Panels Top(Curved)-2,Snls,0.42,SG-3466
Front Pleats Panels Top(Double Curved)-2,Snls,0.47,SG-3466
Front Pleats Panels Top(Double Curved)-2,Snls,0.47,SG-3466
Front Pleats Patch Join(Curved)-2,Snls,0.47,SG-3467
Front Pleats Patch Join( Double Curved)-2*2,Snls,1.16,SG-3467
Front Pleats Patch Join(Double Curved)-2,Snls,0.58,SG-3467
Front Pleats Patch Join(Double Curved)-2,Snls,0.58,SG-3467
Front Pocket Att.-1(Cut&Sew-2Sides with Cut Mark),Snls,0.41,SG-3468
Front Pocket att.-2(Cut&Sew-4 Sides with Cut Mark),Snls,1.15,SG-3468
Front Pocket Att Mitered with Braid,Snls,0.986,SG-9212
Front Pocket Attach-2(Mitered SN),Snls,0.89,SG-3470
Front Pocket Attach(1Side Hidden)-2,Snls,0.43,SG-3470
Front Pocket Attach(2sided)-2,Snls,0.53,SG-3470
Front Pocket Attach-1(Mitered),Snls,0.44,SG-3470
Front Pocket Attach-2(Round),Snls,0.74,SG-3470
Front Pocket Attach(1Side)-2,Snls,0.43,SG-3470
Front Pocket Attach-1(Round),Snls,0.3035714285714286,SG-3470
Front Pocket Attach-2 (5Sides- 4 corner),Snls,0.93,SG-3470
Front Pocket Attach-2 (5Sides- 4 corner),Snls,1.06,SG-3470
Front Pocket Attach-1 (5Sides- 4 corner),Snls,0.52,SG-3470
Front Pocket Attach-2(Round) After Complete Pc,Snls,1.32,SG-3470
Front Pocket Attach-2(Round) After Front Rise Join,Snls,1.25,SG-3470
Front Pocket Attach 2Curve/Corners-2 Large,Snls,1.56,SG-3478
Front Pocket Attach-2(Round) Inner with Welt Pocket,Snls,1.32,SG-3474
Front Pocket Attach-1 (5Sides- 4 corner) Inner,Snls,0.52,SG-3474
Front Pocket Attach(2sided)-2 Jacket,Snls,0.32,SG-3470
Front Pocket Attach(2sided)-2 L-Shape With Upstitch-2,Snls,0.68,SG-9288
Front Pocket Attach(2sided)-2 L-Shape Long,Snls,0.68,SG-9288
Front Pocket Attach(Square)-2 Large,Snls,0.84,SG-3478
Front Pocket Attach-2(Round) Large,Snls,1.15,SG-3478
Front Pocket Attach-1(Round) Large,Snls,0.65,SG-3478
Front Pocket Attach-2 (5Sides- 4 corner) Patch Handling,Snls,1.2,SG-3448
"Front Pocket Attach1-Side(hidden,large Pocket)-2",Snls,0.51,SG-3480
Front Pocket Attach 1 Side-1,Snls,0.24,SG-3480
Front Pocket Attach 1 Side-1,Snls,0.24,SG-3480
Front Pocket Attach 1 Side-1 Afterwash,Snls,0.31,SG-3480
Front Pocket Attach(2sided)-2 1side Round,Snls,0.54,SG-3480
Front Pocket Attach 3Sided-1 (After Hidden 1Side),Snls,0.37,SG-9289
Front Pocket Attach 4Sided L-Shape-2 Jkt Large,Snls,1.15,SG-9288
Front Pocket Attach 2Sides-2 With 1Side Att With Tacking,Snls,0.75,SG-9289
Front Pocket Attach Square-2,Snls,0.78,SG-3486
Front Pocket Attach Square-1,Snls,0.45,SG-3486
Front Pocket Attach Square-1 with Manual Fold 3side,Snls,0.75,SG-3486
Front Pocket Attach Stay Stitch 1Side-2,Snls,0.32,SG-0444
Front Pocket Attach(2sided)-2 Straight Sides,Snls,0.45,SG-3470
Front Pocket Attach Tacking 2Side-2,Snls,0.5357142857142857,SG-3480
Front Pocket Bag Edge Stitch After Close Curved-2,Snls,0.62,SG-4595
Front Pocket Corner Deco Stitch(V-shape)-2*2,Snls,0.64,SG-9290
Front Pocket Corner Top Stitch-2,Snls,0.25,SG-3492
Front Pocket Corner Top Stitch-4,Snls,0.42,SG-3492
Front Pocket Stay Stitch 1 Side-1,Snls,0.14,SG-0444
Front Pocket Stay Stitch 1Side-2,Snls,0.2857142857142858,SG-0444
Front Pocket Stay Stitch 1Side-2 For Outseam,Snls,0.2857142857142858,SG-0444
Front Pocket Stay Stitch 2-Sides 2,Snls,0.563,SG-0444
Front Pocket Stay Stitch To Patch At Panel-2*2,Snls,0.45,SG-0444
Front Pocket Strip Attach- SN (Straight),Snls,0.317,SG-9289
Front Pocket Top with Braid,Snls,0.725,SG-9291
Front Pocket Top Deco Curve Stitch 2nd-2,Snls,0.52,SG-9292
Front Pocket Top Deco Curve Stitch 1st-2,Snls,0.55,SG-9292
Front Pocket Top 2 Side-1,Snls,0.23,SG-3501
Front Pocket Top 1Side-1 with Corner,Snls,0.19,SG-3501
Front Pocket Top 1Side-1 with Corner Afterwash,Snls,0.26,SG-3501
Front Pocket Top 4sides L-Shape-2 Jkt Large,Snls,0.88,SG-9291
Front Pocket Top Square-1,Snls,0.29,SG-9291
Front Pocket Top Stitch-(Mitered SN),Snls,0.55,SG-3504
Front Pocket Top Stitch- 1 (2 Sides of Cut & Sew Pocket),Snls,0.34,SG-3504
Front Pocket Top Stitch-(Even Gauge)-2,Snls,0.58,SG-3504
Front Pocket Top Stitch-(Uneven Gauge),Snls,0.65,SG-3504
Front Pocket Top Stitch-1(Even Gauge),Snls,0.3,SG-3504
Front Pocket Top Stitch-1(Uneven Gauge),Snls,0.35,SG-3504
Front Pocket Top Stitch(1triangle at corner)-2,Snls,0.74,SG-3504
Front Pocket Top Stitch-2 (5Sides- 4 corner),Snls,0.71,SG-3504
Front Pocket Top Stitch-1 (5Sides- 4 corner),Snls,0.35,SG-3504
"Front Pocket Top Stitch-2 (2Sides,1Corner) L-Shape",Snls,0.46,SG-3505
"Front Pocket Top Stitch-2 (2Sides,1Corner) L-Shape With Upstich-2",Snls,0.52,SG-3505
Front Pocket Top Stitch-1(Even Gauge) Large,Snls,0.3,SG-9057
Front Pocket Top Stitch-2 Round,Snls,0.63,SG-9057
Front Pocket Top Stitch-2 Round Large,Snls,0.92,SG-9057
Front Pocket Top Stitch 3Side-1,Snls,0.32,SG-9057
Front Pocket Top Stitch 3Side-1 Curve Corner 1side With Corner,Snls,0.38,SG-3492
Front Pocket Top Stitch-2 Straight,Snls,0.28,SG-9057
Front Right Panel Bottom Hem,Snls,0.234,SG-0053
Front Right Panel Hem-S/F,Snls,0.2142857142857143,SG-3385
Front Right Panels Attach Curved-1,Snls,0.35,SG-9275
Front Rise Edge Stitch,Snls,0.25,SG-3515
Front Rise Join Busted,Snls,0.291,SG-3516
Front Rise Join Busted,Snls,0.46,SG-3516
Front Rise Top (SN),Snls,0.38,SG-3517
Front Riser Stay Stitch-For Fullness-1,Snls,0.18,SG-0444
Front Riser Stay Stitch-For Fullness-2,Snls,0.36,SG-0444
Front Riser Stay Stitch-For Fullness (L & R),Snls,0.45,SG-0444
Front Side Panels Busted Join(SLANTED)-2,Snls,0.44,SG-3418
Front Strip Attach Stay Stitch-2,Snls,0.25,SG-0444
Front V-Strip Attach 3Sides,Snls,0.68,SG-3521
"Front V-Strip Close Prepressed 3Sides, 2Crnr-1",Snls,0.6,SG-3522
"Front V-Strip Edge Top Stitch 3Sides, 2Crnr-1",Snls,0.6,SG-3523
Front Yoke attach with flap-2 SN,Snls,0.445,SG-3524
Front Yoke Attach With Corner-2,Snls,0.52,SG-3524
Front Yoke Attach SN-1,Snls,0.39,SG-3525
Front Yoke Attach SN-2,Snls,0.52,SG-3525
Front Yoke Lining Stay Stitch to Yoke,Snls,0.35,SG-0444
FRONT YOKE OPEN PIPING ATTACH MANUAL WITH TRIM,Snls,0.49,SG-3524
FRONT YOKE OPEN PIPING TOP MANUAL,Snls,0.46,SG-3528
"FRONT YOKE PATCH ATT(CURVE,1CORNR) -2",Snls,0.428,SG-9286
Front Yoke Patch Attach(Mitered)-2,Snls,0.89,SG-9286
"Front Yoke patch stay stitch(curve,1corner)",Snls,0.425,SG-0444
"Front Yoke Patch Top(Curve,1corner)-2",Snls,0.38,SG-9287
Front Yoke Safety Stitch-2(After Join),Snls,0.32,SG-9238
Front Yoke Stay Stitch(Top & Sides),Snls,0.42,SG-0444
Front Yoke Stay stitch upper side,Snls,0.26,SG-0444
Front Yoke Top SN-1,Snls,0.36,SG-3536
Front Yoke Top Stitch-SN,Snls,0.386,SG-3537
Front Zipper Attach-2(after stay stitch),Snls,1.28,SG-0444
Front Zipper Attach With Lapel-1,Snls,0.46,SG-3538
Front Zipper Attach-2 (4 Sides),Snls,0.9213,SG-3538
Front Zipper Attach Stay Stitch-1,Snls,0.3571428571428572,SG-0444
Front Zipper Edge Top Hidden 2Side-1,Snls,0.8375,SG-3540
Hang Binding Attach,Snls,0.45,SG-9293
Hang Binding Attach-SN With Lining(1-Shot),Snls,0.54,SG-9293
Hang Dart Stay Stitch At Front Panel-1,Snls,0.14,SG-0444
Hang Deco Stitch-2 (L Shape),Snls,0.34,SG-3544
Hang Deco Stitch(V-shape)-1,Snls,0.21,SG-3544
Hang Deco Stitches(Triangle) -2,Snls,0.42,SG-3545
Hang Edge Stitch(W.B Side)-2,Snls,0.27,SG-3546
Hang Facing Attach With Hang-SN,Snls,0.44,SG-4583
Hang Hidden Stitch-SN,Snls,0.3928571428571429,SG-3548
Hang 2nd Top D-Pocket(allaround),Snls,0.49,SG-3565
Hang 2nd Top Fashion-SN,Snls,0.53,SG-3565
Hang 2nd Top Stitch-SN,Snls,0.3928571428571429,SG-3565
Hang Patch Attach With Corner(2Sided)-2,Snls,0.57,SG-3565
Hang Patch Close (2SIDED-1 Corner) Pre Pressed-2,Snls,0.35,SG-3565
HANG PIPING STRIP ATT. WITH HANG,Snls,0.5714285714285715,SG-3565
Hang Piping Strip Make-2,Snls,0.25,SG-9294
Hang Side Dart Make & Patch Attach(inner side),Snls,0.69,SG-3556
Hang Side Dart Top Long-2 SN,Snls,0.42,SG-3557
Hang Stay Stitch For Outseam Close-2,Snls,0.32,SG-0444
Hang Strip att. (Corded)-2,Snls,0.572,SG-3565
Hang Strip att. by Folder (Straight),Snls,0.306,SG-3565
Hang Strip Attach(Reverse Curved)-2,Snls,0.57,SG-3565
Hang Strip Edge stitch SN -(Straight),Snls,0.285,SG-3565
Hang Strip Edge stitch SN -(Curve),Snls,0.37,SG-3565
Hang Strip Stay Stitch For Close-1,Snls,0.22,SG-0444
Hang Strips Attach SN-2,Snls,0.44,SG-3565
Hang Swing (Manual - Small Pocket),Snls,0.392,SG-3565
Hang Swing (Manual),Snls,0.534,SG-3565
Hang Swing Braid Attach-2 (S/N),Snls,0.55,SG-3565
Hang Swing Braid Top St. -2 (S/N),Snls,0.39,SG-3565
Hang Swing Top St.- (S/N),Snls,0.35,SG-3565
Hang Swing Top St.- (S/N) L-Shape,Snls,0.38,SG-3565
Hang Swing Top St.- (S/N) 2nd,Snls,0.32,SG-3565
Hang Swing Top St.- (S/N) Strip Handling,Snls,0.41,SG-3565
Hang Top D-Pocket(allaround)-SN,Snls,0.56,SG-3565
Hang Top Deco Stitch-SN,Snls,0.3928571428571429,SG-3565
HANG TOP 2ND & 3TD ST.- SN,Snls,0.72,SG-3565
Hang Top 2nd Stitch With Cord,Snls,0.68,SG-3565
Hang Top 2nd Stitch(L-Shapes Corners-2*2),Snls,0.72,SG-3565
Hang Top Stitch With Patch SN-2 (w/o Inner Stitch),Snls,0.65,SG-9297
Hang top stitch 2 sided wd fold & zipper inserted- 2,Snls,0.94,SG-9297
Hang Top Stitch -SN (Small Pocket),Snls,0.434,SG-3578
Hang Top Stitch-SN (Straight Pocket),Snls,0.41,SG-3578
Hang Top Stitch Top Side(D-Pocket),Snls,0.49,SG-9297
HANG TOP 4TH STITCH,Snls,0.42,SG-9297
Hang Upper Strip Close Straight-SN,Snls,0.7142857142857143,SG-3581
HANG WRAPPER TACKING,Snls,0.17,SG-3582
Inner Placket attach Top Side with Trim & Turn-1,Snls,0.65,SG-0758
Inner Placket Edge Stitch-2,Snls,0.41,SG-9050
Inner Placket Stay Stitch with Panel-4,Snls,0.55,SG-0444
J 2nd Stitch Fashion-SN,Snls,0.23,SG-3586
J 2nd Stitch- SN,Snls,0.125,SG-9298
J 2nd Stitch Zip Fly-SN,Snls,0.173,SG-9299
J 2nd Stitch Zip Fly-SN Fashion V-Shape,Snls,0.31,SG-3589
J Patch Attach(Prepressed),Snls,0.28,SG-3590
J Patch Attach With Tracing,Snls,0.3392857142857143,SG-3590
J Stitch with Button Fly-SN,Snls,0.231,SG-3803
J Stitch Fake Fly-SN,Snls,0.23,SG-3803
"J Stitch SN(Button Fly, Edge st allong Curve Fly)",Snls,0.239,SG-3803
J Stitch Zip Fly-SN,Snls,0.18,SG-3803
J Stitch Zip Fly-SN Fashion,Snls,0.22,SG-3803
J Stitch Zip Fly-SN Pocket Bag Handling,Snls,0.23,SG-3803
J Stitch Zip Fly-SN Reverse,Snls,0.23,SG-3803
J Top Stitch SN-Box Form,Snls,0.42,SG-3598
Left fly attach,Snls,0.188,SG-3599
Left Fly Attach(fashion),Snls,0.26,SG-3599
Left Fly Attach With J-Patch(sandwich),Snls,0.31,SG-3599
Left Fly Attach With Corner-1,Snls,0.28,SG-3599
Left Fly Attach & Edge Stitch Hidden,Snls,0.25,SG-3602
Left fly attach 40 cm,Snls,0.36,SG-9137
Left Fly Attach/Edge Stitch (Manual),Snls,0.28,SG-3602
Left Fly Attach/Edge Stitch (Manual) with Joint,Snls,0.32,SG-3602
Left Fly Attach/Edge Stitch (Manual) Long,Snls,0.32,SG-3602
Left Fly Attach/Edge Stitch (Manual) 4 Ply Thread,Snls,0.32,SG-3602
Left fly edge inner stitch,Snls,0.16,SG-9300
Left Fly Edge stitch- (folder-Only Fly),Snls,0.135,SG-9300
Left Fly edge Stitch,Snls,0.16,SG-9300
Left Fly Edge Stitch(fashion),Snls,0.22,SG-9300
Left Fly edge Stitch 40 cm,Snls,0.34,SG-9300
Left Fly edge Stitch Long,Snls,0.35,SG-9300
Left Fly edge Stitch Till Crotch,Snls,0.24,SG-3728
Left Fly Patch Top (Curve J Shape Fly),Snls,0.32,SG-3610
Left Front Edge st with Zip Fly (By Folder),Snls,0.172,SG-3611
Left Front Panel Edge St. (Folder),Snls,0.175,SG-3612
LINING ATT TO HANG WD PIPING STRIP(SANDWICH),Snls,0.56,SG-3613
Lining Patch Attach At Panel(4-SIDED)-2,Snls,0.68,SG-9143
Notches Attach,Snls,0.28,SG-3615
Notches Attach With Facing Puckering,Snls,0.459,SG-3615
Notches Attach(Pocket Bag Stay Stitch Top & Side)-2,Snls,0.46,SG-0444
Notches Attach 2nd,Snls,0.3,SG-3615
Notches Attach 1side-2,Snls,0.1964285714285715,SG-3615
Notches Attach Strip Handling,Snls,0.45,SG-3615
Notches Attach Top Side-2,Snls,0.1964285714285715,SG-3615
Outseam Dart stay stitch-2 (Gather Dart),Snls,0.221,SG-0444
OUTSEAM DART STAY STITCH-2 (3 GATHER DARTS),Snls,0.32,SG-0444
Patch Attach-1(Big-8sides-Hexagonal),Snls,0.63,SG-9155
PATCH ATTACH AT PANEL(4SIDED)- 1,Snls,0.345,SG-3622
Patch Attach At Panel(4-SIDED)-2,Snls,0.68,SG-3622
Patch Attach At Panel With Top(4-SIDED)-2,Snls,0.92,SG-3622
Patch Attach at Panel (3 Sided) -2*2,Snls,1.08,SG-3622
Patch Attach At Panel 4Sided(big)-2,Snls,1.24,SG-9156
"Patch Top Stitch 4-SIDED,Round(big)-2",Snls,1.23,SG-3624
Piping attach to Front Riser with Fly-1,Snls,0.55,SG-3625
Placket Edge Stitch with Panel allround-1 with Stay Stitch,Snls,1.8,SG-0444
Pocket Bag Close At Front Panel With Fold Clean Finish 1Side-2,Snls,0.72,SG-3627
Pocket Bag Stay Stitch With Panel,Snls,0.1071428571428572,SG-0444
Pocket Bags Close For Wash,Snls,0.2,SG-3629
Pocket Bags Close For Wash After Complete Pc,Snls,0.42,SG-3630
Pocket Bags Close For Wash Double Stitch,Snls,0.3,SG-3631
Pocket Lining att to Hang,Snls,0.32,SG-3632
Pocket Lining att to Hang with Lining Fold,Snls,0.45,SG-3632
Pocket Lining att to Hang Joint,Snls,0.4642857142857144,SG-3632
Pocket Lining att to Hang L-shape,Snls,0.45,SG-3632
Pocket Lining att to Hang Strip Pre-Attach,Snls,0.42,SG-3632
Pocket Lining Attach With Corner(2Sided)-2,Snls,0.53,SG-3632
POCKET LINING ATTACH TO HANG-2 (3 SIDES),Snls,0.56,SG-3632
Pocket Lining Attach To Hang(D-Pocket),Snls,0.62,SG-3632
Pocket Lining Attach To Hang(3Sided),Snls,0.61,SG-3632
Pocket Lining Attach To Hang 2nd Side-2,Snls,0.24,SG-3632
Pocket Lining Attach To Hang 1Side-2 With Strip,Snls,0.28,SG-3632
Reinforcement Patch Tacking Front-4,Snls,0.58,SG-9065
Reinforcement Patch Tacking Side-4,Snls,0.58,SG-9065
Reinforcement Patch Tacking Side-4 2nd,Snls,0.58,SG-9065
Right Fly attach with Fly,Snls,0.24,SG-3077
Right Fly Attach & Edge Stitch,Snls,0.4,SG-3077
Right Fly Attach & Edge Stitch with Inner Fly Handling,Snls,0.8,SG-3077
Right Fly Attach & Edge Stitch Button Fly,Snls,0.3928571428571429,SG-3077
Right Fly Attach & Edge Stitch Button Fly Long,Snls,0.4642857142857144,SG-3077
Right Fly Attach & Edge Stitch Zip Fly,Snls,0.3,SG-3077
Right Fly Attach & Edge Stitch Zip Fly with cut,Snls,0.37,SG-3077
Right Fly Attach & Edge Stitch Zip Fly with Joint,Snls,0.43,SG-3077
Right Fly Attach & Edge Stitch Zip Fly Closed Pc,Snls,0.52,SG-3077
Right Fly Attach & Edge Stitch Zip Fly Long,Snls,0.34,SG-3077
Right Fly Attach & Edge Stitch Zip Fly Long & Zip Fold,Snls,0.43,SG-3077
Right Fly Attach & Edge Stitch Zip Fly 4 Ply Thread,Snls,0.44,SG-3077
Right Fly Attach & Edge Stitch Zip Fly Pocket Bag Handling,Snls,0.43,SG-3077
Right Fly Attach-SN,Snls,0.286,SG-3077
Right Fly Attach-SN For CBL,Snls,0.286,SG-3077
Right Fly Close Stay Stitch Water Thread,Snls,0.17,SG-0444
Right Fly Corner Stay Stitch-1,Snls,0.15,SG-0444
Right Fly Edge Hem Water Thread,Snls,0.17,SG-3077
Right Fly Edge Hem Water Thread Long,Snls,0.25,SG-3077
Right Fly Edge Stay Stitch,Snls,0.16,SG-0444
Right Fly Edge Stitch After Attach Zip Fly,Snls,0.25,SG-3077
Right Fly Edge Stitch Button Fly(without attach),Snls,0.36,SG-3077
RIGHT FLY MAKE(SELF FOLD),Snls,0.24,SG-3077
Right Fly Stay Stitch with Zipper,Snls,0.15,SG-0444
Side Fly with Panel Edge Stitch water thread-2,Snls,0.38,SG-3664
Side Fly Attach With Corner(Left Fly)-2,Snls,0.51,SG-3665
Side Fly Attach(Right Fly)-2,Snls,0.48,SG-3077
Side Fly Attach(Left Fly)-2,Snls,0.48,SG-3665
Side Fly Attach With Corner(Left Fly)-1,Snls,0.28,SG-3665
Side Fly Attach With Corner(Right Fly)-1,Snls,0.26,SG-3077
Side Fly Corner Stay Stitch-1,Snls,0.14,SG-0444
Side Fly Deco Stitch-2 (Straight),Snls,0.27,SG-9272
Side Fly Edge Inner Stitch(Left Fly)-2,Snls,0.34,SG-9300
Side Fly Edge Stitch(Right Fly)-2,Snls,0.49,SG-3077
Side Fly Edge Stitch(Left Fly)-1,Snls,0.17,SG-9300
Side Fly Edge Stitch(Right Fly)-1,Snls,0.17,SG-3077
Side Fly Edge Stitch With Corner(Left Fly)-2,Snls,0.42,SG-9300
Side Fly Edge Stitch(Left Fly)-2,Snls,0.38,SG-9300
Side Fly Stay Stitch(Left Fly)-2*2,Snls,0.44,SG-0444
Side Fly Stay Stitch-2*1,Snls,0.2142857142857143,SG-0444
Side Fly Stay Stitch-1,Snls,0.11,SG-0444
Side Fly Stay Stitch-2*2,Snls,0.55,SG-0444
Side Fly Stay Stitch-1*2,Snls,0.25,SG-0444
Side Panel Notches Attach Top Side-2,Snls,0.95,SG-3615
Side Pocket Stay Stitch 1 Side-1,Snls,0.14,SG-0444
Stay Stitch-2,Snls,0.2,SG-0444
Stay Stitch-2 with Corner Cut,Snls,0.4,SG-0444
STAY STITCH For Piping Strip MAKE-1,Snls,0.06,SG-0444
STAY STITCH FOR TWILL TAPE MAKE-1,Snls,0.06,SG-0444
Stay Stitch For Twill Tape Make-1 Denim with Notch Trim,Snls,0.16,SG-0444
Stay Stitch For Vent-2 with Overlapping,Snls,0.54,SG-0444
Strip Attach at Front Panel (3sided-1side curve)-For wash,Snls,1.67,SG-3678
Strip Attach to Front Patch -2,Snls,0.29,SG-9285
Strips Attach To Front Panel-2,Snls,1.1,SG-9276
Tape Attach At Front Panel with Zipper-1,Snls,1.25,SG-3681
Tape Top At Front Panel with Zipper-1,Snls,0.7,SG-3402
Uper Strip attach to Pocket with zip-1,Snls,0.45,SG-3683
Velcro Tape Attach at Front Panel Knee-2,Snls,0.543,SG-3684
Velcro Tape Attach at Knee Patch 2side with Hem-2,Snls,0.65,SG-3685
Watch Pocket Attach 1side stright hidden-SN,Snls,0.18,SG-5370
Watch Pocket Attacht to Front (3 Sided),Snls,0.373,SG-5370
Welt Pocket Attach all around without Press,Snls,1.55,SG-3688
Yoke Stay Stitch For Direction-1,Snls,0.14,SG-0444
Zip attach and Edge top to Pocket-1,Snls,0.62,SG-3690
Zip Stay Stitch-1,Snls,0.11,SG-0444
Zipper attach with front panel -2 (1 sided),Snls,0.756,SG-3692
Zipper Attach to Front Panel-1,Snls,0.75,SG-9239
Zipper Attach to Front Panel-1 2nd Part,Snls,0.75,SG-9239
Front Box Pleat Press(skirt)-4,Steam Press,0.3928571428571429,SG-0441
Front Btm Hem Press Skirt(Round Corners)-1*1,Steam Press,0.28,SG-0441
Front Knee Patch Press 1side curved-2,Steam Press,0.38,SG-0441
Front Knee Patch Straight Press-2,Steam Press,0.25,SG-0441
Front Lapel Edge Press-2,Steam Press,0.3,SG-0441
Front Lapel Edge Press-2 (At Neck),Steam Press,0.175,SG-0441
Front Panel Busted Press-1,Steam Press,0.13,SG-0440
Front Panel Dart Press-2,Steam Press,0.221,SG-0441
Front Panel Edge Press S/F (Skirt),Steam Press,0.475,SG-0441
Front Panel Hem Press-1 (Single Fold),Steam Press,0.27,SG-0441
Front Panel Join Busterd Press,Steam Press,0.36,SG-0440
Front Panel Press Alaround(round-inserted Pocket)-2,Steam Press,0.73,SG-0441
Front Panel Press For Placket Make-2,Steam Press,0.73,SG-0441
Front Patch Pleat Press After Make-13*2,Steam Press,0.53,SG-0441
Front Patch Pleat Press After Make-19*2,Steam Press,0.69,SG-0441
Front Patch Pleat Press After Make-38*2,Steam Press,0.69,SG-0441
Front Patch Press-1 (Long),Steam Press,0.25,SG-0441
Front Patch Press-2 (4 Sided/2 Corners-1Side Curve),Steam Press,1.1,SG-0441
Front Placket Busted Join Press-2 Steam,Steam Press,0.42,SG-0440
Front Pleat Press (Vertical)-3*2,Steam Press,0.3,SG-0441
Front Pleat Press After Make(vertical)-2*2,Steam Press,0.43,SG-0441
Front Pocket & Back. Flap Piping Press (Manual),Steam Press,0.28,SG-0441
Front Pocket Press-2 (Curve/ 2 Sides),Steam Press,0.48,SG-0441
Front Rise Busted Press,Steam Press,0.191,SG-0440
Front Side Panels Busted Join Press(SLANTED)-2,Steam Press,0.19,SG-0440
Front yoke patch press 2 sides -2,Steam Press,0.324,SG-0441
FRONT YOKE PRESS(SANDWICH),Steam Press,0.278,SG-0441
Hang Press-2,Steam Press,0.292,SG-0441
Hang Press-2 (D-Pocket),Steam Press,0.48,SG-0441
Hang Strip Press Curve (S/F)-2,Steam Press,0.27,SG-0441
Hang Strip Press Straight (S/F)-2,Steam Press,0.22,SG-0441
J Patch Press,Steam Press,0.19,SG-0441
Front Panels Hem-TNCS(Outseam Side-30cm)-2,Tncs,0.4,SG-3722
Hang Top-TNCS(with trim)-2,Tncs,0.49,SG-3723
CROTCH JOIN-(AFTER INNER STITCH),Tnls,0.368,SG-3728
Crotch Join & Top Stitch (Button Fly-Fashion),Tnls,0.558,SG-3728
Crotch Join After Inner Stitch(Long Skirt),Tnls,0.37,SG-3728
"Crotch Join Button Fly(2Sides,1Corner)",Tnls,0.46,SG-3728
Crotch Join TN (Button Fly),Tnls,0.393,SG-3728
Crotch Join TN (Zip Fly),Tnls,0.23,SG-3728
Crotch Join TN,Tnls,0.3,SG-3728
Crotch Join TN (Zip Fly) Closed Pc,Tnls,0.42,SG-3728
Crotch Join TN (Zip Fly) Long,Tnls,0.26,SG-3728
Crotch Join TN (Zip Fly) Long & Joint Match Heavy Fabric,Tnls,0.68,SG-3728
Crotch Join TN (Zip Fly) 4 Ply Thread,Tnls,0.4,SG-3728
Crotch Tape Attach With Trim TN-1,Tnls,0.26,SG-3728
Crotch Top Stitch-TN (After Hidden Attach),Tnls,0.243,SG-3728
Crotch Top Stitch-TN Fake Fly,Tnls,0.25,SG-3728
Crotch Top Stitch-TN Fake Fly with Fly Edge Stitch Split,Tnls,0.29,SG-3728
Crotch Top Stitch-TN (After Hidden Attach) Long,Tnls,0.38,SG-3728
Fly Deco Stitch Straight-TN,Tnls,0.18,SG-3737
Front Box Pleat Top(skirt) TN-4,Tnls,0.63,SG-3738
Front Btm Hem Skirt(Round Corners)-1*1 TN,Tnls,0.53,SG-3739
Front Crotch Join (Skirt) Curve Corner,Tnls,0.7,SG-3728
Front Crotch Join Long (Skirt) Curve Corner,Tnls,0.95,SG-3728
Front Crotch Join (Skirt) Padded Fabric,Tnls,0.55,SG-3728
Front Crotch Join (Skirt) TN,Tnls,0.45,SG-3728
Front Deco Stitch- TN (Curve 2),Tnls,0.44,SG-3750
Front Deco Stitch- TN (Curve 2 Sided),Tnls,0.52,SG-3750
Front Fake Gusset Deco Stitch TN-1,Tnls,0.46,SG-3745
Front Knee Patch Attach at Panel Curved-2,Tnls,0.65,SG-3746
Front Lapel Top With 2Corner(1Side Zipper)-2,Tnls,0.83,SG-3747
Front Overlap Panels Attach Top To Btm-2 TN,Tnls,2.5,SG-9097
Front Panel Busted Top(top to bottom)TN-2,Tnls,0.84,SG-9310
Front Panel Deco Stitch(straight)-1,Tnls,0.18,SG-3750
FRONT PANEL DECO STITCH -2 (TN),Tnls,0.36,SG-3750
FRONT PANEL DECO STITCH -2*2 (TN),Tnls,0.62,SG-3750
Front Panel Join Top Stitch-2 TN,Tnls,0.3571428571428572,SG-3750
Front Panel Join Top Stitch-2 TN Split,Tnls,0.61,SG-3750
Front Panel Top Stitch Till Crotch,Tnls,0.78,SG-3728
Front Panel Top Stitch (Top-Bottom)-2 TN,Tnls,1.5,SG-3750
Front Panel Zipper Attach- 2,Tnls,0.48,SG-9311
Front Panels Busted Top TN-2,Tnls,0.59,SG-9310
Front Panels Hem for Vent Make-1 TN,Tnls,0.2,SG-3757
Front Panels Hem(Bottom Vent Make)TN-2,Tnls,0.4,SG-3758
Front Panels Join Top With Corner-2,Tnls,0.36,SG-3759
Front Panels Join Top Stitch Zigzag Curve Complete-2 TN,Tnls,2.1,SG-3760
Front Panels Join Top TN-2 L-Shape,Tnls,0.95,SG-3761
Front Panels Top With Cut Welt Pocket-2,Tnls,0.58,SG-3750
Front Panels Top-1,Tnls,0.27,SG-3750
Front Panels Top(Curved & 1Side Zipper)-2,Tnls,0.58,SG-3750
Front Panels Top 2Sides TN-2(With Corner),Tnls,0.54,SG-3763
Front Panels Top Stitch TN-2 Horizontal,Tnls,0.3,SG-3764
Front Panels Top TN-2,Tnls,0.46,SG-3750
Front Panels Top TN-1,Tnls,0.21,SG-3750
Front Panels Top TN-4,Tnls,0.75,SG-3750
FRONT PATCH ATTACH(1SIDE PRE ATTACH)-2,Tnls,0.28,SG-3766
FRONT PATCH TOP STITCH-2(3SIDES OF CUT & SEW),Tnls,0.82,SG-3767
Front Pleat Top Stitch-2*2,Tnls,0.62,SG-4076
Front Pleat Top Stitch-2,Tnls,0.31,SG-4076
Front Pocket Attach L-Shape 2Corners-2,Tnls,0.78,SG-3769
Front Pocket Attach 2 Side-1,Tnls,0.32,SG-1623
Front Pocket Attach 2Sides-2 TN,Tnls,0.7142857142857143,SG-1623
Front Pocket Attach 2Sides-2 TN Btm Side,Tnls,0.67,SG-3772
Front Pocket Attach-2(Round) TN,Tnls,0.91,SG-1623
Front Pocket Upper Side Top Stitch-2 TN,Tnls,0.58,SG-3774
Front Rise Busted Top (TN),Tnls,0.36,SG-3775
Front Rise Top (TN),Tnls,0.36,SG-3776
"FRONT YOKE PATCH ATT(CURVE,1CORNR) -2",Tnls,0.586,SG-3777
Front Yoke Patch Attach(Straight)-TN,Tnls,0.39,SG-3778
FRONT YOKE TOP STRAIGHT(SANDWICH),Tnls,0.44,SG-3779
Front Yoke Top TN-2,Tnls,0.38,SG-3780
Hang Binding Attach-TN,Tnls,0.52,SG-3781
Hang Binding Attach-TN With Lining(1-Shot),Tnls,0.56,SG-3781
Hang Strip Close(fashion)-TN,Tnls,0.6071428571428572,SG-3782
Hang Strip Join-2 (Pre-pressed)-TN,Tnls,0.55,SG-3783
Hang Strip Top TN-2,Tnls,0.42,SG-3784
Hang Swing (with Tape),Tnls,0.3,SG-3781
Hang Swing (Self Fold),Tnls,0.55,SG-3781
Hang Swing (with Tape) Joint,Tnls,0.58,SG-3786
Hang Swing 2nd Top St. - (TNLS),Tnls,0.48,SG-9313
Hang Swing (with Tape) Padded Thick Fabric,Tnls,0.58,SG-3788
Hang Swing Top St.- (TNLS),Tnls,0.34,SG-3781
Hang Swing Top St.- (TNLS) with upper strip Handling,Tnls,0.51,SG-3781
Hang Swing Top St.- (TNLS) Joint,Tnls,0.51,SG-9313
Hang Swing Top St.- (TNLS) L-shape,Tnls,0.51,SG-9313
Hang Swing Top St.- (TNLS) Long Body Fold,Tnls,0.56,SG-9313
Hang Swing Top St.- (TNLS) Strip Handling,Tnls,0.45,SG-3781
Hang Swing Top St.- (D/N) Strip Handling,Tnls,0.41,SG-3781
Hang Swing Top Stitch-2 Reverse With Strip,Tnls,0.58,SG-9313
Hang Top With Corner(TN),Tnls,0.59,SG-3781
Hang Top With Corner-2(TN),Tnls,0.59,SG-3781
Hang Top D-Pocket(allaround),Tnls,0.66,SG-3796
Hang Top Stitch With Zipper Welt-2,Tnls,0.71,SG-3781
HANG TOP STITCH WITH CORD (TNLS),Tnls,0.75,SG-3781
Hang Top Stitch Top Side(D-Pocket)TNLS,Tnls,0.55,SG-3798
J stitch Button Fly-TN,Tnls,0.244,SG-3803
J Stitch Button Fly-TN,Tnls,0.32,SG-3803
J Stitch Button Fly-TN Long,Tnls,0.35,SG-3803
"J Stitch TN(Button Fly, Edge st allong Curve Fly)",Tnls,0.239,SG-3803
J Stitch TN (fake fly),Tnls,0.198,SG-3803
J Stitch TN,Tnls,0.26,SG-3803
J Stitch TN (fake fly) Long,Tnls,0.25,SG-3803
J Stitch Zip Fly TN,Tnls,0.18,SG-3803
J Stitch Zip Fly TN with edge Handling,Tnls,0.28,SG-3803
J Stitch Zip Fly TN,Tnls,0.18,SG-3803
J Stitch Zip Fly TN with Lifter,Tnls,0.26,SG-3803
J Stitch Zip Fly TN with edge Handling & Long,Tnls,0.32,SG-3803
J Stitch Zip Fly TN with Joint,Tnls,0.32,SG-3803
J Stitch Zip Fly TN 40 cm,Tnls,0.32,SG-3803
J Stitch Zip Fly TN Long,Tnls,0.22,SG-3803
J Stitch Zip Fly TN 4 Ply Thread,Tnls,0.32,SG-3803
J Stitch Zip Fly TN Pocket Bag Handling,Tnls,0.24,SG-3803
J Stitch Zip Fly TN Reverse,Tnls,0.22,SG-3803
Left Fly attach/Edge Stitch (Manual)-TN,Tnls,0.333,SG-3809
Left Front Panel Edge St. With Fold,Tnls,0.22,SG-3810
Outseam Panel Strip Attach with Front Panel TN-2,Tnls,0.74,SG-9166
Right Fly Edge St. Skirt-(Zip Fly-Folded Crotch),Tnls,0.42,SG-3728
Right Fly Edge Stitch After Attach Zip Fly Long,Tnls,0.28,SG-3813
Right Fly Edge Stitch Button Fly(without attach),Tnls,0.39,SG-3814
Right Fly Edge Stitch- TN (Button Fly),Tnls,0.28,SG-3815
Side Fly with Panel Edge Stitch TN-2,Tnls,0.4,SG-3816
Side Fly Edge Stitch TN-2,Tnls,0.4,SG-3817
Strip Close at Front Panel (3sided-1side curve)-For wash,Tnls,1.15,SG-3818
TWILL TAPE ATTACH ON FRONT Busted PANEL -2,Tnls,0.49,SG-3819
Twill Tape Attach To Front Pocket-2,Tnls,0.41,SG-3820
Zipper attach with facing panel -2 (1 side),Tnls,0.756,SG-3821
Zipper Attach to Front Panel-1,Tnls,0.82,SG-9311
Bottom Patch Attach Tracing At Panel-2,Tracing Pattern,0.3214285714285715,SG-9117
Crotch Bartack Tracing,Tracing Pattern,0.12,SG-3824
Crotch Tape Attach Tracing-1,Tracing Pattern,0.1,SG-3825
Crotch Tracing,Tracing Pattern,0.124,SG-3826
Dart Tracing At Front Panel-1,Tracing Pattern,0.15,SG-9178
Flap Attach Tracing At Panel-2,Tracing Pattern,0.2142857142857143,SG-9258
Fly Attach Tracing,Tracing Pattern,0.1071428571428572,SG-3829
Fly Attach Tracing (Right Fly),Tracing Pattern,0.22,SG-3829
Fly Attach Tracing (Left Fly),Tracing Pattern,0.14,SG-3829
Fly Patch Attach Tracing,Tracing Pattern,0.18,SG-9167
Fly Zipper Attach Tracing,Tracing Pattern,0.1785714285714286,SG-9112
Front & Back Panel Center Tracing For Bottom Hem-2,Tracing Pattern,0.3,SG-1874
Front Bib Patch Attach Tracing-1,Tracing Pattern,0.14,SG-9167
Front Box Pleat Tracing-2,Tracing Pattern,0.1785714285714286,SG-9219
Front Center Panel Attach Tracing-2(All Around),Tracing Pattern,0.37,SG-9119
Front Cord Patch Attach Tracing (1 Side) -2,Tracing Pattern,0.28,SG-9167
FRONT CURVED PANELS JOIN TRACING-2,Tracing Pattern,0.28,SG-9218
Front Dart Make Tracing-2,Tracing Pattern,0.21,SG-3838
Front Dart Make Tracing-2(Top to Bottom),Tracing Pattern,0.84,SG-3838
Front Dart Make Tracing-2(31-35cm),Tracing Pattern,0.75,SG-3838
Front Dart Make Tracing-2(26-30cm),Tracing Pattern,0.4,SG-3838
FRONT DART MAKE Tracing-2 COMPLETE,Tracing Pattern,0.332,SG-3838
Front Dart Make Tracing-4x2,Tracing Pattern,0.55,SG-3840
Front Dart Make Tracing-2x2,Tracing Pattern,0.4,SG-3840
Front Dart Tracing-2,Tracing Pattern,0.272,SG-3841
Front Dart Tracing-2,Tracing Pattern,0.27,SG-3841
Front Dart Tracing-3*2,Tracing Pattern,0.491,SG-3841
Front Dart Tracing-2(40~50cm),Tracing Pattern,0.4,SG-3841
Front Dart Tracing - 2x2,Tracing Pattern,0.3928571428571429,SG-3841
Front Fake Gusset Deco Stitch Tracing-1,Tracing Pattern,0.24,SG-9314
Front Flap Attach Tracing-1,Tracing Pattern,0.1428571428571429,SG-9257
Front Knee Patch Attach Tracing at Panel-2,Tracing Pattern,0.32,SG-3856
Front Knee Patch Dart Make Tracing-4x2,Tracing Pattern,0.65,SG-3838
Front Lapel Make Tracing-2,Tracing Pattern,0.38,SG-3847
Front Panel Bottom Piping Attach Tracing-2,Tracing Pattern,0.1607142857142857,SG-9114
Front Panel Cut Tracing For attach,Tracing Pattern,0.12,SG-9119
Front Panel Dart Top Tracing-4*2,Tracing Pattern,0.37,SG-3850
Front Panel Dart Top Tracing-2*2,Tracing Pattern,0.28,SG-3850
Front Panel Deco Stitch Tracing-1,Tracing Pattern,0.1071428571428572,SG-3851
Front Panel Deco Stitch Tracing-2,Tracing Pattern,0.25,SG-3851
Front Panel Deco Stitch Tracing,Tracing Pattern,0.1785714285714286,SG-3851
FRONT PANEL DECO STITCH TRACING-3*2 STRAIGHT,Tracing Pattern,0.36,SG-3851
Front Panel Hem Tracing-2,Tracing Pattern,0.17,SG-3853
Front Panel join tracing-2*2,Tracing Pattern,0.25,SG-3854
Front Panel Join Tracing-2,Tracing Pattern,0.1785714285714286,SG-3854
Front Panel Join Tracing Zigzag Complete-2,Tracing Pattern,1.32,SG-3854
Front Panel Patch attach Tracing (Star Shape)-2*2,Tracing Pattern,1.2,SG-3856
Front Panel Patch attach Tracing (Star Shape)-3,Tracing Pattern,0.9,SG-3856
Front Panel Patch Top Tracing (Star Shape)-2*2,Tracing Pattern,0.8,SG-3857
Front Panel Patch Top Tracing (Star Shape)-3,Tracing Pattern,0.6,SG-3857
Front Panel Pleat Make Tracing-1,Tracing Pattern,0.14,SG-3859
Front Panel Pleat Tracing -2 (Pant-Top to Bot),Tracing Pattern,0.509,SG-3859
Front Panel Pleat Tracing-2(Hang to Knee),Tracing Pattern,0.35,SG-3859
Front Panel Tracing For Bottom Hem -4*2,Tracing Pattern,0.3,SG-3860
Front Panel Tracing for Placket Attach-2,Tracing Pattern,0.175,SG-4509
Front Panels Attach Tracing With Corner-2,Tracing Pattern,0.21,SG-9178
FRONT PANELS JOIN TRACING-2,Tracing Pattern,0.24,SG-9218
Front Panels Vent Make Tracing-2,Tracing Pattern,0.1785714285714286,SG-3864
Front Patch Attach Tracing (4Sides)-2 with Strip for wash,Tracing Pattern,0.8,SG-9167
Front Patch Join Tracing,Tracing Pattern,0.1,SG-9218
Front Patch Pleat Tracing-5*2,Tracing Pattern,0.73,SG-3867
Front Patch Pleat Tracing-8*2,Tracing Pattern,0.58,SG-3867
Front Patch Pleat Tracing-8,Tracing Pattern,0.4,SG-3867
Front Patch Tracing & Set for Cutting,Tracing Pattern,0.08,SG-3868
Front Patch Tracing for Cord Attach With Center Tracing-2,Tracing Pattern,0.301,SG-9167
Front Patch Tracing for Zig Zag Stitches-(Straight),Tracing Pattern,0.301,SG-3870
Front Pleat Make Tracing(vertical)-2*2,Tracing Pattern,0.5357142857142857,SG-3871
Front Pleat Make Tracing(vertical)-2 With Bartack 4*2,Tracing Pattern,0.3571428571428572,SG-3871
Front Pleat Make Tracing-2 (Horizontal),Tracing Pattern,0.21,SG-3871
Front Pleat Make Tracing(Vertical)-2,Tracing Pattern,0.2857142857142858,SG-3871
Front Pleat Make Tracing(Vertical)-4,Tracing Pattern,0.3571428571428572,SG-3871
Front Pleat Make Tracing(Vertical)-3*2,Tracing Pattern,0.71,SG-3871
FRONT PLEAT PATCH(13 PLEATS) ATT.TRACING(ALL AROUND)-2,Tracing Pattern,0.54,SG-3872
Front Pleat Patch Att.Tracing(All Around)-2,Tracing Pattern,0.65,SG-3872
Front Pleat Top Tracing - 2,Tracing Pattern,0.27,SG-9219
Front Pleat Tracing-2,Tracing Pattern,0.25,SG-3874
Front Pleat Tracing-2*2,Tracing Pattern,0.34,SG-3874
Front Pleat Tracing-2(Knee to Bottom),Tracing Pattern,0.35,SG-3874
Front Pleats Bartack Tracing-3*2,Tracing Pattern,0.38,SG-3875
Front Pleats Bartack Tracing-2*2,Tracing Pattern,0.301,SG-3875
Front Pleats Bartack Tracing-4*2,Tracing Pattern,0.4285714285714286,SG-3875
Front Pocket & Flap Attach Tracing-1,Tracing Pattern,0.1785714285714286,SG-9112
Front Pocket Attach Tracing-2,Tracing Pattern,0.32,SG-3877
Front Pocket Attach Tracing-2 With Flap,Tracing Pattern,0.3571428571428572,SG-3877
Front Pocket Attach Tracing-2 with W/B high Low,Tracing Pattern,0.3928571428571429,SG-3877
Front Pocket Attach Tracing With Flaps,Tracing Pattern,0.3928571428571429,SG-3877
Front Pocket Attach Tracing With 1Flap-2,Tracing Pattern,0.3571428571428572,SG-3877
Front Pocket Attach Tracing-1,Tracing Pattern,0.1785714285714286,SG-3877
Front Pocket Attach Tracing-1 (All Around),Tracing Pattern,0.18,SG-3877
Front Pocket Attach Tracing With Inner Pocket,Tracing Pattern,0.42,SG-3877
Front Pocket Attach Tracing-2 Allround Large,Tracing Pattern,0.5,SG-9112
Front Pocket Attach Tracing-1 Inner,Tracing Pattern,0.1785714285714286,SG-9112
Front Pocket Attach Tracing-4 Jacket,Tracing Pattern,0.46,SG-9112
Front Pocket Attach Tracing-2 Jkt 4Sides,Tracing Pattern,0.32,SG-2386
Front Pocket Attach Tracing-2 Large,Tracing Pattern,0.4285714285714286,SG-9112
Front Pocket Deco Stitch Tracing-2,Tracing Pattern,0.2142857142857143,SG-9314
Front Pocket Top Stitch Tracing-2,Tracing Pattern,0.25,SG-3884
Front Pocket Top Stitch Tracing-1,Tracing Pattern,0.12,SG-3884
Front Pocket Top Stitch Tracing-2 Straight,Tracing Pattern,0.21,SG-3884
FRONT Pocket TRACING WITH FLAP-2,Tracing Pattern,0.385,SG-9315
FRONT Pocket TRACING ALL AROUND WITH 6-DECO STITCHES-2,Tracing Pattern,0.52,SG-9315
Front Strip Attach Tracing-2,Tracing Pattern,0.1785714285714286,SG-9112
Front V-Strip Attach Tracing 3side,Tracing Pattern,0.26,SG-9112
Front Yoke Attach Tracing-2,Tracing Pattern,0.26,SG-9167
Front Yoke High Low Tracing,Tracing Pattern,0.25,SG-9111
Front Yoke Patch Attach Tracing-2,Tracing Pattern,0.32,SG-9167
Front Zipper Attach Tracing-2 With Btm & Plkt Btm,Tracing Pattern,0.2857142857142858,SG-9112
Front Zipper Center Tracing,Tracing Pattern,0.18,SG-9242
Hang Deco Stitch Tracing(straight)-2,Tracing Pattern,0.19,SG-3895
Hang High Low Tracing,Tracing Pattern,0.15,SG-3896
Hang Panel Attach Tracing-2,Tracing Pattern,0.21,SG-3897
Hang Piping Attach Tracing-2,Tracing Pattern,0.19,SG-3898
Hang Side Dart Make Tracing-2,Tracing Pattern,0.26,SG-3899
Hang Side Panels Join Tracing,Tracing Pattern,0.2,SG-9168
Hang Strip Attach Tracing-2*2,Tracing Pattern,0.29,SG-3901
Hang Top St. Tracing (3 Curve Lines),Tracing Pattern,0.337,SG-9316
Hang Top Tracing-2*2 (Allaround),Tracing Pattern,0.65,SG-9316
Hang Top Tracing 2Sides,Tracing Pattern,0.22,SG-9316
J Bartack Tracing,Tracing Pattern,0.1071428571428572,SG-3905
J Patch Attach Tracing All Around,Tracing Pattern,0.223,SG-1265
J Tracing,Tracing Pattern,0.14,SG-3907
J Tracing with Bartack,Tracing Pattern,0.17,SG-3907
J Tracing with Bartack & Fly Deco Stitch,Tracing Pattern,0.22,SG-3907
J Tracing Fashion,Tracing Pattern,0.16,SG-3908
Lapel Zipper Center Tracing,Tracing Pattern,0.18,SG-9242
LEFT FRONT PANEL EDGE STITCH TRACING,Tracing Pattern,0.14,SG-3910
Notch At Lapel For Yoke-2,Tracing Pattern,0.175,SG-3911
Notches Tracing,Tracing Pattern,0.189,SG-3912
Notches Tracing-1,Tracing Pattern,0.1071428571428572,SG-3912
Notches Tracing 2nd,Tracing Pattern,0.189,SG-3913
Panel Tracing For Fake Fly Make,Tracing Pattern,0.09,SG-9317
Panel Tracing For Fake Fly Make 2nd,Tracing Pattern,0.09,SG-9317
Patch Attach Tracing-1 (Front),Tracing Pattern,0.18,SG-9167
PATCH (4 SIDED) ATTACH TRACING AT PANEL-1,Tracing Pattern,0.141,SG-3917
Patch Attach Tracing At Panel-2(single pattren),Tracing Pattern,0.24,SG-3917
Patch Attach Tracing At Panel-2*2(single pattren),Tracing Pattern,0.46,SG-3917
Patch Attach Tracing At Panel large-2(single pattrn),Tracing Pattern,0.28,SG-9117
Pocket Lining Attach Tracing(fashion)-2,Tracing Pattern,0.24,SG-9198
Right Lapel High Low Tracing-1,Tracing Pattern,0.12,SG-3920
Side Fly Attach Tracing(Right Fly)-2,Tracing Pattern,0.2142857142857143,SG-3921
Side Fly Attach Tracing(Left Fly)-2,Tracing Pattern,0.2142857142857143,SG-3921
Side Fly Attach Tracing(Left Fly)-1,Tracing Pattern,0.125,SG-3921
Side Fly Bartack Tracing-2,Tracing Pattern,0.1785714285714286,SG-9318
TRAC AT PANEL FOR PATCH ATT-2 PATCH -1 ( CROSS SHAPE),Tracing Pattern,0.21,SG-3923
TRAC AT PANEL FOR PATCH ATT-2 PATCH -1 ( CROSS SHAPE),Tracing Pattern,0.21,SG-3923
Tracing at Facing for Front Panel Close-2,Tracing Pattern,0.46,SG-3924
Tracing at facing for zipper attach -2,Tracing Pattern,0.31,SG-3925
Tracing At Front Panel-1(Cut&Sew Pocket),Tracing Pattern,0.23,SG-9178
TRACING AT FRONT PANEL Busted SEAM FOR TAPE ATTACH-2,Tracing Pattern,0.1428571428571429,SG-3927
TRACING AT FRONT PANEL Busted SEAM FOR TAPE ATTACH-2*2,Tracing Pattern,0.2857142857142858,SG-3927
TRACING AT FRONT PANEL FOR ATTACH-2(CUT&SEW),Tracing Pattern,0.46,SG-9119
Tracing At Front Panels for Inner Facing Attach-2,Tracing Pattern,0.54,SG-9119
Tracing At Front Patch-2(Cut&Sew),Tracing Pattern,0.34,SG-9167
Tracing at Front Patch For Pleat Make-13*2,Tracing Pattern,0.74,SG-3931
TRACING AT FRONT PATCH FOR PLEAT MAKE-19*2,Tracing Pattern,1.23,SG-3931
Tracing at Front Patch For Trim-1,Tracing Pattern,0.13,SG-3932
Tracing At Front Pocket.-1(Cut&Sew Pocket),Tracing Pattern,0.18,SG-3933
Tracing At Front Pocket.-2(Cut&Sew Pocket),Tracing Pattern,0.42,SG-3933
Tracing At Hang Side Panels For Join-2,Tracing Pattern,0.18,SG-9168
Tracing at Panel for Patch 2*2,Tracing Pattern,0.721,SG-3935
TRACING AT PATCHES FOR ATTACH(BIG)-2,Tracing Pattern,0.58,SG-3936
TRACING AT PATCHES FOR ATTACH(BIG)-2,Tracing Pattern,0.72,SG-3936
Tracing At Pocket For Attach all Around-1,Tracing Pattern,0.16,SG-9198
Tracing For Front Both Panels Attach-2*2,Tracing Pattern,0.32,SG-9119
Velcro Tape Attach at Front Panel Knee Tracing-2,Tracing Pattern,0.258,SG-9119
Velcro Tape Attach Tracing At Knee Patch-2,Tracing Pattern,0.2,SG-1265
Watch Pocket Tracing at Frnt Panel,Tracing Pattern,0.171,SG-9319
Welt Pocket Attach Tracing-1 Inner,Tracing Pattern,0.14,SG-9107
Front Knee Patch Cord Attach(mirror patch)-10,Zig Zag,1.8,SG-1375
Front Patch Zig Zag Seams-42,Zig Zag,5.44,SG-1375
Front Patch ZigZag Stitches-34 (mirror patch),Zig Zag,5.4,SG-1375
Hang Deco Stitch-1(Zigzag),Zig Zag,0.21,SG-1375
Hang Deco Stitch-2(Zigzag),Zig Zag,0.35,SG-1375
HANG TOP SITCH-ZIGZAG(WITH TRIM),Zig Zag,0.56,SG-1375
J 2nd Stitch-1(Zig Zag),Zig Zag,0.21,SG-1375
Left Fly edge Stitch-1(Zigzag),Zig Zag,0.23,SG-1375
Front Patch Pocket Mock Stitch-2(3 Curved Stitches),Auto Mock,0.606,SG-1943
Mock At Front Pockets-2 auto(2lines fashion),Auto Mock,0.47,SG-1943
Front Pocket Band Press-1 Side 2(Folder),Auto Press,0.18,SG-5099
Front Pocket Bartack-1(inner patch),Bartack,0.12,SG-0066
Front Pocket Bartack-4*2,Bartack,0.5,SG-0066
FRONT POCKET Button HOLE-1,Eyelet Button Hole,0.13,SG-0124
Front Pocket Button Hole-2,Eyelet Button Hole,0.26,SG-0124
Front Pocket Eyelet-1,Eyelet Button Hole,0.13,SG-0124
Front Pocket Eyelet-2,Eyelet Button Hole,0.27,SG-0124
Front Pocket Panels Top-FOA,Feed Off Arm,0.205,SG-0132
Front Inserted Pocket Corner Cut-1*3,Nill,0.21,SG-3957
Front Patch Pocket Edge Trim-2 (Manual),Nill,0.144,SG-3177
Front Pocket Belo Band Trim-2,Nill,0.18,SG-3177
Front Pocket Corner Cut-1,Nill,0.09,SG-3960
Front Pocket Corner Trim-2,Nill,0.17,SG-9263
Front Pocket Corner Turn-1,Nill,0.1,SG-3962
Front Pocket Corner Turn-1,Nill,0.09,SG-3962
Front Pocket Cut notches-1*1,Nill,0.18,SG-3963
Front Pocket Trim Mittered-1,Nill,0.24,SG-3177
Frnt Pocket panels edge sec-2*2,O/L,0.286,SG-9320
FRONT LOWER Pocket HEM SECURE-2,O/L,0.152,SG-0331
Front Panel Hem Secure-2,O/L,0.152,SG-0331
Front Pocket Hem Sec-1,O/L,0.08,SG-3968
Front Pocket Hem Secure-2,O/L,0.152,SG-0331
Front Pocket Hem Secure-2,O/L,0.152,SG-0331
Front Pocket Joint Edge Secure-1,O/L,0.08,SG-0331
Front Pocket Panels Edge Sec-2(After Join),O/L,0.17,SG-9320
Front Pocket Panels Join -2 (Streight),O/L,0.245,SG-3972
Front Pocket Panels Join-2,O/L,0.286,SG-3972
Front Pocket panels join-2*2,O/L,0.542,SG-3972
Front Pocket Panels Join Secure(1 Corner)-1,O/L,0.14,SG-0331
Front Pocket Panels Secure-2,O/L,0.152,SG-0331
Front Pocket Panels Secure-4,O/L,0.26,SG-0331
Front Pocket Secure 2 Sides-2,O/L,0.26,SG-0331
Front Pocket Secure 2 Sides-1,O/L,0.13,SG-0331
Front Pocket Strip Edge Sec-2 (After Join),O/L,0.18,SG-3976
Front Pocket Strip O/L-2 Curve,O/L,0.128,SG-3977
Front Pocket Strips Join (Curve)- O/L,O/L,0.32,SG-3978
HANG STRIP EDGE SEC-2,O/L,0.241,SG-3979
Front Pocket Hem (Auto)-2 (Manual Trim),Pocket Hemmer,0.17,SG-1991
Front Pocket Hem (Auto)-1 (Auto Trim),Pocket Hemmer,0.06,SG-1991
Frnt Pocket panels join-2,Snls,0.286,SG-3981
Frnt Pocket panels join-2*2,Snls,0.526,SG-3981
Front Inserted Pocket Make-1 (Mitered Shape),Snls,0.32,SG-3982
Front Inserted Pocket Top Stitch With Patch-1 (Mitered Shape),Snls,0.32,SG-3504
Front Patch Attach (3Sides/3Corners-1Side Curve)-2,Snls,1.9,SG-3437
Front Patch Top (4Sides/3Corners-1Side Curve)-2,Snls,1.23,SG-9287
Front Pocket att mitered-2 Jkt,Snls,0.896,SG-9212
Front Pocket Attach(1Side Hidden)-1,Snls,0.23,SG-3987
FRONT Pocket ATTACH-2 (ONLY SIDES),Snls,0.62,SG-3987
Front Pocket Attach Mitered-1,Snls,0.45,SG-9212
Front Pocket Belo Band Attach- 1 Side 2,Snls,0.34,SG-3480
Front Pocket Belo Band Corner Stay Stitch-2,Snls,0.19,SG-0444
Front Pocket Braid Att 2*2,Snls,0.865,SG-3468
FRONT POCKET DART MAKE-1,Snls,0.16,SG-3992
Front Pocket Dart Make-2,Snls,0.16,SG-3992
Front Pocket Dart Make-2*2,Snls,0.61,SG-3992
Front Pocket Dart Top(V-Shape)-1,Snls,0.186,SG-3350
Front Pocket Deco Stitch (2 cornor),Snls,0.26,SG-3994
Front Pocket Deco Stitch (2 cornor)-1,Snls,0.23,SG-3994
Front Pocket Deco Stitch-2(4 Sided),Snls,0.62,SG-3994
Front Pocket Deco Stitch-2 ( Mitered),Snls,0.54,SG-3994
Front Pocket Deco Stitch-2 Curve 1-Corner,Snls,0.349,SG-9290
FRONT POCKET DECO STITCH-2 STRAIGHT,Snls,0.23,SG-3994
Front Pocket Double Pleat Make-1,Snls,0.24,SG-4014
Front Pocket Double Pleat Top-1,Snls,0.22,SG-4016
FRONT POCKET edge Stay Stitch at Braid-2*2,Snls,0.36,SG-0444
Front Pocket Fake Stitch-2(Mitered),Snls,0.67,SG-4000
Front Pocket Hem-2(Pre Pressed),Snls,0.213,SG-5269
Front Pocket Hem-1(Pre Pressed),Snls,0.11,SG-5269
Front Pocket Hem-1(Single fold- Pre Pressed),Snls,0.12,SG-5269
Front Pocket Hem With Cord Strip-SN,Snls,0.22,SG-5269
Front Pocket Hem With Folder-2 (Manual Trim),Snls,0.31,SG-5269
Front Pocket Hem Double Fold SN-1 (Pre Pressed),Snls,0.19,SG-5269
Front Pocket Hem Double st.-SN (Pre Pressed),Snls,0.395,SG-5269
Front Pocket Hem Edge Top-1 (Pre Pressed),Snls,0.1071428571428572,SG-5269
Front Pocket Hem 2nd S/F-2,Snls,0.19,SG-5269
Front Pocket Hem S/F-2,Snls,0.25,SG-5269
Front Pocket Hem S/F-1,Snls,0.09,SG-5269
Front Pocket Hem Stay Stitch-2*2,Snls,0.36,SG-0444
Front Pocket Hem Strip Attach With Corner-1,Snls,0.17,SG-5269
Front Pocket Hem Strip Attach(2corners)-1,Snls,0.24,SG-5269
Front Pocket Hem Top Stitch-3*2,Snls,0.62,SG-5269
Front Pocket Hem -2 (Dble Fold SN) Without Press,Snls,0.35,SG-5269
Front Pocket Inner Lining Tacking-1,Snls,0.13,SG-3632
Front Pocket Panels Join(Busted)-1,Snls,0.167,SG-4012
"Front Pocket Panels Join With Cut-1(Curve,1Corner)",Snls,0.22,SG-4012
FRONT POCKET PANELS JOIN -2 (STRAIGHT),Snls,0.25,SG-4012
Front Pocket Panels Join-1,Snls,0.15,SG-4012
Front Pocket Panels Join(Busted)-2,Snls,0.34,SG-4012
Front Pocket Piping Strip Make with Cord-2,Snls,0.24,SG-4013
Front Pocket Pleat Make-2,Snls,0.28,SG-4014
Front Pocket Pleat Make-2,Snls,0.2142857142857143,SG-4014
Front Pocket Pleat Make-2*2,Snls,0.546,SG-4014
Front Pocket Pleat Make-2,Snls,0.3,SG-4014
Front Pocket Pleat Make-1,Snls,0.15,SG-4014
Front Pocket Pleat Make-1,Snls,0.152,SG-4014
FRONT POCKET PLEAT MAKE-2*2,Snls,0.51,SG-4014
FRONT POCKET PLEAT STAY ST-4*2,Snls,0.63,SG-4015
Front Pocket Pleat Top-1,Snls,0.13,SG-4016
Front Pocket Pleat Top-2,Snls,0.245,SG-4016
FRONT POCKET STRIP ATTACH -2 (STRAIGHT),Snls,0.312,SG-9289
Front Pocket Strip Hidden Stitch-2 (Embro Strip),Snls,0.31,SG-4018
Front Pocket Strip Join-2,Snls,0.26,SG-4019
Front Pocket Strip Make-2,Snls,0.256,SG-4020
Front Pocket Strip Top 2 Sided-2,Snls,0.36,SG-9057
Front Pocket top(Even Gauge)-1,Snls,0.29,SG-9291
FRONT POCKET TOP MITERED(EVEN GAUGE)-2,Snls,0.625,SG-9212
Front Pocket Top 1Side-1,Snls,0.15,SG-9057
Front Pocket Top 2sides-2,Snls,0.52,SG-9057
Front Pocket Top 2sides-2 Jacket,Snls,0.26,SG-9291
Front Pocket Top 2sides-2 1side Round,Snls,0.52,SG-3501
Front Pocket Top Stitch-SN (Curve fashion),Snls,0.489,SG-9057
Front Pocket Upper & Lower Part Att Allaround-1,Snls,0.33,SG-3468
Front Pocket Upr & Lwr Part Sty St.-2(all around),Snls,0.64,SG-4030
Front Pocket Zipper Att Wd Upr Part(Inner)-2,Snls,0.42,SG-3468
Front Pocket Zipper Attach- (Top stitch)-1,Snls,0.23,SG-3470
Front Pocket Zipper Top Upr Side-2,Snls,0.4,SG-3501
Hang Piping Strip Make-2,Snls,0.22,SG-9294
HANG STRIP ATTACH WD TRIM-2,Snls,0.42,SG-4035
Hang Strip Joint Hidden Stitch-2,Snls,0.32,SG-4036
HANG STRIP TOP SN-2,Snls,0.323,SG-4037
Stay Stitch Hang Strip with Cord (Manual),Snls,0.28,SG-0444
Front Pocket Button Hole-2,St/Button Hole,0.24,SG-0124
Front Inserted Pocket Turn & Press-1 (Mitered Shape),Steam Press,0.28,SG-0441
Front Patch Pkt Press-(4 Sided/3 Corners-1Side Curve) Large,Steam Press,0.98,SG-0441
FRONT PATCH Pocket PRESS-(2 SIDED-1 CORNER) BIG,Steam Press,0.52,SG-0441
Front Pocket Busted Join Press-1,Steam Press,0.098,SG-0440
Front Pocket Busted Join Press-2,Steam Press,0.19,SG-0440
Front Pocket Facing Press-2,Steam Press,0.27,SG-0441
FRONT Pocket FACING PRESS-2 (2ND),Steam Press,0.27,SG-0441
Front Pocket Facing Press-2*2,Steam Press,0.58,SG-0441
Front Pocket Facing Press-2 Round,Steam Press,0.4,SG-0441
Front Pocket Facing Press-2 3sided,Steam Press,0.4,SG-0441
Front Pocket Hem Press (Single Fold),Steam Press,0.22,SG-0441
Front Pocket Hem Press (Single Fold),Steam Press,0.17,SG-0441
Front Pocket Hem Press-1 (Single Fold),Steam Press,0.1,SG-0441
Front Pocket Hem Press-1 (Single Fold),Steam Press,0.09,SG-0441
Front Pocket Hem Press (Double Fold),Steam Press,0.28,SG-0441
FRONT Pocket HEM PRESS (SINGLE FOLD),Steam Press,0.19,SG-0441
Front Pocket Hem Press-2 (Single fold),Steam Press,0.17,SG-0441
Front Pocket Hem Press-2 (Double Fold),Steam Press,0.42,SG-0441
Front Pocket Hem Press-1 (Dble Fold),Steam Press,0.21,SG-0441
Front Pocket Inner Patch Press-2 (Mitered),Steam Press,0.37,SG-0441
Front Pocket Joint & Hem Press-2,Steam Press,0.281,SG-0441
Front Pocket Joint & Hem Press-1,Steam Press,0.16,SG-0441
FRONT POCKET JOINT & HEM PRESS-2,Steam Press,0.28,SG-0441
Front Pocket Pleat Press-2,Steam Press,0.18,SG-0441
FRONT POCKET PLEAT PRESS-1,Steam Press,0.1,SG-0441
Front Pocket Pleat Press-2*2,Steam Press,0.246,SG-0441
Front Pocket Pleat Press-1,Steam Press,0.09,SG-0441
Front Pocket Pleat Press-2*2,Steam Press,0.28,SG-0441
Front Pocket Press-2 (Mitered),Steam Press,0.34,SG-0441
Front Pocket Press-2 (Curve/1 Corner),Steam Press,0.44,SG-0441
Front Pocket Press-2 (Mitered),Steam Press,0.37,SG-0441
Front Pocket Press-2 (Curve/1 Corner),Steam Press,0.44,SG-0441
Front Pocket Press(2Sided)-2,Steam Press,0.32,SG-0441
Front Pocket Press-1 (Mitered),Steam Press,0.17,SG-0441
Front Pocket Press-1 (Mitered) with Pleats,Steam Press,0.21,SG-0441
Front Pocket Press-2(1Side Curved),Steam Press,0.45,SG-0441
Front Pocket Press-1 (Round),Steam Press,0.24,SG-0441
Front Pocket Press-1 (Round) with Pleats,Steam Press,0.32,SG-0441
Front Pocket Press-1 (Square),Steam Press,0.18,SG-0441
Front Pocket Press-2 (3Sides),Steam Press,0.55,SG-0441
Front Pocket Press-2(Round),Steam Press,0.48,SG-0441
Front Pocket Press-2(Round) with Emb Manage,Steam Press,0.62,SG-0441
Front Pocket Press-2(Round) with Darts,Steam Press,0.52,SG-0441
Front Pocket Press -1 (Round),Steam Press,0.243,SG-0441
Front Pocket Press-1 (Mitered),Steam Press,0.19,SG-0441
Front Pocket Press-1 (Mitered) with Sides Curve,Steam Press,0.24,SG-0441
Front Pocket Press-2 (Round/1 Corner),Steam Press,0.44,SG-0441
Front Pocket Press-2 (Square),Steam Press,0.36,SG-0441
Front Pocket Press-2 (4Sides),Steam Press,0.62,SG-0441
Front Pocket Press-2 (Mitered) Curve Sides,Steam Press,0.44,SG-0441
Front Pocket Press L-Shape 2Corners-2,Steam Press,0.33,SG-0441
Front Pocket Press L-Shape 2Corners-2 with Strips,Steam Press,0.44,SG-0441
Front Pocket Press(2Sided)-2 Round,Steam Press,0.44,SG-0441
FRONT POCKET PRESS(S/F)-1 SIDE,Steam Press,0.098,SG-0441
Front Pocket Press 5-Sides-2,Steam Press,0.44,SG-0441
Front Pocket Press 5-Sides-1,Steam Press,0.23,SG-0441
Front Pocket Strip Press 2Side-2,Steam Press,0.34,SG-0441
Front Pocket Strip Press-2 Straight,Steam Press,0.186,SG-0441
Front Pocket Hem-2(Double Fold- Pre Pressed),Tncs,0.24,SG-5269
Front Pocket Hem with Folder-1 (Manual Trim),Tncs,0.15,SG-5269
Front Pocket Hem with Folder-1,Tncs,0.1714285714285714,SG-5269
Front Pocket Hem with Folder-2(Manual Trim),Tncs,0.32,SG-5269
Front Pocket Hem with Folder-2(Manual Trim),Tncs,0.32,SG-5269
Front Pocket Hem Top-2 (Pre Pressed),Tncs,0.205,SG-5269
Front Pocket Attach(With Reinforcement Patch)-2,Tnls,1.32,SG-1623
Front Pocket attach mitered TN-2,Tnls,1.102,SG-1623
Front Pocket Attach Mitered TN-1,Tnls,0.55,SG-1623
FRONT POCKET ATTACH 1 SIDE STRAIGHT-1 (TNLS),Tnls,0.22,SG-4063
Front Pocket Attach(Lining Inserted) TN-2,Tnls,1.41,SG-1623
Front Pocket Deco Stitch(straight)-2,Tnls,0.26,SG-4076
Front Pocket Deco Stitch(straight)-1,Tnls,0.14,SG-4076
Front Pocket Deco Stitch-TN,Tnls,0.178,SG-4066
Front Pocket Fashion Stitch(Mitered)-2,Tnls,0.75,SG-4067
Front Pocket Hem With Corner TN-1,Tnls,0.18,SG-5269
Front Pocket Hem-2(Single fold- Pre Pressed),Tnls,0.213,SG-5269
Front Pocket Hem with Folder-2,Tnls,0.31,SG-5269
Front Pocket Hem Deco Stitches-5*2 SN With Thread Trim,Tnls,1.25,SG-5269
Front Pocket Hem -2 (Dble Fold TNLS) Pre-Pressed With Thread Trim,Tnls,0.26,SG-5269
Front Pocket Hem (Single Fold-Pre Pressed)-TN,Tnls,0.21,SG-5269
Front Pocket Hem TN (Single Fold-Pre Pressed)-1,Tnls,0.11,SG-5269
Front Pocket Hem -2 (Dble Fold TNLS) Without Press,Tnls,0.38,SG-5269
Front Pocket 2nd Hem-1(Single fold- Pre Pressed),Tnls,0.12,SG-4073
Front Pocket Panels Join Top-2,Tnls,0.245,SG-3750
Front Pocket Panels Join Top-2*2,Tnls,0.486,SG-3750
Front Pocket Patch Attach 2Sides-TN,Tnls,0.441,SG-1623
Front Pocket Pleat Top-2,Tnls,0.2142857142857143,SG-4076
Front Pocket Pleat Top-2*2,Tnls,0.486,SG-4076
Front Pocket Pleat Top-1,Tnls,0.142,SG-4076
Front Pocket Strip Hem TN(Pre Pressed)-2,Tnls,0.21,SG-4077
Mock at Front Pockets-2 TN(1line straight),Tnls,0.31,SG-4078
Front Inserted Pocket Make Tracing-1 (Mitered Shape),Tracing Pattern,0.18,SG-9315
Front Patch Attach Tracing (4Sides)-2,Tracing Pattern,0.46,SG-9167
Front Pocket & flap att Tracing-2,Tracing Pattern,0.365,SG-9112
FRONT POCKET ATTACH TRACING (TOP SIDE ONLY)-2,Tracing Pattern,0.24,SG-9112
Front Pocket Button Hole Tracing-1,Tracing Pattern,0.1,SG-4083
Front Pocket Button Hole Tracing-2,Tracing Pattern,0.1428571428571429,SG-4083
Front Pocket Corner Hem Tracing-2,Tracing Pattern,0.16,SG-9315
FRONT POCKET DART TRACING-1,Tracing Pattern,0.12,SG-4085
Front Pocket Dart Tracing-2*2,Tracing Pattern,0.26,SG-4085
Front Pocket Deco Stitch Tracing-2,Tracing Pattern,0.21,SG-4086
Front Pocket Deco Stitch Tracing-1,Tracing Pattern,0.1428571428571429,SG-4086
Front Pocket Deco Stitch Tracing-2,Tracing Pattern,0.2142857142857143,SG-4086
Front Pocket Double Pleat Tracing-1,Tracing Pattern,0.17,SG-4094
Front Pocket Hem Strip Attach Tracing-1,Tracing Pattern,0.11,SG-4088
Front Pocket Hem Strip Attach Tracing(2corners)-1,Tracing Pattern,0.14,SG-4088
Front Pocket Hem Tracing-2 (2 curve St),Tracing Pattern,0.236,SG-9315
Front Pocket Hem Tracing For Fold,Tracing Pattern,0.164,SG-9315
Front Pocket Mock Tracing(straight)-2,Tracing Pattern,0.18,SG-9315
Front Pocket Panels Join Tracing-1,Tracing Pattern,0.12,SG-9218
Front Pocket Pleat Make Tracing-2,Tracing Pattern,0.1785714285714286,SG-4093
Front Pocket Pleat Make Tracing-2*2,Tracing Pattern,0.312,SG-4093
Front Pocket Pleat Make Tracing-1,Tracing Pattern,0.112,SG-4093
Front Pocket Pleat Tracing-2,Tracing Pattern,0.21,SG-4094
Front Pocket Pleat Tracing-1,Tracing Pattern,0.12,SG-4094
FRONT POCKET PLEAT TRACING-2*2,Tracing Pattern,0.34,SG-4094
Front Pocket Top St. Tracing(Streight),Tracing Pattern,0.278,SG-9315
Front Pocket Tracing for Strip Attach-2,Tracing Pattern,0.25,SG-9112
Front Pocket Trim Tracing (Mitered)-1,Tracing Pattern,0.18,SG-9315
Front Pocket Uper & Lower Part Att Tracing-2,Tracing Pattern,0.24,SG-9321
Front Pocket Upper & Lower Part Att Tracing-1,Tracing Pattern,0.12,SG-9321
Front Pocket Upper Strip Tracing For Top-2,Tracing Pattern,0.1785714285714286,SG-9315
Front Pocket Zipper Attach Tracing-1,Tracing Pattern,0.12,SG-9112
Pocket Eyelet tracing-1,Tracing Pattern,0.1,SG-9322
Tracing At Patch For Front Inserted Pocket Make-1 (Mitered),Tracing Pattern,0.178,SG-9315
Front Zipper Edge Binding Attach By Folder-2 Jkt,Snls,0.85,SG-3538
Gallace Button Hole-2*2,Eyelet Button Hole,0.53,SG-0124
Extra Gallace Trim-2,Nill,0.24,SG-4106
Gallace Trim-2,Nill,0.24,SG-4107
Front Gallace Close with Frill-2 water thread,Snls,1.92,SG-4108
Front Gallace Make With Frill Insert 1Pc-Pressed-2 Allround,Snls,1.56,SG-4109
Gallace Button Hole Tracing-2*2,Tracing Pattern,0.21,SG-9104
Garment Size Wise Sorting For Heat Bed Printig,Nill,0.14,SG-4387
Garments Assembled For Acessory Attachment ( Helper ),Nill,0.1,SG-4112
Garments Assembled For Heat Bed ( Helper ),Nill,0.1,SG-4113
Garments Assembled For Heat Sticker ( Helper ),Nill,0.1,SG-4114
Garments Assembled For Inside Checking ( Helper ),Nill,0.1,SG-4115
Garments Assembled For Printing ( Helper ),Nill,0.1,SG-4116
Garments Clean with Pressure,Nill,0.1,SG-4117
Hood Turnover,Nill,0.151,SG-4118
Hood Make (Curved),O/L,0.85,SG-4119
Hood Make (Curved) with Joints-2,O/L,0.92,SG-4119
Hood Panels Edge Secure after join-2*2 (Internal & External),O/L,1.428571428571429,SG-0331
Hood Panels Edge Secure after join-2 (Internal & External),O/L,0.7142857142857143,SG-0331
Hood Edge Stitch Bottom Side-1 water thread,Snls,0.32,SG-4121
Hood hem with fold-SN water thread,Snls,0.82,SG-4122
Hood Hem Edge Stitch Top Side-1 Curved,Snls,0.7,SG-9323
Hood Hem Top Stitch-1 Curved,Snls,1.1,SG-4124
Hood Make (Curved),Snls,0.85,SG-4125
Hood Panels Join-2*2 (Internal & External),Snls,1.4,SG-4126
Hood Panels Join-2 (Internal & External),Snls,0.7,SG-4126
Hood Panels Join Top-2*2 (Internal & External),Snls,1.5,SG-4126
Hood Stay Stitch For Attach-3,Snls,0.32,SG-0444
Kniited Hood Hem Edge Stitch Top Side-1 Curved,Snls,0.85,SG-9323
Kniited Hood Hem Top Stitch-1 Curved,Snls,1.2,SG-4130
Knitted Hood Make (Curved),Snls,1,SG-4131
Knitted Hood Panels Join-2 (Internal & External),Snls,0.9,SG-4126
Button Hole At Hood-2,St/Button Hole,0.28,SG-0124
Hood Join Top -TNLS,Tnls,0.737048,SG-4134
Hood Panels Join Top-2*2 (Internal & External) with Thread Trim,Tnls,1.65,SG-3750
Hood Panels Join Top-2 (Internal & External) with Thread Trim,Tnls,0.8035714285714286,SG-3750
Hood Panels Join Top-1 with Thread Trim,Tnls,0.3928571428571429,SG-3750
Knitted Hood Panels Join Top-1 with Thread Trim,Tnls,0.55,SG-4136
Button Hole Tracing At Hood-2,Tracing Pattern,0.1785714285714286,SG-9104
Metal Ring Tracing At Hood-2,Tracing Pattern,0.1785714285714286,SG-4138
Bartack At Label-1,Bartack,0.1,SG-0066
Bundle & Shade Label Manual Write,Nill,0.13,SG-4140
Care Label Pack,Nill,0.09,SG-4141
Country Label Pack,Nill,0.09,SG-4142
Elastic Trimming,Nill,0.13,SG-4143
Garment Inseam Wise Sorting,Nill,0.14,SG-4144
Garment Inseam Wise Sorting,Nill,0.14,SG-4144
Garment Size Wise Sorting (Main+Care),Nill,0.27,SG-4387
Garment Size Wise Sorting (Main&Care) Double,Nill,0.29,SG-4387
Garment Size Wise Sorting For Care Label,Nill,0.14,SG-9324
Garment Size Wise Sorting For Label-1,Nill,0.14,SG-9324
Garment Size Wise Sorting For Main Label,Nill,0.14,SG-9324
Hanger Loop Cut-2,Nill,0.16,SG-4150
Hanger Loop Cut-4,Nill,0.32,SG-4150
Label Cut,Nill,0.08,SG-4151
Label Cut & Insert to Poly Bag-1,Nill,0.149,SG-4155
Label Cutting,Nill,0.086,SG-4153
Label Folding at Sides (2-Sides),Nill,0.09,SG-4154
Label Insert to Poly Bag-1,Nill,0.1071428571428572,SG-4155
Label Insert To Poly Bag-2,Nill,0.163,SG-4155
Label Insert to Poly Bag-3,Nill,0.211,SG-4155
Label Insert to Poly Bag-1,Nill,0.09,SG-4155
Label Insert To Poly Bag-2,Nill,0.163,SG-4155
Label Insert to Poly Bag-3,Nill,0.24,SG-4155
Lace Size Wise Sorting,Nill,0.15,SG-9017
Leather Tab Pack-1,Nill,0.09,SG-4157
NA Label Manual Write,Nill,0.07142857142857144,SG-4158
NA Label Pack,Nill,0.09,SG-4159
Size Label Pack,Nill,0.09,SG-4160
Wash Label Pack,Nill,0.09,SG-4161
Barcode Label Attach,Snls,0.1785714285714286,SG-4184
Bottom Tacking Both Sides (4 Tacking),Snls,0.4285714285714286,SG-4175
Bottom Tacking Both Sides Without Fold-(4 Tacking),Snls,0.38,SG-4164
Bottom Tacking Both Sides Without Fold-(2 Tacking),Snls,0.26,SG-4164
Brand Label attach (2Sided),Snls,0.21,SG-4165
Brand Label attach (4Sided),Snls,0.331,SG-4165
Brand Label attach (2Sided),Snls,0.21,SG-4165
Brand Label attach (4Sided),Snls,0.331,SG-4165
Brand Label attach (3Sided) with Tack & Fold Small Size,Snls,0.52,SG-4165
Brand Label attach (1Sided) with Tack & Fold Small Size,Snls,0.52,SG-4165
Brand Label Attach,Snls,0.15,SG-4165
Brand Label attach (4Sided) Afterwash,Snls,0.82,SG-4165
Brand Label Attach At Back Pocket Fold With Single Stitch,Snls,0.14,SG-4184
Brand Label attach (2Sided) At Flap With Fold,Snls,0.28,SG-4165
Brand Label attach (2Sided) At Flap Welt Pocket,Snls,0.45,SG-4165
Brand Label attach (4Sided) At Welt Pkt Assembly,Snls,0.65,SG-4165
Brand Label attach (4Sided) At Welt Pkt GUESS ONLY,Snls,0.56,SG-4165
Brand Label Attach 4Sided-2,Snls,0.71,SG-4165
Brand Label Attach 4Sides,Snls,0.356,SG-4173
Brand Label Attach 2sides,Snls,0.245,SG-4173
Brand Label attach wd inserted label(2 Sided),Snls,0.286,SG-4174
Brand Label attach wd inserted label(4Sided),Snls,0.3571428571428572,SG-4174
Brand Label Attach wd inserted label(2 Sided),Snls,0.286,SG-4174
Brand Label attach wd inserted label(4Sided),Snls,0.415,SG-4174
Buckle Stay Stitch(after insertion)-02 Straight Double Fold,Snls,0.54,SG-4175
Buckle Stay Stitch(after insertion)-02 Straight Single Fold,Snls,0.45,SG-4175
Bundle & ANL Label Att,Snls,0.222,SG-4177
Bundle & Shade label att,Snls,0.222,SG-4178
Bundle & Shade label att,Snls,0.222,SG-4178
"Bundle,shade & ANL label attach",Snls,0.325,SG-9325
"Bundle,shade & ANL labl att",Snls,0.326,SG-9325
Cap Label Attach-1,Snls,0.1785714285714286,SG-4181
Cap Label Attach-1,Snls,0.1785714285714286,SG-4181
Care & Barcode Label Make,Snls,0.19,SG-4182
Care Label & Shade Ribbon att,Snls,0.202,SG-4183
Care Label attach,Snls,0.18,SG-4184
Care Label Attach,Snls,0.2,SG-4184
Care Label Attach-1,Snls,0.18,SG-4184
Care Label Attach With Fold,Snls,0.25,SG-4184
Care Label Make-4,Snls,0.37,SG-4185
"Care Label, Shade Ribbon & Name Label attach",Snls,0.32,SG-4186
Disclaimer Label Attach,Snls,0.18,SG-4184
Disclaimer Label Attach,Snls,0.15,SG-4187
Disclaimer Label Attach,Snls,0.1071428571428572,SG-4187
Eco Label Attach-1,Snls,0.178,SG-4188
Elastic Folding at Sides with Stay St C.B,Snls,0.4,SG-4189
Elastic Folding at Sides (Box),Snls,0.54,SG-4189
Elastic Folding at Sides with Stay Stitch,Snls,0.2857142857142858,SG-4189
Elastic Tacking at Sides-02,Snls,0.31,SG-4189
Elastic Tacking at Sides with D/F,Snls,0.3571428571428572,SG-4189
Fashion Leather Patch Attach All Side Stitches Starfish,Snls,4.377976190476191,SG-4287
Fit Label Attach 3sided,Snls,0.2857142857142858,SG-9326
Fit Label Attach 2-Sides,Snls,0.25,SG-4184
Fit Label Attach 4-Sides,Snls,0.6,SG-4184
Flag Label Attach-1,Snls,0.17,SG-4194
Flap Flasher Attach-1,Snls,0.13,SG-4195
Hanger Loop Attach-2,Snls,0.34,SG-1761
Inseam Label Attach,Snls,0.15,SG-4197
Inseam Label Attach,Snls,0.15,SG-4197
Inserted Label Attach With Fold At Brand Label,Snls,0.16,SG-4198
Inserted Label Attach 2Sides-1,Snls,0.32,SG-4199
Label Attach-1,Snls,0.178,SG-4200
Label Attach-2,Snls,0.224,SG-4200
Label Attach-1,Snls,0.178,SG-4200
Label Attach-2,Snls,0.224,SG-4200
Label Attach(Front section)-3,Snls,0.32,SG-4200
Label Attach(Front section)-4,Snls,0.44,SG-4200
Label Attach(Front section)-2,Snls,0.22,SG-4200
Label Attach(Back section)-2,Snls,0.22,SG-4200
Label Attach(Back section)-3,Snls,0.32,SG-4200
Label Attach(Back section)-4,Snls,0.44,SG-4200
Label Attach With Piping Care-1,Snls,0.201,SG-4200
Label Attach with fold -1,Snls,0.1428571428571429,SG-4200
Label Attach At Back Pocket With Tack & Fold 1Sided,Snls,0.31,SG-9184
Label Attach At Fell Seam-1,Snls,0.26,SG-4202
Label Attach At Fell Seam-2,Snls,0.34,SG-4202
Label Attach At Side Seam allowance,Snls,0.22,SG-4203
Label Attach-2 At Side Seam Allowance,Snls,0.31,SG-4203
Label Attach at Waist Band Piping,Snls,0.22,SG-4204
LABEL ATTACH-2 AT WAIST BAND PIPING,Snls,0.31,SG-4204
Label Attach-1 For Mustang,Snls,0.178,SG-4205
Label Attach 3sided With Fold,Snls,0.38,SG-9326
Label Attach 2 Sides With Center Stitch,Snls,0.26,SG-9326
Label Attached At Side Seam Allowance (Hip Stitch With TNLS),Snls,0.41,SG-4184
Label Make-3,Snls,0.196,SG-4209
Label Make-4,Snls,0.276,SG-4209
Label Make-5,Snls,0.335,SG-4209
Label Make-3,Snls,0.196,SG-4209
Label Make-4,Snls,0.276,SG-4209
Label Make-5,Snls,0.335,SG-4209
Label Make-3,Snls,0.196,SG-4209
Label Make-2,Snls,0.1785714285714286,SG-4209
Label Make-6,Snls,0.4,SG-4209
Label Make-1 With Fold,Snls,0.08928571428571429,SG-4209
Label Make-9,Snls,0.62,SG-4209
Label Make-7,Snls,0.52,SG-4209
Label Make-4 For Guess,Snls,0.276,SG-4210
Label Make-3 For Guess,Snls,0.27,SG-4210
Label Make 3-Part,Snls,0.35,SG-4211
Label Make 4-Part,Snls,0.39,SG-4211
Label Make 5-Part,Snls,0.5,SG-4211
Label Make 7-Part,Snls,0.55,SG-4211
Label Make-3 Size wise,Snls,0.27,SG-4212
Label Tack With Fold-1,Snls,0.17,SG-4213
Label Tack With Fold-1,Snls,0.1428571428571429,SG-4213
Lace Attach At Two Side Ontseam In Shorts,Snls,5.016666666666667,SG-4214
Lace Tacking Attach At Belt In Pant,Snls,0.27,SG-4214
Leather Tab Attach-1,Snls,0.132,SG-4216
Leather Tab Attach-1,Snls,0.1071428571428572,SG-4216
Leather Tab Attach 4Sides,Snls,0.42,SG-4216
Leather Tab Attach 4Sides Wth Polybag,Snls,0.48,SG-4216
Loop Label attach,Snls,0.135,SG-4219
Loop Label Attach-2,Snls,0.28,SG-4219
Loop Label attach,Snls,0.1071428571428572,SG-4219
Main label att 2sides,Snls,0.245,SG-4220
Main label att 4sides,Snls,0.356,SG-4220
Main Label Att (4 Side)Wd Center Stitch,Snls,0.386,SG-9327
Main Label attach (4Sided),Snls,0.33,SG-4222
Main Label attach (4Sided),Snls,0.331,SG-4222
Main Label attach (4Sided) with Inserted size Label,Snls,0.42,SG-4222
Main Label attach (4Sided) With Inserted Label GUESS ONLY,Snls,0.65,SG-4222
Main Label attach (4Sided) 13SPI,Snls,0.6,SG-4222
Main Label Attach (2 Sided Hidden),Snls,0.6,SG-4222
Main Label attach (4Sided) GUESS ONLY,Snls,0.56,SG-4222
Main Label Attach 2-Sides,Snls,0.27,SG-4184
Main Label Attach 2-Sides with Inserted Label,Snls,0.35,SG-4184
Main Label Attach 4-Sides with Inserted Label,Snls,0.5,SG-4184
Main Label Attach 2sides With Inserted Label,Snls,0.36,SG-4224
Main label attach-6 Sides(Hexagonal),Snls,0.44,SG-4224
Main Label Attach 4-Sides with Inserted Label With Fold,Snls,0.5,SG-4184
Main Label Attach 4-Sides long (10 cm and above),Snls,0.58,SG-4184
Main Label Attach 4-Sides Pkt Bag,Snls,0.45,SG-4184
MAIN LABEL ATT(4 SIDE)WD CENTER STITCH,Snls,0.386,SG-9327
Main label wd size label attach,Snls,0.452,SG-4222
Make Care & Warning Label,Snls,0.19,SG-9328
Make Care & Wash Label,Snls,0.19,SG-4230
"Make care, size and Pip Label",Snls,0.22,SG-4231
"Make Care,Wash & Warning Label",Snls,0.25,SG-9328
Make Disclaimer & Paper Label,Snls,0.19,SG-4233
NA Label Attach-1,Snls,0.201,SG-4234
NA Label Attach-1 With Polybag,Snls,0.28,SG-4234
Name Label Attach,Snls,0.1785714285714286,SG-4184
Pocket Flasher Attach-1,Snls,0.13,SG-4236
Security Chip Label Attach-1,Snls,0.18,SG-4184
Security Chip Label Attach-1 (In B/w Labels Parts),Snls,0.35,SG-4184
Shade Ribbon Attach-1,Snls,0.16,SG-4238
Size Label Attach,Snls,0.135,SG-4239
Size Label Attach,Snls,0.135,SG-4239
Size Label Attach with Polybag,Snls,0.21,SG-4239
Size Label Attach,Snls,0.2142857142857143,SG-4184
Size Label attach (2Sided),Snls,0.21,SG-4239
Size Label Attach,Snls,0.15,SG-4239
Size Label attach (2Sided),Snls,0.21,SG-4239
Size Label Attach At Brand Label,Snls,0.178,SG-4184
Size Label Attach At Fly with Placement,Snls,0.22,SG-4239
Size Label Attach at Waist Band Piping,Snls,0.22,SG-4204
Size Label Attach 4sided,Snls,0.33,SG-4243
Size Label Attach 4sided,Snls,0.331,SG-4243
Size Label Attach 4-Sides,Snls,0.425,SG-4184
Size Label Attach Stay Stitch At Main Label,Snls,0.1,SG-0444
Size Label Attach WB Inserted,Snls,0.29,SG-4184
Style Label attach (4Sided),Snls,0.33,SG-4247
Style Label attach (4Sided),Snls,0.331,SG-4247
Style Label attach (Triangle-3 Side),Snls,0.252,SG-4247
Style Label attach (Zig-Zag),Snls,0.252,SG-4247
Style Label attach (Triangle-3 Side) For Guess,Snls,0.252,SG-4247
Style Label Attach 2Sides,Snls,0.21,SG-4249
Style Label Attach 2Sides,Snls,0.21,SG-4249
Style Label Attach 2-Sides,Snls,0.2321428571428572,SG-4184
Style Label Attach 4-Sides,Snls,0.2857142857142858,SG-4184
Warning Label Attach,Snls,0.29,SG-4184
Warning Label Attach,Snls,0.15,SG-4250
Warning Label Attach,Snls,0.15,SG-4250
Watch Pocket Label Attach 2Sided Water Thread with Label Seam Manage,Snls,0.24,SG-4251
Woven Label Attach 2-Sides,Snls,0.2321428571428572,SG-4184
Woven Label Attach 4-Sides,Snls,0.425,SG-4184
Label Press(Crease Make),Steam Press,0.13,SG-0441
Label Attach Extended Stitches-TN,Tnls,0.28,SG-4254
Watch Pocket Label Attach- (By Folder),Tnls,0.182,SG-4255
Belt Joint Tracing-1,Tracing Pattern,0.09,SG-4256
Brand label attach Tracing-2 At Pkt,Tracing Pattern,0.245,SG-4259
Flap Label Attach Tracing-1,Tracing Pattern,0.11,SG-9258
Label Attach Tracing-2,Tracing Pattern,0.1785714285714286,SG-4259
Label Attach Tracing-1,Tracing Pattern,0.14,SG-4259
Label Attach Tracing-1 with Hanger Loop,Tracing Pattern,0.2,SG-4259
Label Attach Tracing-1,Tracing Pattern,0.1,SG-0046
Label Attach Tracing At Flap-1,Tracing Pattern,0.1,SG-9258
Label Attach Tracing At Fly,Tracing Pattern,0.14,SG-9258
Label Attach Tracing At Placket-1,Tracing Pattern,0.12,SG-9329
Label Attach Tracing At Pocket,Tracing Pattern,0.12,SG-9329
Label Attach Tracing At Waistband-1,Tracing Pattern,0.11,SG-4264
Label Attach Tracing At Waistband-2,Tracing Pattern,0.1785714285714286,SG-4264
Label Attach Tracing At Waistband-3,Tracing Pattern,0.23,SG-4264
Label Center Tracing At Waistband-1 2nd,Tracing Pattern,0.11,SG-4265
Label Tracing (Watch Pocket),Tracing Pattern,0.106,SG-4266
Leather Tab Attach Tracing-1,Tracing Pattern,0.12,SG-9115
Main label attach Tracing,Tracing Pattern,0.175,SG-4268
Main label attach Tracing With Hanger Loop,Tracing Pattern,0.2142857142857143,SG-4268
Main label attach Tracing-2,Tracing Pattern,0.2142857142857143,SG-4268
Watch Pocket Label attach Tracing,Tracing Pattern,0.09,SG-9319
Main Label Attach 2-Sides,Zig Zag,0.26,SG-1375
Care Label Attach With Inserted WB,Nill,0.29,SG-4271
Boundary Stitch At Destroy (Left)-02 SN (Manual),Snls,1.65,SG-4272
Boundary Stitch At Destroy (Right)-01 SN (Manual),Snls,0.55,SG-4272
Care Label Attach 2Part,Snls,0.29,SG-4184
Care Label Make-2 Part,Snls,0.28,SG-4211
Care Label Making 5 Part,Snls,0.39,SG-4211
Cord Tacking-01,Snls,0.14,SG-4276
Cord Tacking-02,Snls,0.28,SG-4276
Label Make 2 Part With Attach,Snls,0.2857142857142858,SG-4211
Label T Make,Snls,0.24,SG-4184
Leather Patch Attach 4 Side,Snls,0.43,SG-4287
Main Label Attach 4-Sides,Snls,0.71,SG-4184
Main Label Attach 4-Sides Tacking,Snls,0.7,SG-4184
Mian Label 2 Side Attach,Snls,0.31,SG-4184
Zigzag At Destroys Small Size (Left)-01 SN (Manual),Snls,0.85,SG-4283
Leather Patch Attach With V-Shape,Snls,0.523,SG-4287
Leather Patch Attach Fashion-1 (8 Corners),Snls,0.6,SG-4287
Leather Patch Attach 1Side with Fold,Snls,0.15,SG-4287
Leather Patch Attach 2-Sides,Snls,0.27,SG-4287
Leather Patch Attach 4-Sides,Snls,0.43,SG-4287
Leather Patch Attach 4Sides-(Round Corner),Snls,0.47,SG-4287
Leather Patch Attach 4-Sides long (10 cm and above),Snls,0.58,SG-4287
Loop Press (4~6),Auto Press,0.142,SG-0064
LOOP PRESS-(1~3),Auto Press,0.07,SG-0064
Loop Raper Fuse,Auto Press,0.211,SG-0064
Loop Raper Fuse with Fabric Fold,Auto Press,0.42,SG-0064
Loop Raper Fuse with Extra Fabric Fold,Auto Press,0.56,SG-0064
Cord Loop Make-1,Loop Make,0.20625,SG-4292
Loop Make-5,Loop Make,0.20625,SG-4292
Loop Make-5 With Fusing Insert,Loop Make,0.28,SG-4292
Loop Make-5 With Notch Trim,Loop Make,0.28,SG-4292
Loop Make-7,Loop Make,0.2663783783783784,SG-4292
Loop Make-6,Loop Make,0.2428571428571429,SG-4292
Loop Make-6 with Notch Trim,Loop Make,0.28,SG-4292
Loop Make-10,Loop Make,0.359906976744186,SG-4292
Loop Make-2,Loop Make,0.08571428571428572,SG-4292
Loop Make-2 with Fuse Insert,Loop Make,0.1142857142857143,SG-4292
Loop Make-3,Loop Make,0.1285714285714286,SG-4292
Loop Make-3 with Notch Trim,Loop Make,0.2,SG-4292
Loop Make-1,Loop Make,0.077,SG-4292
Loop Make-8,Loop Make,0.3016216216216216,SG-4292
Loop Make-4,Loop Make,0.16,SG-4292
Loop Make-4 with Fusing Insert,Loop Make,0.21,SG-4292
Loop Make-9,Loop Make,0.324093023255814,SG-4292
Loop Make-9 with Fusing Insert,Loop Make,0.45,SG-4292
Loop Make - 7 (Cord Inserted),Loop Make,0.4114285714285715,SG-4292
Loop Make-5(Cord Inserted),Loop Make,0.3064864864864865,SG-4292
Loop Make-4(Cord Inserted),Loop Make,0.277027027027027,SG-4292
Loop Make-2,Loop Make,0.08571428571428572,SG-4292
Loop Make-2 with Fuse Insert,Loop Make,0.1142857142857143,SG-4292
Loop Make For Braid 3 Strips,Loop Make,0.604,SG-4292
Loop Make For Braid 2 Strips(2Briad*3 Strip),Loop Make,0.52,SG-4292
Braid Cutting-5,Nill,0.23,SG-4294
Braid Cutting-3,Nill,0.41,SG-4294
Braid Cutting-6,Nill,0.75,SG-4294
Braid Loop Cutting After attach-2,Nill,0.32,SG-4295
Braid Loop Cutting After attach-2,Nill,0.32,SG-4295
Braid Loop Cutting Before attach-2,Nill,0.32,SG-4296
Hanger Loop Cut-1,Nill,0.09,SG-4150
Loop BRAID TRIM-1,Nill,0.16,SG-4298
Loop Cut-4,Nill,0.2857142857142858,SG-4299
Loop Segregation,Nill,0.03571428571428572,SG-4300
Loop Trim-1,Nill,0.1,SG-4301
Loop Trim-6,Nill,0.38,SG-4301
Slider Loop Cut-4,Nill,0.28,SG-4302
Slider Loop Cut-3,Nill,0.23,SG-4302
Tab Loop Cut-1,Nill,0.08,SG-4303
Loop Raper Secure 2Sides(6loops),O/L,0.43,SG-0331
Loop Raper Trim,O/L,0.18,SG-0335
Loop Reinforcement Patch Secure 2Sides-2,O/L,0.26,SG-0331
Loop Reinforcement Patch Secure 1Sides-2,O/L,0.16,SG-0331
Manual Loop Secure 2Sides-1,O/L,0.18,SG-0331
Mitered Loop edge O/L-2,O/L,0.13,SG-4308
Mitered Loop edge O/L-1,O/L,0.06,SG-4308
Vent Loop Edge O/L-4,O/L,0.19,SG-4309
Loop Press (4~6),Press,0.142,SG-0441
Loop Press (7~10),Press,0.25,SG-0441
Braid Make-5,Snls,1.23,SG-4311
Braid Stay stitch on sides-5*2,Snls,0.51,SG-0444
Front Loop Make SN-4 For Placket,Snls,0.35,SG-4292
Hanger Loop make with trim,Snls,0.112,SG-4292
Hanger Loop Stay Stitch With Fold-1,Snls,0.14,SG-0444
Leather Loop Make-1(Manual With Fold) S/N,Snls,0.28,SG-4292
Leather Strip Attach At Loop-1(2Stitches),Snls,0.21,SG-4317
Leather Strip Top At Loop-1 (S/N),Snls,0.14,SG-4318
Loop Binding Attach(with trim)-1,Snls,0.1,SG-4319
Loop Braid Stay Stitch At Ends-2,Snls,0.75,SG-0444
Loop Braid Stay Stitch At Ends-1,Snls,0.38,SG-0444
Loop Braid Stay Stitch At Ends-2,Snls,0.76,SG-0444
Loop Edge Top-1,Snls,0.14,SG-4321
Loop Edge Top-5,Snls,0.14,SG-4321
Loop Make-(S/N)-5,Snls,0.2142857142857143,SG-4292
Loop Make-(S/N)-5 with Notch Trim,Snls,0.28,SG-4292
Loop Make-(S/N)-4,Snls,0.1714285714285714,SG-4292
Loop Make-(S/N)-6,Snls,0.2376470588235294,SG-4292
Loop Make-(S/N)-6 with Notch Trim,Snls,0.32,SG-4292
Loop make with leather strip-1,Snls,0.096,SG-4292
Loop make with leather strip-2,Snls,0.18,SG-4292
Loop Make - (S/N)-1,Snls,0.1056,SG-4292
Loop Make - (S/N)-2,Snls,0.1466666666666667,SG-4292
Loop Make - (S/N)-3,Snls,0.1285714285714286,SG-4292
Loop Make - (S/N)-8,Snls,0.3083720930232559,SG-4292
Loop Make - (S/N)-7,Snls,0.2616216216216216,SG-4292
Loop Make for braid strips-3,Snls,0.78,SG-4292
Loop Make for braid strips-6,Snls,1.56,SG-4292
Loop Make for Vent(S/N)-4,Snls,0.3428571428571429,SG-4292
Loop Make 2side double fold-1,Snls,0.124,SG-4292
Loop Make-1 SN 3cm,Snls,0.1428571428571429,SG-4292
Loop Stay Stitch With Fold-1 water thread,Snls,0.14,SG-0444
Loop Top Stitch Both Side SN-4,Snls,0.19,SG-4329
Loop Top Stitch SN - 5,Snls,0.175,SG-4329
Loop Top Stitch SN - 3,Snls,0.1428571428571429,SG-4329
Loop Top Stitch SN - 7,Snls,0.186,SG-4329
Loop Top Stitch SN - 6,Snls,0.18,SG-4329
Loop Top Stitch SN - 4~5 (Top On Both edges),Snls,0.28,SG-4329
Loop Top Stitch SN -(1~2),Snls,0.1,SG-4329
Loop Twill Tape Attach(after loop making)-1,Snls,0.13,SG-4330
Loop Twill Tape Attach(after loop making)-5,Snls,0.32,SG-4330
Manual Loop Make 2Sides-1,Snls,0.17,SG-4292
Mitered Loop Make -1 (1pcs-4sided),Snls,0.264,SG-4292
Mitered Loop Make -2 (1pcs-4sided),Snls,0.534,SG-4292
Mitered Loop Make -5 (1pcs-4sided),Snls,1.32,SG-4292
Mitered Loop Make -3 (1pcs-4sided),Snls,0.792,SG-4292
Mitered Loop Make -4 (1pcs-4sided),Snls,1.056,SG-4292
Mitered Loop Make -6 (1pcs-4sided),Snls,1.584,SG-4292
Slider Loop Make-(S/N)-2,Snls,0.24,SG-4292
Slider Loop Make-(S/N)-4,Snls,0.42,SG-4292
Slider Loop Make-(S/N)-3,Snls,0.28,SG-4292
Tab Loop Make-1,Snls,0.16,SG-4292
Waist Band Cord Loop Make-1 Folder,Snls,0.36,SG-4292
Back Side Loop Press For Attach 1pc-1,Steam Press,0.11,SG-0441
Loop press 2side double fold-1,Steam Press,0.221,SG-0441
Manual Loop Press 2Sides-1(embro),Steam Press,0.17,SG-0441
Mitered Loop Press -1 (1pcs-4sided),Steam Press,0.324,SG-0441
Mitered Loop Press -2 (1pcs-4sided),Steam Press,0.648,SG-0441
Mitered Loop Press -5 (1pcs-4sided),Steam Press,1.625,SG-0441
Mitered Loop Press -3 (1pcs-4sided),Steam Press,0.972,SG-0441
Mitered Loop Press -4 (1pcs-4sided),Steam Press,1.296,SG-0441
Mitered Loop Press -6 (1pcs-4sided),Steam Press,1.944,SG-0441
TAB LOOP PRESS -1 (1PCS-3SIDED),Steam Press,0.21,SG-0441
Hanger Loop Make With Trim,Tnls,0.12,SG-4292
Loop make with center label-1,Tnls,0.245,SG-4292
Loop Make-(T/N)-2,Tnls,0.1,SG-4292
Loop Make-(T/N)-1,Tnls,0.1785714285714286,SG-4292
Loop Make-(T/N)-3,Tnls,0.15,SG-4292
Loop Make-(T/N)-4,Tnls,0.2,SG-4292
Loop Make-(T/N)-5,Tnls,0.25,SG-4292
Loop Make-(T/N)-6,Tnls,0.288235294117647,SG-4292
Loop Make-(T/N)-6 with Fusing Insert,Tnls,0.34,SG-4292
Loop Make-(T/N)-7,Tnls,0.3302564102564103,SG-4292
Loop Make 2side double fold-1,Tnls,0.109,SG-4292
Loop Make TN-1 3cm,Tnls,0.12,SG-4292
Loop Make -5 TNLS (Double Loop),Tnls,0.221,SG-4292
Loop Top Stitch TN-3,Tnls,0.16,SG-4346
Tracing on Braid for Tacking-10,Tracing Pattern,0.29,SG-4347
Loop Make-1 WB,WaistBand,0.14,SG-1336
Loop Make-4 WB (1Pc),WaistBand,0.26,SG-1336
Zig Zag Stitch On Loop-1,Zig Zag,0.112,SG-1375
"Garment MMT Bottom Wears (Pant, short, Skirt, Capri)",Nill,0.52,SG-4351
"Garment MMT Top Wears (Jacket, Shirt, Waist coat, Daungaree)",Nill,0.85,SG-4352
Bartack-01,Bartack,0.08571428571428572,SG-4353
Bartack-02,Bartack,0.4,SG-4353
Bartack-03,Bartack,0.25,SG-4353
Bartack-04,Bartack,0.36,SG-4353
Bartack-05,Bartack,0.45,SG-4353
Destroy Patch Attach-3 (Big Patch-4 Sided),Nill,1.82,SG-4354
Garment Turnover Manual Finishing,Nill,0.21,SG-9014
Patch Attach-3 (4 Sided),Nill,1.72,SG-4356
Mending at Destroy-01,Snls,0.64,SG-4357
Mending at Destroy-02,Snls,1.245,SG-4357
Mending at Destroy-03,Snls,1.85,SG-4357
Mending at Destroy-04,Snls,2.455,SG-4357
Mending at Destroy-05,Snls,3.06,SG-4357
Mending at Destroy-2 (Large),Snls,1.61,SG-4357
MENDING AT DESTROY- 02 (SMALL),Snls,0.901,SG-4357
Mending at Destroy-04 (Small),Snls,1.46,SG-4357
Outseam Busted Close,Snls,0.708,SG-4358
Outseam Busted Close- (1 Side After Mending),Snls,0.354,SG-4358
Outseam Busted Close- (2Side After Mending),Snls,0.708,SG-4358
Outseam Busted Press- (2*2 panel for Busted close A/W),Steam Press,0.47,SG-2803
Crystal Rivet Attach (At Coin PKT)- 01,Stud Rivet,0.56,SG-0030
Make Hole for Rivet/Stud/Ring/Snap Button At-18,Stud Rivet,1.6,SG-0030
Metal Plate Logo Attach At Leather Patch R-Shape,Stud Rivet,0.41,SG-0030
Press Button Attach (Male)- 01,Stud Rivet,0.11,SG-0030
Press Button Attach (Male)- 02,Stud Rivet,0.21,SG-0030
Press Button Attach (Male)- 03,Stud Rivet,0.32,SG-0030
Press Button Attach (Male)- 04,Stud Rivet,0.45,SG-0030
Press Button Attach (Male)- 05,Stud Rivet,0.54,SG-0030
Press Button Attach (Male)- 06,Stud Rivet,0.62,SG-0030
Press Button Attach (Male)- 07,Stud Rivet,0.75,SG-0030
Press Button Attach (Male)- 08,Stud Rivet,0.86,SG-0030
Press Button Attach (Male)- 09,Stud Rivet,0.95,SG-0030
Press Button Attach (Male)- 10,Stud Rivet,1.1,SG-0030
Press Button Attach (Female)- 01,Stud Rivet,0.12,SG-0030
Press Button Attach (Female)- 02,Stud Rivet,0.25,SG-0030
Press Button Attach (Female)- 03,Stud Rivet,0.35,SG-0030
Press Button Attach (Female)- 04,Stud Rivet,0.49,SG-0030
Press Button Attach (Female)- 05,Stud Rivet,0.6,SG-0030
Press Button Attach (Female)- 06,Stud Rivet,0.71,SG-0030
Press Button Attach (Female)- 07,Stud Rivet,0.87,SG-0030
Press Button Attach (Female)- 08,Stud Rivet,0.95,SG-0030
Press Button Attach (Female)- 09,Stud Rivet,1.06,SG-0030
Press Button Attach (Female)- 10,Stud Rivet,1.19,SG-0030
Rivet Attach (Logo)- 02,Stud Rivet,0.28,SG-0030
Rivet Attach (Logo) Cut Rivet- 02,Stud Rivet,0.3928571428571429,SG-0030
Rivet Attach (Logo) Cut Rivet- 03,Stud Rivet,0.5892857142857143,SG-0030
Rivet Attach (Logo) Cut Rivet- 04,Stud Rivet,0.7857142857142858,SG-0030
Neck Band Panels Join (2 pcs-1 Join),Snls,0.16,SG-9230
Waist Card Attach (With Machine)+Fold+Tracing+Sizing- 01,Bartack,0.27,SG-4367
Waist Card Attach (With Machine)+Fold+Tracing+Sizing-02,Bartack,0.51,SG-4367
Waist Card Attach (With Machine)+Fold+Tracing+Sizing-02 ( Fabric ),Bartack,0.59,SG-4367
Pocket Flasher Attach-01,Button Attacher,0.16,SG-0003
Pocket Flasher Attach-02,Button Attacher,0.23,SG-0003
Pocket Flasher Attach-01,Button Attacher,0.16,SG-0003
Pocket Flasher Attach-02,Button Attacher,0.23,SG-0003
Hang Tag Attch With Denison Machine-01,Denison Machine,0.08,SG-4369
Hang Tag Attch With Denison Machine-02,Denison Machine,0.14,SG-4369
Insertion Of waist Tag Attach With Machine Flod,Denison Machine,0.2321428571428572,SG-4369
Waist Card Attached With Denison Machine-01,Denison Machine,0.08,SG-4369
Thread Remove with Heat Gun Machine,Heat Gun,0.28,SG-2805
Garment Checking For Hidden Metal (Broken Needle),Needle Detector,0.13,SG-4373
Accessories Verify 2nd,Nill,0.13,SG-9330
Accessories Verify 1st,Nill,0.13,SG-9330
Alaram/Hard Tag Attach (Manual),Nill,0.21,SG-4376
Belt Insertion (Canvas),Nill,0.5357142857142857,SG-4377
Button Close-1,Nill,0.06,SG-4378
Buttons Close-04 (Top Wears),Nill,0.24,SG-4379
Buttons Close-05 (Top Wears),Nill,0.31,SG-4379
Buttons Close-06 (Top Wears),Nill,0.37,SG-4379
Buttons Close-07 (Top Wears),Nill,0.45,SG-4379
Buttons Close-08 (Top Wears),Nill,0.52,SG-4379
Buttons Close-09 (Top Wears),Nill,0.52,SG-4379
Buttons Close-10 (Top Wears),Nill,0.65,SG-4379
Buttons Close-03 (Top Wears),Nill,0.18,SG-4379
Buttons Close-04 (Top Wears),Nill,0.24,SG-4379
Buttons Close-12 (Top Wears),Nill,0.71,SG-4379
Carton Making,Nill,0.45,SG-4380
Carton Making With Sealing Sheet (Special),Nill,0.65,SG-4380
Carton Making,Nill,0.11,SG-4380
Chalk Button Close-1,Nill,0.06,SG-9001
Cord Buckle Insert,Nill,0.77,SG-4382
Draw Cord Knot Make,Nill,0.17,SG-4383
Extra Button Insert In Bag -01,Nill,0.1785714285714286,SG-4384
Extra Button Insert In Bag -01,Nill,0.1785714285714286,SG-4384
Garment Hang with Hanger Clip,Nill,0.26,SG-4385
Garment Roll Special(Crumble Packing),Nill,1.1,SG-4386
Garment Size Wise Sorting,Nill,0.14,SG-4387
Garment Size Wise Sorting (For Boxes),Nill,0.14,SG-4387
Garment Size Wise Sorting (For Ratio),Nill,0.14,SG-4387
Garments Final Folding,Nill,0.15,SG-4388
Garments Final Folding (Top Wears),Nill,0.23,SG-4388
Garments Insert in Poly bag ( Poly bag Open & Insert Garment),Nill,0.17,SG-4389
Garments Roll,Nill,0.17,SG-4390
Garments Roll Tieing (Cord),Nill,0.27,SG-4391
Garments Shade Wise,Nill,0.1,SG-4392
Hang Tag Attch (Manual),Nill,0.17,SG-4393
Hang Tag Insertion(1part)-01,Nill,0.24,SG-4394
Hang Tag Insertion(2part)-01,Nill,0.4,SG-4394
Hang Tag Insertion(3part)-01 With Holes,Nill,0.53,SG-4394
Hang Tag Insertion(4part)-01,Nill,0.65,SG-4394
Hang Tag Insertion(5part)-01,Nill,0.77,SG-4394
Hang Tag Knot Make,Nill,0.08928571428571429,SG-4395
Hang Tag Sorting & Insert Into Pocket Bag,Nill,0.14,SG-4396
NA Label Remove,Nill,0.1,SG-4397
Poly bag Close (After Insert Garment),Nill,0.12,SG-4398
Ratio or Solid packing,Nill,1.5,SG-4399
Shank Button Close-2,Nill,0.12,SG-4400
Shank Button Close-3,Nill,0.18,SG-4400
Shank Button Close-4,Nill,0.23,SG-4400
Size Wise Sorting Waist Card with Insertion,Nill,0.14,SG-9017
Snap Buttons Close-12,Nill,0.71,SG-4402
Snap Buttons Close-14 (Top Wears),Nill,0.83,SG-4402
Snap Buttons Close-14 (Top Wears) 2nd Time,Nill,0.83,SG-4402
Spare Kit Making & Hole,Nill,0.25,SG-4404
Sticker Pasting-01,Nill,0.17,SG-4405
Sticker Pasting-02,Nill,0.35,SG-4405
Sticker Pasting-03,Nill,0.48,SG-4405
Sticker pasting on Garment,Nill,0.15,SG-4406
Sticker pasting on Poly bag,Nill,0.15,SG-9002
Tissue Paper Insert In Garment Folding,Nill,0.14,SG-4408
Tissue Paper Insert In Hang Tag,Nill,0.08,SG-4409
Waist Band & Fly Buttons Close,Nill,0.06,SG-9331
Waist Band Button & Fly Zip Close,Nill,0.12,SG-9331
Hang Tag Attach With Tag Gun-1,Tag Gun,0.15,SG-4412
Front Panels Inner Facing Fuse-3,Auto Press,0.54,SG-0064
Front Placket fuse-1,Auto Press,0.3,SG-0064
Front Placket fuse-2,Auto Press,0.58,SG-0064
Front placket fuse-2,Auto Press,0.58,SG-0064
Front Placket fuse-2*2,Auto Press,1.21,SG-0064
Front Placket Patch Press(folder)-1,Auto Press,0.17,SG-5099
Front Placket Patch Press(Folder)-2,Auto Press,0.34,SG-5099
Front Placket Bartack-3,Bartack,0.22,SG-0066
Placket Bartack-2,Bartack,0.16,SG-0066
Front placket eyelet-4,Eyelet Button Hole,0.468,SG-0124
Front placket eyelet-5,Eyelet Button Hole,0.568,SG-0124
Front placket eyelet-6,Eyelet Button Hole,0.665,SG-0124
Front placket eyelet-7,Eyelet Button Hole,0.775,SG-0124
Front placket eyelet -5,Eyelet Button Hole,0.57,SG-0124
Front placket eyelet -6,Eyelet Button Hole,0.67,SG-0124
Front placket eyelet -8,Eyelet Button Hole,0.875,SG-0124
Front placket eyelet -9,Eyelet Button Hole,0.953,SG-0124
Front placket eyelet-2,Eyelet Button Hole,0.24,SG-0124
Front placket eyelet-5 Padded Jkt,Eyelet Button Hole,0.77,SG-0124
Placket Button Hole-1,Eyelet Button Hole,0.12,SG-0124
Front Placket chain open-1*1,Nill,0.205,SG-4421
Front Placket chain open-2*2,Nill,0.378,SG-4421
Front Placket corner trim-1,Nill,0.1071428571428572,SG-4422
Front Placket corner trim-2,Nill,0.2142857142857143,SG-4422
Front Placket Corner Trim-1(3 Corners),Nill,0.17,SG-4422
Front Placket corner trim & Turn-2,Nill,0.39,SG-4422
Front Placket corner turn-1,Nill,0.08928571428571429,SG-4424
Front Placket corner turn-2,Nill,0.1785714285714286,SG-4424
Front Placket Corner Turn-1 (3 Corners),Nill,0.18,SG-4424
Front Placket 2nd Stitch Tracing-1,Nill,0.15,SG-4425
Placket Box Stitch Tracing-1,Nill,0.12,SG-4426
Placket Extra Trim(1-Side)-2,Nill,0.18,SG-0231
Placket trim(top & btm),Nill,0.378,SG-4428
Placket Turn,Nill,0.22,SG-4429
FRONT INNER FACING PANNELS JOIN-2,O/L,0.31,SG-0331
Placket edge Secure Short Side-2,O/L,0.12,SG-0331
Placket edge Secure 1side-2,O/L,0.23,SG-0331
Placket edge Secure 1side-2 With Short Side,O/L,0.28,SG-0331
Placket edge Secure 1side-1,O/L,0.19,SG-0331
Placket edge Secure 2side-2,O/L,0.44,SG-0331
Placket edge Secure 2side-2 Curved (With Short Side),O/L,0.34,SG-0331
Front Placket join press-2,Press,0.48,SG-0441
Front Placket press 1side-2,Press,0.3571428571428572,SG-0441
Front Facing edge Stitch-2side-2 For Lycra,Snls,0.46,SG-4436
Front Inner Facing Piping Attach(allaround),Snls,0.58,SG-4437
Front Left Placket Make Edge-1,Snls,0.195,SG-4438
Front Left Placket Stay Stitch-2 Only Sides,Snls,0.195,SG-0444
Front Panel Top With Zipper (R&L) Hidden water thread,Snls,1.55,SG-3402
Front Panels Pleat Make With Placket Close -1,Snls,0.41,SG-9052
Front Placket attach with corner make-2,Snls,0.95,SG-4442
FRONT PLACKET ATTACH-2 (CORNER MAKE SEPARATE),Snls,0.58,SG-4442
Front Placket attach SN-1,Snls,0.362,SG-4443
Front Placket attach SN-2,Snls,0.706,SG-4443
Front Placket attach SN-1 Outer,Snls,0.62,SG-4442
Front Placket Bottom Corner Close U-Shape-2,Snls,0.74,SG-9332
Front Placket Bottom Corner Hidden Top inside-2,Snls,0.5357142857142857,SG-4461
Front Placket Close With Fold-1,Snls,0.462,SG-4447
Front Placket close with fold-1 water thread,Snls,0.35,SG-4447
Front Placket close with fold-2,Snls,0.906,SG-4447
Front Placket close with fold-2 Curved Till Shoulder,Snls,1.2,SG-4447
Front Placket close with fold-2 Curved Padded Fabric Above Yoke,Snls,1.2,SG-4447
Front Placket close(prepressed)-1,Snls,0.51,SG-4447
Front Placket Close With Fold-1 2nd,Snls,0.462,SG-4447
Front Placket close Edge Hem-1 water thread,Snls,0.35,SG-4447
Front Placket close(prepressed-2,Snls,0.785,SG-4449
Front Placket close(prepressed-2,Snls,0.69,SG-4449
Front Placket close without fold-2,Snls,0.82,SG-4447
Front Placket Corner Close L-shape-2,Snls,0.52,SG-9332
Front Placket Corner Close U-shape-1,Snls,0.435,SG-4452
Front Placket Corner Close U-shape-2,Snls,0.73,SG-4452
Front Placket Corner Close U-shape-2 Height Above 5cm,Snls,0.78,SG-9332
Front Placket Corner Close U-shape-2 Long,Snls,0.78,SG-9332
Front Placket corner make(hidden) -1,Snls,0.1785714285714286,SG-4455
Front Placket corner make(hidden) -2,Snls,0.3571428571428572,SG-4455
Front Placket Corner Make-1(mitered),Snls,0.31,SG-4455
Front Placket corner make(hidden) -2 Padded Heavy Fabric,Snls,0.425,SG-4455
Front Placket Deco Stitch-2*2,Snls,0.48,SG-4457
Front Placket Edge hidden Water thread-2,Snls,0.49,SG-4458
Front Placket Edge hidden Water thread-1,Snls,0.25,SG-4458
Front Placket Edge Hidden-1 water thread,Snls,0.35,SG-4458
Front Placket Edge Top-2,Snls,0.45,SG-9333
Front Placket Join-1 (Corner make Separate),Snls,0.3,SG-4460
Front Placket 2nd Top-2,Snls,0.66,SG-4461
Front Placket 2nd Top-1,Snls,0.93,SG-4461
Front Placket Patch Attach-1,Snls,0.42,SG-4463
Front Placket Patch Attach-1 SN (1 Side),Snls,0.52,SG-4463
Front Placket Patch Attach(3sides)-1 SN,Snls,0.76,SG-4463
Front Placket Patch Top All around-1 SN,Snls,0.66,SG-9287
Front placket top-1 with Joint & snap button handling,Snls,0.68,SG-4465
Front Placket top-2,Snls,0.658,SG-4465
Front Placket Top With Zip (Sandwich)-2,Snls,0.79,SG-4465
Front Placket top-1 Outer,Snls,0.54,SG-4461
Front Placket Top Stay Stitch-1 Water thread,Snls,0.25,SG-0444
Front Placket top stitch with crnr-1,Snls,0.372,SG-4468
Front Placket top stitch with crnr-2,Snls,0.721,SG-4468
Front Placket top stitch with crnr-2 Padded Faric Above Yoke,Snls,0.82,SG-4468
FRONT PLACKET TOP STITCH WITH CRNR(WITHOUT PRESS)-1,Snls,0.45,SG-4468
FRONT PLACKET TOP STITCH WITH CRNR(WITHOUT PRESS)-2,Snls,0.9,SG-4468
Front Placket Top Stitch-1 SN(mitered),Snls,0.27,SG-9057
Front Placket top stitch without crnr-1,Snls,0.48,SG-4470
Front Placket top stitch without crnr-2,Snls,0.61,SG-4470
"Front Placket zigzag stitch(11sides,10crnr)-1",Snls,1.152,SG-4471
"Front Placket zigzag stitch(11sides,10crnr)-2",Snls,2.253,SG-4471
"Front Placket Zigzag Stitch(6 Sides,5 Crnr)-1",Snls,0.69,SG-4471
"Front Placket ZigZag Stitch(16sides,15 Corner)-1",Snls,1.25,SG-4471
"Front Placket Zigzag Stitch(10Sides,9Crnr)-1",Snls,0.92,SG-4471
"Front Placket zigzag stitch(13sides,12crnr)-1",Snls,1.52,SG-4471
Front Plaket Top Stitch With Corner Close U-Shape-2,Snls,0.99,SG-9057
Front plakt 2nd top stitch with crnr-2,Snls,0.65,SG-9057
Front plkt close (prepressed)-1 with Snap Btns & Upper Plkt Left Side,Snls,0.98,SG-9054
Front Right Placket Edge Top-1 (3sides) with Turn,Snls,0.487,SG-9333
Front Right Placket Make (3sides),Snls,0.523,SG-9334
Front Right Placket Make Edge-1,Snls,0.31,SG-9334
PLACKET CORNER 2ND STITCH(STRAIGHT)-2,Snls,0.27,SG-4478
Placket Deco Stitch After Close-1 (U Shape),Snls,0.28,SG-4479
Placket Loop Tacking-1,Snls,0.18,SG-4480
Placket Sides Hem S/F 1side-2,Snls,0.42,SG-4481
Placket stay stitch on edge after o/L -2,Snls,0.25,SG-0444
Placket Traingle Stitch-1,Snls,0.28,SG-4483
Front Placket Button Hole-7,St/Button Hole,0.74,SG-0124
Front Placket Button Hole-6,St/Button Hole,0.642,SG-0124
Placket Button Hole-1,St/Button Hole,0.12,SG-0124
Front Panel Press For Placket Make-1,Steam Press,0.36,SG-0441
Front Placket join press-1,Steam Press,0.172,SG-0441
Front Placket Join Press With Zip-2,Steam Press,0.426,SG-0441
Front Placket Patch Corner Press(2sides)-1,Steam Press,0.14,SG-0441
Front placket press -2 D/F,Steam Press,0.786,SG-0441
Front Placket Press for attach(2 sides-1side curve)-2,Steam Press,0.95,SG-0441
Front placket press-2 S/F,Steam Press,0.483,SG-0441
Front placket press-1 S/F,Steam Press,0.24,SG-0441
Front Placket press 1side-1,Steam Press,0.248,SG-0441
Front Placket press 2sides-1,Steam Press,0.298,SG-0441
Front Plkt Press for Make(4 sides)-1,Steam Press,0.45,SG-0441
Front Left Placket Make(folder),Tnls,0.52,SG-4495
Front Placket Attach (Folder)-1,Tnls,0.45,SG-1623
Front Placket Close With Fold-1 TN,Tnls,0.53,SG-3750
Front Placket Close With Fold-2,Tnls,0.98,SG-3750
Front Placket close(prepressed-2,Tnls,0.823,SG-9335
Front Placket close(prepressed-1 TN,Tnls,0.425,SG-9335
Front Placket Deco Stitch-2(Horizontal),Tnls,0.24,SG-3750
Front Placket Deco Stitch-4(Horizontal),Tnls,0.48,SG-3750
Front Placket Deco Stitch-5(Horizontal),Tnls,0.6,SG-3750
Front Placket Edge Top TN-1,Tnls,0.32,SG-9336
Front Placket top stitch with corner TN-1,Tnls,0.372,SG-3750
Front Placket Top TN-1,Tnls,0.35,SG-9336
Front Right Placket Edge Top TN-1 (3sides),Tnls,0.42,SG-9336
Front Right Placket Make(folder),Tnls,0.52,SG-4505
Frnt Placket zigzag Tracing-2,Tracing Pattern,0.768,SG-4506
Front Left Placket Make Tracing-1 (sides only),Tracing Pattern,0.195,SG-4507
Front Panel Zip Attach Tracing-2,Tracing Pattern,0.2857142857142858,SG-9178
Front Placket attach Tracing-1,Tracing Pattern,0.175,SG-4509
Front Placket attach Tracing-2,Tracing Pattern,0.3214285714285715,SG-4509
Front Placket Attach Tracing-2 (Flap Measurement),Tracing Pattern,0.18,SG-4509
FRONT PLACKET BARTACK Tracing -1*3,Tracing Pattern,0.145,SG-9112
Front Placket corner make Tracing-1,Tracing Pattern,0.1428571428571429,SG-4511
Front Placket corner make Tracing -2,Tracing Pattern,0.2142857142857143,SG-4511
Front Placket Deco Stitch Tracing-4,Tracing Pattern,0.24,SG-9314
Front Placket eyelet tracing,Tracing Pattern,0.2857142857142858,SG-4513
Front Placket eyelet Tracing With Bartack Tracing,Tracing Pattern,0.408,SG-4513
Front Placket Press Tracing For Fold-2,Tracing Pattern,0.3571428571428572,SG-4515
Front Placket Tracing For Press-3*1,Tracing Pattern,0.331,SG-4515
Front Placket Tracing For Press-3*2,Tracing Pattern,0.623,SG-4515
Front Placket Zigzag Stitch Tracing-1,Tracing Pattern,0.3571428571428572,SG-4516
Front Right Placket Make Tracing-1 (sides Only),Tracing Pattern,0.195,SG-4517
Front Smaller Placket Attach Tracing-1,Tracing Pattern,0.14,SG-4509
Placket Loop Attach Tracing-1,Tracing Pattern,0.12,SG-1255
Placket Patch Attach Tracing-1,Tracing Pattern,0.14,SG-9179
Tracing At Placket For Zipper Attach-1,Tracing Pattern,0.3,SG-4521
Front Placket attach-1 Auto,WaistBand,0.48,SG-1336
Front Placket attach-2 Auto,WaistBand,0.926,SG-1336
Front Placket attach-2 2Part,WaistBand,1.11,SG-1336
Front Placket attach-2 1Part Height Above 5cm,WaistBand,0.95,SG-1336
Front Pocket Hem Secure-1,O/L,0.08,SG-0331
Front Pocket Strip Secure-2,O/L,0.14,SG-0331
Back Pocket Edge Top Stitch-2,Snls,0.21,SG-9141
Front Pocket Edge Top Stitch-2,Snls,0.21,SG-9057
Front Pocket Strip Top Stitch With Turn-2 Straight,Snls,0.31,SG-9057
Front Pocket Top Stitch-2 U-Shape,Snls,0.52,SG-9057
Front Pocket Press 2Curve/2Corners-2 Large,Steam Press,0.72,SG-0441
Pocket Press-10 (Mitered),Steam Press,1.72,SG-0441
Pocket Press-10 (Mitered) with Emb Follow,Steam Press,1.85,SG-0441
Back Pocket Edge Top Stitch-2 with Trim,Tncs,0.3,SG-4533
Front Pocket Hem-1(Single fold- Pre Pressed),Tncs,0.12,SG-5269
Front Pocket Pleat Top-2,Tncs,0.245,SG-4535
Pocket Hem with Folder-10 (Manual Trim),Tncs,1.5,SG-5269
Front Pocket Strip Attach Tracing-2,Tracing Pattern,0.1785714285714286,SG-9112
Front Pocket Top Stitch Tracing-2 U-Shape,Tracing Pattern,0.25,SG-3884
Pocket Eyelet tracing-2,Tracing Pattern,0.1785714285714286,SG-9322
Bartack At Facing-1,Bartack,0.08,SG-0066
Bartack At Facing-2,Bartack,0.16,SG-0066
Pocket Bag Bartack-4,Bartack,0.22,SG-0066
Pocket Bag Bartack-2,Bartack,0.14,SG-0066
Facing Zigzag Stitches-1,Close End,0.21,SG-0121
Facing Join Top-2,Feed Off Arm,0.25,SG-0132
Facing Pleat Top FOA-1,Feed Off Arm,0.14,SG-0132
Cover Stitch-(1 Sided)Auto Trim,Flat Lock,0.299,SG-4545
Cover Stitch-(1 Sided)Manual Trim,Flat Lock,0.24,SG-4545
Cover Stitch-(2 Sided) Manual Trim,Flat Lock,0.583,SG-4545
Cover Stitch-(2 Sided) Manual Trim,Flat Lock,0.66,SG-4545
Cover Stitch-(1 Sided)Manual Trim,Flat Lock,0.32,SG-4545
Cover Stitch-(1 Sided)Manual Trim 2nd,Flat Lock,0.24,SG-4545
LINNING DECO STITCH STRAIGHT -3*2,Flat Lock,0.92,SG-4545
Pocket Bag Turn-2,Nill,0.22,SG-4549
FACING PANELS SECURE-2,O/L,0.1428571428571429,SG-0331
Facing Panels Secure-2*2,O/L,0.31,SG-0331
Front Facing Edge Secure-2,O/L,0.15,SG-0331
Front Facing Edge Secure-2*2,O/L,0.4285714285714286,SG-0331
FRONT FACING PANEL EDGE SECURE-1,O/L,0.08,SG-0331
Front Facing Panel Join-1,O/L,0.13,SG-4553
Front Facing Panel Join-2,O/L,0.26,SG-4553
Left Pocket Bag Close (1 Pc-1 Sided Curve)-1,O/L,0.15,SG-4554
Left Pocket Bag Close (1 Pc-1 Sided Curve)-1,O/L,0.15,SG-4554
Pocket Bag Close (3 sided-2pcs),O/L,0.3,SG-4554
Pocket Bag Close (1 Pc-1 Sided Curve),O/L,0.18,SG-4554
Pocket Bag Close (2 sided-2pcs),O/L,0.3571428571428572,SG-4554
Pocket Bag Close- 2*2 (O/L),O/L,0.555,SG-4554
Pocket Bag Close (1 Pc-2 Sided Curve),O/L,0.32,SG-4554
Pocket Bag Close (4 sided-1pc) with Turn 1side,O/L,0.65,SG-4554
Pocket Bag Close (3 sided-2pcs) Corner Handling,O/L,0.35,SG-4554
Pocket Bag Close (2 Sided-1Pc) Split,O/L,0.348,SG-4554
Pocket Bag Edge Secure 1Side-2,O/L,0.24,SG-4554
Pocket Bag Panel Join( Curve)-2,O/L,0.33,SG-4554
Right Pocket Bag Close (1 Pc-1 Sided Curve)-1,O/L,0.15,SG-4554
Right Pocket Bag Close (1 Pc-1 Sided Curve)-1,O/L,0.15,SG-4554
Facing Dart Make-1,Snls,0.16,SG-4561
Facing Dart Make-2,Snls,0.31,SG-4561
Facing Deco 2nd Stitch Fashion-1,Snls,0.19,SG-9337
Facing Deco Stitch-1(Triangle),Snls,0.21,SG-4563
Facing Deco Stitch(V-shape)-1,Snls,0.24,SG-4563
Facing Deco Stitch Fashion-1,Snls,0.17,SG-9337
Facing Deco Stitch 3Sides-2,Snls,0.37,SG-9337
Facing Deco Stitch-SN(Box),Snls,0.31,SG-9337
Facing Deco Stitch Straight-1,Snls,0.12,SG-9245
Facing Deco Stitch U-Shape-2,Snls,0.49,SG-9337
Facing Panels Join Curved-2,Snls,0.34,SG-4569
Facing Panels Join Curved-1,Snls,0.17,SG-4569
Facing Patch Attach D/S-1,Snls,0.28,SG-4570
Facing Patch Stay Stitch Top & Side-2,Snls,0.32,SG-0444
Facing Patch Stay Stitch Top & Sides-1,Snls,0.23,SG-0444
Facing Pleat Make-2,Snls,0.2142857142857143,SG-4573
Facing Pleat Make-1,Snls,0.1428571428571429,SG-4573
Facing Pleat Top-2,Snls,0.2142857142857143,SG-4574
Facing Pleat Top with Triangle Stitch-1,Snls,0.34,SG-4574
Facing side panel join wd watch Pocket-1,Snls,0.18,SG-4575
Facing Stress Seam Make-1,Snls,0.16,SG-4576
Facing Tape Attach With Trim SN-2,Snls,0.36,SG-4577
Front Facing Panel Join-1,Snls,0.13,SG-4578
Front Facing Panel Join-2,Snls,0.26,SG-4578
Front Facing Pleat Make-2*2,Snls,0.51,SG-9052
Front Facing Pleat Top Stitch-2*2,Snls,0.44,SG-9339
Front Facing Strip Attach-1 (straight),Snls,0.1785714285714286,SG-4581
Front Facing Strip Make-1,Snls,0.14,SG-4582
Front Pocket Facing attach-2 (Pre Pressed),Snls,0.38,SG-4583
Front Pocket Facing attach-2 (Pre Pressed) With Reverse Tack,Snls,0.46,SG-4583
Front Pocket Facing attach-2 (Pre Pressed) with Loop Joint,Snls,0.51,SG-4583
Front Pocket Facing Attach-2*2 (Prepressed),Snls,0.75,SG-4583
FRONT Pocket FACING ATTACH-2 (PRE PRESSED) (2ND),Snls,0.38,SG-4583
Front Pocket Facing attach-2*2,Snls,0.623,SG-4583
Front Pocket Facing attach-2 Double For Lycra Safety,Snls,0.3,SG-4583
Front Pocket Facing attach-2 (Pre Pressed) Jetting,Snls,0.38,SG-4583
Front Pocket Facing attach-2 (Pre Pressed) Jetting 2sided,Snls,0.45,SG-4583
Front Pocket Facing Attach-2*2 (Prepressed) Lining,Snls,0.85,SG-4583
Front Pocket Facing attach-2 (Pre Pressed) Round,Snls,0.65,SG-4583
Front Pocket Facing Attach-2*2 (Prepressed) Round,Snls,0.92,SG-4583
Front Pocket Facing attach-2 (Pre Pressed) 3sided,Snls,0.53,SG-4583
Front Pocket Facing Dart Top-1,Snls,0.12,SG-3350
Front Pocket Facing Join Top-1,Snls,0.12,SG-9278
Front Pocket Facing Pleat Make-1 (Inner Stitch),Snls,0.1428571428571429,SG-4014
Front Pocket Facing Pleat Top Stitch-1,Snls,0.13,SG-9339
Left Facing panels 2nd top-SN,Snls,0.12,SG-4594
Left Pocket Bag Turn & Top st. (1 Sided Curve)-1,Snls,0.18,SG-4595
Left Pocket Bag Turn & Top st. (1 Sided Curve)-1,Snls,0.18,SG-4595
Pocket Bag Close (3 sided-2pcs),Snls,0.48,SG-4595
Pocket Bag Corner Secure St. -SN,Snls,0.186,SG-4595
Pocket Bag Stay Stitch with Fold-2,Snls,0.253,SG-0444
Pocket Bag Stay Stitch-2*2,Snls,0.35,SG-0444
Pocket Bag Stay Stitch For Close-2,Snls,0.23,SG-0444
"POCKET BAG TURN & TOP(2PCS,2SIDED)",Snls,0.4285714285714286,SG-4595
Pocket Bag Turn & Top-2*2,Snls,0.77,SG-4595
"Pocket Bag Turn & top st.(3 sided,2pcs)",Snls,0.5535714285714286,SG-4595
Pocket Bag Turn & Top st. (1 Sided Curve),Snls,0.2,SG-4595
Pocket Bag Turn & Top st. (1 Sided Curve) With Corner,Snls,0.25,SG-4595
Pocket Bag Turn & Top st. (2 Sided),Snls,0.6071428571428572,SG-4595
"Pocket Bag Turn & top st.(3 sided,2pcs) Corner Handling & Reverse Tack",Snls,0.59,SG-4595
Pocket Bag Turn & Top st. (2 Sided Curve) Split,Snls,0.43,SG-4595
Right Facing side panel 2nd top,Snls,0.15,SG-4604
RIGHT FACING SIDE PANEL TOP STITCH,Snls,0.15,SG-4605
Right Pocket Bag Turn & Top st. (1 Sided Curve)-1,Snls,0.18,SG-4595
Right Pocket Bag Turn & Top st. (1 Sided Curve)-1,Snls,0.18,SG-4595
Facing Busted Join Press-1,Steam Press,0.1,SG-0440
Facing Busted Join Press-1,Steam Press,0.13,SG-0440
Facing Dart Press-1,Steam Press,0.09,SG-0441
Facing Dart Press-2,Steam Press,0.18,SG-0441
Facing Patch Press-2 (Curve 1 Side),Steam Press,0.23,SG-0441
Facing Pleat Press-1,Steam Press,0.09,SG-0441
Facing Pleat Press-2,Steam Press,0.18,SG-0441
Facing Pleat Press For Make-2,Steam Press,0.27,SG-0441
Facing Press Box Pleat-1,Steam Press,0.2,SG-0441
Facing Stress Seam Split-1,Steam Press,0.18,SG-0441
Front Facing Upper Patch Press-2,Steam Press,0.305,SG-0441
Front Pocket Facing Press For Attach-2*2,Steam Press,0.52,SG-0441
Front Pocket Facing Press For Attach-2*2 Round,Steam Press,0.92,SG-0441
Front Pocket Facing Press-2 Jetting,Steam Press,0.27,SG-0441
Left Facing side panel press 1,Steam Press,0.1,SG-0441
Right Facing side panel press 1,Steam Press,0.1,SG-0441
Facing Pleat Top TNCS-2,Tncs,0.25,SG-4620
Facing Deco Stitch Straight-1 TN,Tnls,0.16,SG-9246
Facing Patch Attach Curve-2,Tnls,0.29,SG-4622
Facing Patch Attach 1side-2 TN,Tnls,0.36,SG-4623
Facing Patch Attach 1side-1 TN,Tnls,0.18,SG-4623
Facing Pleat Top Stitch-1(with cord),Tnls,0.19,SG-4624
Facing Pleat Top TN-2,Tnls,0.22,SG-4625
Facing Tape Attach With Trim TN-1,Tnls,0.21,SG-4623
Facing Tape Attach With Trim TN-2,Tnls,0.4,SG-4623
Front Facing Busted Top-1,Tnls,0.17,SG-4076
Front Facing Busted Top-2,Tnls,0.31,SG-4076
Front Facing Join Top-2,Tnls,0.23,SG-4076
Front Facing Join Top-1,Tnls,0.12,SG-4076
Front Pocket Facing Pleat Top Stitch-1,Tnls,0.1,SG-4076
Front Pocket Facing Pleat Top Stitch-1 With Thread Trim,Tnls,0.13,SG-4076
Care Label Placement Tracing,Tracing Pattern,0.142,SG-4630
Facing Dart Make Tracing-1,Tracing Pattern,0.11,SG-4631
Facing Dart Make Tracing-2,Tracing Pattern,0.21,SG-4631
Facing Deco Stitch & Bartck Tracing-1,Tracing Pattern,0.14,SG-4633
Facing Deco Stitch Tracing-3,Tracing Pattern,0.24,SG-4633
Facing Deco Stitch Tracing-1,Tracing Pattern,0.08928571428571429,SG-4633
Facing Deco Stitch Tracing-(V-shape),Tracing Pattern,0.13,SG-4633
Facing Deco Stitch Tracing-2,Tracing Pattern,0.17,SG-4633
Facing Patch Attach Tracing-1,Tracing Pattern,0.13,SG-4634
Facing Patch Attach Tracing- 2,Tracing Pattern,0.18,SG-4634
Facing Pleat Make Tracing-2,Tracing Pattern,0.1785714285714286,SG-4635
Facing Stress Seam Make Tracing-1,Tracing Pattern,0.12,SG-4636
Front Facing Pleat Tracing-2*2,Tracing Pattern,0.32,SG-9341
Front Pocket Facing Pleat Tracing-1,Tracing Pattern,0.104,SG-9341
Label Attach Tracing At Facing- 1,Tracing Pattern,0.12,SG-9258
Linning Deco Stitch Tracing-3*2 Straight,Tracing Pattern,0.36,SG-4640
Facing Deco Stitch-Zig Zag (Curve),Zig Zag,0.24,SG-1375
Facing Pleat Top Zig Zag-1,Zig Zag,0.27,SG-1375
Fly Zip Close,Nill,0.07,SG-4643
Starch at Outseam/Crotch or Panel,Nill,0.63,SG-4644
Outseam Busted Press,Press,0.41,SG-2803
Outseam Busted Press-Stitching,Press,0.54,SG-0440
Bottom Double Fold Press,Steam Press,0.48,SG-2803
Bottom Loop Press-2,Steam Press,0.25,SG-2803
Bottom Single Fold Press,Steam Press,0.36,SG-2803
Cargo Pockets & Flap Press for Tracing,Steam Press,0.48,SG-2803
Crunch Make on Jacket All over,Steam Press,4.6,SG-2803
Daungree Press,Steam Press,1.04,SG-2803
Flap Press-01,Steam Press,0.145,SG-2803
Flap Press-02,Steam Press,0.286,SG-2803
Flap Press-03,Steam Press,0.435,SG-2803
Flap Press-04,Steam Press,0.586,SG-2803
Fly & Gallace Press- for Tracing,Steam Press,0.45,SG-2803
Garment Re-press Due to Garment Press Scrunch,Steam Press,0.35,SG-2803
Garment Re-press Due to Lycra Damage,Steam Press,0.35,SG-2803
Garment Re-press Due to Re-Wash,Steam Press,0.3750000000000001,SG-2803
inside Pocket Bag Press -02,Steam Press,0.17,SG-2803
Inside Press Jacket,Steam Press,0.53,SG-2803
Jacket Press,Steam Press,1.25,SG-2803
Jacket Re Press,Steam Press,0.55,SG-2803
Label Press 4-Sides,Steam Press,0.221,SG-2803
Label Press Straight-2,Steam Press,0.36,SG-0441
Measurement Press + Local Press,Steam Press,0.5357142857142857,SG-2803
Over Lapping Press,Steam Press,0.79,SG-2803
Over Lapping Press Hard Press,Steam Press,1.1,SG-2803
Over Lapping Press High Fashion (Pant),Steam Press,0.95,SG-2803
Over Lapping Press High Fashion (Pant) Safety With Bottom & Cargo Pkt,Steam Press,1.15,SG-2803
Piping Press,Steam Press,0.1785714285714286,SG-2803
Piping Press,Steam Press,0.1785714285714286,SG-2803
Plackets & Flap Press For Tracing,Steam Press,0.48,SG-2803
Re Press Double Sided,Steam Press,0.4642857142857144,SG-2803
Shirt Press,Steam Press,1.21,SG-2803
Side Fly Press-2,Steam Press,0.32,SG-2803
Topper Press,Steam Press,0.5357142857142857,SG-2803
Vest Press,Steam Press,0.865,SG-2803
Waist Band Center Press for Printing,Steam Press,0.172,SG-2803
Welt Pocket Press-01,Steam Press,0.19,SG-2803
Welt Pocket Press-02,Steam Press,0.3,SG-2803
Fabric Patch Pasting & Heat Bed-01,Heat Transfer,0.99,SG-2804
Fabric Patch Pasting & Heat Bed-02,Heat Transfer,1.96,SG-2804
Fabric Patch Pasting & Heat Bed-03,Heat Transfer,2.91,SG-2804
Fabric Patch Pasting & Heat Bed-04,Heat Transfer,3.87,SG-2804
Fabric Patch Pasting & Heat Bed-05,Heat Transfer,4.5,SG-2804
Fabric Patch Pasting & Heat Bed-06,Heat Transfer,5.75,SG-2804
"Heat Bed On Printing (W/B, Yoke, Pockets etc)-01",Heat Transfer,0.22,SG-2804
"Heat Bed On Printing (W/B, Yoke, Pockets etc)-02",Heat Transfer,0.2857142857142858,SG-2804
"Heat Bed On Printing (W/B, Yoke, Pockets etc)-03",Heat Transfer,0.61,SG-2804
"Heat Bed On Printing B/W (W/B, Yoke, Pockets etc)-01",Heat Transfer,0.26,SG-2804
"Heat Bed On Printing B/W (W/B, Yoke, Pockets etc)-02",Heat Transfer,0.45,SG-2804
"Heat Bed On Printing B/W (W/B, Yoke, Pockets etc)-03",Heat Transfer,0.65,SG-2804
Heat Bed On Printing B/W- (4),Heat Transfer,0.86,SG-2804
"Heat Bed On Printing Lining B/W (W/B,Yoke,Pockets)-01",Heat Transfer,0.26,SG-2804
"Heat Bed On Printing Lining B/W (W/B,Yoke,Pockets)-02",Heat Transfer,0.45,SG-2804
Sticker Pasting & Heat Bed-01,Heat Transfer,0.46,SG-2804
Sticker Pasting & Heat Bed-02,Heat Transfer,0.85,SG-2804
Sticker Pasting & Heat Bed-03,Heat Transfer,1.39,SG-2804
Sticker Pasting & Heat Bed At Pocket Bag-02,Heat Transfer,1.7,SG-2804
Fabric Patch Gum & Pasting At Panel-1,Nill,0.5357142857142857,SG-4684
Fabric Patch Gum & Pasting At Panel-2,Nill,1.071428571428571,SG-4684
Fabric Patch Gum & Pasting At Panel-3,Nill,1.607142857142857,SG-4684
Fabric Patch Gum & Pasting At Panel-4,Nill,2.142857142857143,SG-4684
Fabric Patch Gum & Pasting At Panel-5,Nill,2.678571428571429,SG-4684
Gum On Fabric Patch-1,Nill,0.32,SG-4685
Gum On Fabric Patch-2,Nill,0.58,SG-4685
Gum On Fabric Patch-3,Nill,0.89,SG-4685
Heat Sticker Cutting-1,Nill,0.21,SG-4686
Heat Sticker Cutting-2,Nill,0.38,SG-4686
Screen Printing With Glitters (Complete),Screen Printing,1.428571428571429,SG-4688
Screen Printing Complete (Small),Screen Printing,1.256,SG-4688
Screen Printing Complete (Large),Screen Printing,1.386,SG-4688
Screen Printing Complete (Large)-4,Screen Printing,5.1,SG-4688
Screen Printing Complete (B/W)-1,Screen Printing,1.256,SG-4688
Screen Printing Complete (B/W)-2,Screen Printing,2.51,SG-4688
"Screen Printing Complete (B/W, 3 Color)-1",Screen Printing,3.14,SG-4688
"Screen Printing Complete (B/W, 1 Color)-4",Screen Printing,4.14,SG-4688
Screen Printing Complete Lining (B/W)-1,Screen Printing,1.256,SG-4688
Screen Printing Complete Lining (B/W)-2,Screen Printing,2.51,SG-4688
"Sticker Making Complete (B/W, 1 Color)-1",Screen Printing,1.256,SG-4688
"Sticker Making Complete (B/W, 2 Color)-2",Screen Printing,2.14,SG-4688
"Sticker Making Complete (B/W, 3 Color)-1",Screen Printing,3.14,SG-4688
"Sticker Making Complete (B/W, 4 Color)-1",Screen Printing,4.14,SG-4688
"Sticker Making Complete (A/W, 1 Color)-1",Screen Printing,1.256,SG-4688
"Sticker Making Complete (A/W, 2 Color)-2",Screen Printing,2.14,SG-4688
"Sticker Making Complete (A/W, 3 Color)-1",Screen Printing,3.14,SG-4688
"Sticker Making Complete (A/W, 4 Color)-1",Screen Printing,4.14,SG-4688
"Sticker Making Complete (B/W, 9 Color)-1",Screen Printing,9.42,SG-4688
"Sticker Making Complete (B/W, 7 Color)-1",Screen Printing,6.65,SG-4688
Tracing For Heat Sticker Attach-1,Tracing Pattern,0.1,SG-0046
Garment Turnover With Quilting Final A/W Jkt,Nill,0.68,SG-4692
Garment Turnover With Quilting,Nill,0.68,SG-4692
Quilting Extra Pocket Bag Trim 1Side-2,Nill,0.24,SG-4693
Quilting Extra Pocket Bag Trim 2Side-2,Nill,0.48,SG-4693
Quilting/Lining Matching,Nill,0.24,SG-4694
Quilting/Lining Sleeve Insert To Body,Nill,0.3571428571428572,SG-4695
Quilting/Lining Sleeve Insert To Body With Incentive,Nill,0.38,SG-4695
Quilting Sleeve Vent cut notches At-2,Nill,0.22,SG-4696
Sleeve Turn over with Inside Quilting -2,Nill,0.3571428571428572,SG-9342
Body Edge Secure(All Around),O/L,2.05,SG-0331
Quilting Inner Pocket Secure 3Sides-1,O/L,0.17,SG-0331
Quilting Lining Edge Secure(All Around),O/L,2.05,SG-0331
Back Yoke Quilting Stay Stitch(Top Sides)-2,Snls,0.3,SG-0444
Inner Plackets Top Stitch With Quilting After Attach-2,Snls,1.21,SG-4702
Quilting Attach With Shell (W.B Side) Hidden A/W With Incentive,Snls,1.25,SG-4703
Quilting Attach With Sleeve End (Closed Pcs)-2 A/W With Incentive,Snls,1.98,SG-4703
QUILTING ATTACH TO FRONT PLACKETS & TOP SIDE HIDDEN-2 ALLROUND A/W WITH INCENTIVE,Snls,3.5,SG-9343
QUILTING ATTACH TO FRONT PLACKETS & TOP SIDE HIDDEN-2 ALLROUND B/W WITH INCENTIVE,Snls,3.5,SG-9343
Quilting Attach To Rib Sleeve-2 Hidden,Snls,3.1,SG-4706
Quilting Attach To Sleeve Vent-2 Hidden,Snls,3.1,SG-9344
Quilting Attach To Sleeve Vent Hidden-2 A/W With Incentive,Snls,2.54,SG-9344
Quilting Inner Pocket Attach with Inside Lining-1(Square),Snls,0.41,SG-4709
Quilting Inner Pocket Hem with Turn-1,Snls,0.19,SG-5269
Quilting Inner Pocket Tacking with Lining-1,Snls,0.24,SG-4711
Quilting/Lining Sleeve Panel Join-SN-2,Snls,0.48,SG-9345
Quilting Pocket Stay Stitch with Lining 3Side-1,Snls,0.21,SG-0444
Quilting Shoulder join-SN,Snls,0.43,SG-4714
Quilting Shoulder join-SN With Incentive,Snls,0.43,SG-4714
Quilting Side Seam Close with sleeve,Snls,1.05,SG-4715
Quilting Side Seam Close with sleeve With Incentive,Snls,1.05,SG-4715
Quilting Sleeve Arm Hole Attach -SN,Snls,0.7857142857142858,SG-4716
Quilting Sleeve Arm Hole Attach -SN With Incentive,Snls,0.95,SG-4716
Quilting Sleeve Panel Join-SN-2 With Incentive,Snls,0.48,SG-9345
QUILTING STAY STITCH WITH FRONT 1 SIDE-2,Snls,0.64,SG-0444
Quilting Stay Stitch With Shell (W.B Side),Snls,0.75,SG-0444
Quilting Stay Stitch With Sleeve End (Closed Pcs)-2,Snls,0.52,SG-0444
Sleeve Quilting Close With fold-1 A/W,Snls,0.65,SG-4719
Sleeve Stay Stitch At Vent With Quilting-2,Snls,0.2142857142857143,SG-0444
Sleeve Vent Make With Quilting SN-2,Snls,0.52,SG-4844
SLEEVE VENT MAKE WITH QUILTING TN-2,Tnls,0.61,SG-4867
Lining Attach With Shell (W.B Side) With Incentive A/W,Snls,2.7,SG-4723
Lining Attach With Sleeve Ends -2 Round With Incentive A/W,Snls,2.1,SG-4723
Lining Attach With Shell (W.B Side) With Incentive,Snls,2.7,SG-4723
Lining Attach With Sleeve Ends-2 With Incentive,Snls,2.1,SG-4723
Lining Attach To Inner Plackets-2 With Incentive,Snls,2.1,SG-4724
Lining Attach To Neck With Incentive,Snls,0.85,SG-9030
Lining Attach To Placket & Neck Side Allround With Incentive A/W,Snls,3.25,SG-4726
Lining Attach To Sleeve 1Side-Vent Hidden-2 With Incentive,Snls,1.82,SG-4727
Lining Inner Pocket With Manual D/F-1 SN,Snls,0.23,SG-4728
Lining Inner Pocket Attach Stay Stitch-1,Snls,0.21,SG-0444
Lining Inner Pocket Close 2Sides-1 SN,Snls,0.28,SG-4730
Quilting Stay Stitch To Sleeve Ends-3*2,Snls,2.5,SG-0444
Care Label Unpick-1,Nill,0.13,SG-4732
Fit Label Unpick-1,Nill,0.13,SG-4733
Label Unpick-1,Nill,0.13,SG-9234
Main Label Unpick-1 (2-Sides),Nill,0.19,SG-4735
Pocket Bag Unpick Complete (2-Sides),Nill,20.5,SG-4736
Rivet Unpick-5,Nill,0.89,SG-4737
Shank Button Unpick-1,Nill,0.21,SG-4738
Size Label Unpick-1,Nill,0.13,SG-9244
Startch on Garment Due to Lycra Damage (Outseam/Crotch/Back Yoke),Nill,0.66,SG-4740
"Zip Unpick-1(Crotch, J Stitch, Fly Bartack & Stitch, W/B End Close)",Nill,4.9,SG-4741
Back Pocket Pleat Press-2 Alter,Steam Press,0.1071428571428572,SG-2803
Maternity Rib Button Hole-1,Eyelet Button Hole,0.1607142857142857,SG-0124
Bottom Rib Corner Cut-2,Nill,0.28,SG-9004
Cuff Rib Matching,Nill,0.25,SG-4745
Cuff Rib Turnover-2,Nill,0.1785714285714286,SG-4746
Maternity Rib cut notches-2,Nill,0.2142857142857143,SG-4747
Maternity Rib Matching & Sorting,Nill,0.28,SG-4748
Rib Matching,Nill,0.2142857142857143,SG-4749
Maternity Rib Edge Seure Allaround After Attach AW,O/L,0.82,SG-4750
Maternity Rib Panels Join Sides-2,O/L,0.3571428571428572,SG-4751
Maternity Rib Shell Edge Secure,O/L,0.52,SG-0331
Belly Rib Press-S/F,Snls,0.38,SG-4753
Bottom Rib attach Stay Stitch-2,Snls,0.34,SG-0444
Bottom Rib Attach to Body,Snls,2.11,SG-4755
Cuff Rib Ring Attach-2 SN,Snls,1.3,SG-4756
Cuff Rib Ring Join Hidden Stitch-2,Snls,0.62,SG-4757
Cuff Rib Ring Stay Stitch Allaround-2,Snls,0.73,SG-0444
Front Plkt Corner Make (Hidden)-2 Btm Side Box Stitch After Ring Attach,Snls,4.5,SG-9347
Maternity Rib Attach With Shell AW,Snls,2.2,SG-4760
Maternity Rib Panels SN Stitch-(After Join),Snls,0.3571428571428572,SG-4761
Maternity Rib Shell Edge Hem Manual,Snls,0.8,SG-4762
Maternity Rib Top Stitch Allaround AW,Snls,1.33,SG-4763
Cuff Rib Center Tracing-2,Tracing Pattern,0.2142857142857143,SG-4764
Maternity Tracing at Rib for Inner Btn Hole-1,Tracing Pattern,0.1428571428571429,SG-4765
Side Cargo Pocket Bartack-2,Bartack,0.142,SG-0066
Side Pocket Bartack-2,Bartack,0.142,SG-0066
Side Pocket Bartack-2 with Velcro Tape Handling,Bartack,0.21,SG-0066
Back Side Pocket Hem Secure-2,O/L,0.17,SG-0331
Back Side Pocket Patch Edge Secure-1,O/L,0.08,SG-0331
Side Pocket Dart secure-4*2,O/L,0.85,SG-0331
Side Pocket Dart secure-4*4,O/L,1.82,SG-0331
Side Pocket Hem Secure-2,O/L,0.15,SG-0331
Side Pocket Panels Secure-4,O/L,0.2142857142857143,SG-0331
Side Pocket Panels Join-2 SN,Snls,0.29,SG-4773
Side Pocket Pleat Make-2,Snls,0.28,SG-4774
Side Pocket Pleat Top-2,Snls,0.2142857142857143,SG-0895
Side Pocket Stay Stitch 2 Side-1,Snls,0.21,SG-0444
Side Pocket Stay Stitch-2 water thread,Snls,0.21,SG-0444
Side Pocket Zipper Attach-1*1,Snls,0.45,SG-0889
Side Pocket Zipper Edge Top Stitch-1*1 With Inner Patch,Snls,0.52,SG-0897
Back Side Pocket Press-1 (3 Sides/2 Corner),Steam Press,0.26,SG-0441
Back Side Pocket Press-1 (3 Sides/2 Corner) Triple Pkts,Steam Press,0.31,SG-0441
Side Pocket Busted Join Press-2,Steam Press,0.178,SG-0440
Side Pocket Hem Press-2 (Single fold),Steam Press,0.22,SG-0441
Side Pocket Press-1 (2 Sides/1 Corner),Steam Press,0.22,SG-0441
Side Pocket Press-1 (3 Sides/1 Corner),Steam Press,0.22,SG-0441
Side Pocket Press-1 (3 Sides/2 Corner),Steam Press,0.22,SG-0441
Side Pocket Press-1 (2 Sides/1 Corner) with Emb-1,Steam Press,0.27,SG-0441
Side Pocket Press-2 (2 Sides/1 Corner),Steam Press,0.42,SG-0441
Side Pocket Press-2 (2 Sides/1 Corner) With Zipper Handling 1Side,Steam Press,0.51,SG-0441
Side Pocket Press-2(Round),Steam Press,0.48,SG-0441
Side Pocket Press-2 (Square),Steam Press,0.35,SG-0441
Side Pocket Press-2 (Square) with Pleats,Steam Press,0.42,SG-0441
Side Pocket Press-1 (2 Sides/1 Corner) Double Pocket with Emb-1,Steam Press,0.32,SG-0441
Side Pocket Press 5-Sides-2,Steam Press,0.46,SG-0441
Side Pocket Hem with Folder-1 (Manual Trim),Tncs,0.12,SG-5269
Side Pocket Hem with Folder-2 (Manual Trim),Tncs,0.28,SG-5269
Side Pocket Deco Stitch(straight)-1,Tnls,0.16,SG-4076
Side Pocket Deco Stitch(straight)-2,Tnls,0.29,SG-4076
Back Side Pocket Attach Tracing-2,Tracing Pattern,0.3214285714285715,SG-4789
Back Side Pocket Attach Tracing-1,Tracing Pattern,0.23,SG-4789
Side Pocket Deco Stitch Tracing-1,Tracing Pattern,0.1,SG-4790
Side Pocket Deco Stitch Tracing-2,Tracing Pattern,0.21,SG-4790
Side Pocket High Low Tracing-1,Tracing Pattern,0.1428571428571429,SG-4791
Side Pocket Pleat Tracing-2,Tracing Pattern,0.209,SG-4792
Sleeve Hem Narrow SN,Auto Hemmer,0.68,SG-0053
Sleeve Vent Lwr Bending Fuse-2,Auto Press,0.199,SG-0064
Sleeve Vent Uper Bending Fuse-2,Auto Press,0.24,SG-0064
Sleeve Vent bartack -2,Bartack,0.168,SG-0066
Sleeve Vent Bartack -3*2,Bartack,0.33,SG-0066
Sleeve Panel Join-FOA,Feed Off Arm,0.58,SG-0132
Sleeve Panel join top stitch Vent side.,Feed Off Arm,0.408,SG-0132
Sleeve Panel Join Vent Side With Cut,Feed Off Arm,0.63,SG-0132
Sleeve Panel Join Vent Side With Cut Low Rpm,Feed Off Arm,0.75,SG-0132
Sleeve Panel Join Vent Side With Cut Low Rpm Cordura,Feed Off Arm,0.92,SG-0132
Sleeve Panel Top-2,Feed Off Arm,0.4,SG-0132
Sleeve Panels Top-2*2,Feed Off Arm,0.82,SG-0132
Sleeve Pleat Top Stitch-2 FOA,Feed Off Arm,0.28,SG-0132
Cut At Sleeve For Zipper Attach-1*1,Nill,0.19,SG-0218
Sleeve Joint Trim For Binding Attach-2,Nill,0.18,SG-4804
Sleeve Panels Corner Cut-2,Nill,0.2142857142857143,SG-4805
Sleeve Turn over-2,Nill,0.1785714285714286,SG-9342
Sleeve Turn over 2nd-2,Nill,0.1785714285714286,SG-9342
Sleeve Turn over 3rd-2,Nill,0.1785714285714286,SG-9342
Sleeve Vent binding Cut Notches-2,Nill,0.221,SG-4809
Sleeve Vent chain open & trim-1*1,Nill,0.205,SG-4810
Sleeve Vent chain open & trim-2*2,Nill,0.398,SG-4810
Sleeve Vent chain open & trim-3*2,Nill,0.486,SG-4810
Sleeve Vent Cut-2*2,Nill,0.31,SG-4811
Sleeve Vent cut notches-2,Nill,0.2142857142857143,SG-4812
Sleeve Vent Cut Notches For Attach-2,Nill,0.221,SG-4813
Sleeve Vent Lower Binding Trim-2,Nill,0.1785714285714286,SG-4814
Sleeve Vent Uper Binding cut-2,Nill,0.186,SG-4815
Sleeve Vent Uper Binding Excess Trim-2,Nill,0.1785714285714286,SG-4816
Sleeve Dart secure- 2,O/L,0.223,SG-0331
Sleeve Panel Join-O/L-2,O/L,0.48,SG-9348
Sleeve Panel join Vent side.,O/L,0.523,SG-4819
Sleeve Panel join Vent side with join match (2*2),O/L,0.61,SG-4819
Sleeve Panel join Vent side. Padded Heavy Fabric,O/L,0.7,SG-4819
Sleeve Panel 2nd Join-O/L-2,O/L,0.48,SG-9348
Sleeve Panel Secure after Join V shape-O/L-2*2,O/L,0.62,SG-0331
Sleeve Panels Join-2*2(horizontal),O/L,0.62,SG-4823
Sleeve Panels Join-2(horizontal) Curved Strip Handling,O/L,0.62,SG-4824
Sleeve Panels Secure for Vent-2*2,O/L,0.42,SG-0331
Sleeve Panels Secure for Vent-2,O/L,0.21,SG-0331
Sleeve Box Pleat Stay Stitch-2,Snls,0.2857142857142858,SG-0444
Sleeve Close stay stitch(Vent side)-2,Snls,0.353,SG-0444
Sleeve Cuff Tacking-2,Snls,0.29,SG-4828
Sleeve Dart make-2,Snls,0.3571428571428572,SG-4829
Sleeve Dart Make-2*2,Snls,0.562,SG-4829
Sleeve Dart Stay stitch-2,Snls,0.2142857142857143,SG-0444
Sleeve Dart Stay stitch-2*2,Snls,0.3571428571428572,SG-0444
Sleeve Dart Top Stitch-2,Snls,0.247,SG-4831
Sleeve Hem-SN(open Sleeve),Snls,0.62,SG-9076
Sleeve Lower Binding Edge Stay Stitch-2,Snls,0.31,SG-0444
Sleeve Panel Join Stay Stitch-4,Snls,0.45,SG-0444
Sleeve Panel Join Top Chain Secure-2,Snls,0.196,SG-4835
Sleeve Panel Join V shape-SN with Stay Stitch-2*2,Snls,0.85,SG-0444
Sleeve Panel Join Vent Side-SN,Snls,0.52,SG-4837
Sleeve Pleat Make-2*2,Snls,0.532,SG-4838
Sleeve Pleat Make-2,Snls,0.24,SG-4838
Sleeve Stay Stitch At Vent-2,Snls,0.2142857142857143,SG-0444
Sleeve Upper Binding Stay Stitch For Attach-2,Snls,0.401,SG-0444
Sleeve Vent box diagnal stitches-2*2,Snls,0.526,SG-4841
Sleeve Vent lower Binding attach & Edge Top-2,Snls,1.25,SG-4842
Sleeve Vent lwr Binding att(1shot)-2,Snls,0.36,SG-4843
Sleeve Vent lwr Binding att(1shot)-2 With Cut,Snls,0.7,SG-4843
Sleeve Vent Make SN-2,Snls,0.28,SG-4844
Sleeve Vent Make SN-2*2,Snls,0.54,SG-4844
SLEEVE VENT PIPING CENTER SERVICE STITCH-2,Snls,0.423,SG-4845
Sleeve Vent Stay Stitch For Vent Make-2*2,Snls,0.54,SG-0444
Sleeve Vent Tacking-2 SN,Snls,0.1785714285714286,SG-4847
Sleeve Vent Tacking-2*2 SN,Snls,0.32,SG-4847
Sleeve Vent Top SN-2,Snls,0.25,SG-4848
SLEEVE VENT UPER BINDING ATT(1SIDE)-2,Snls,0.425,SG-4849
Sleeve Vent Uper Binding Attach 4sides-2,Snls,0.82,SG-4850
Sleeve Vent Uper Binding Attach 4sides-2 with Box Stitch,Snls,1.35,SG-4850
Sleeve Vent Uper Binding Box Stitch After Attach-2,Snls,0.56,SG-4851
Sleeve Vent Uper Binding top 1side -2,Snls,0.25,SG-9349
Sleeve Vent Uper Binding top 4sides-2,Snls,0.653,SG-9349
Sleeve Vent Uper Binding Traingle Stitch-2,Snls,0.52,SG-4854
SLEEVE ZIPPER ATTACH SERVICE STITCH-2,Snls,0.31,SG-9074
Sleeve Zipper Attach 1Side-2,Snls,0.56,SG-9350
Sleeve Zipper Attach 2Sided-2(1shot),Snls,0.92,SG-9350
Sleeve Zipper Inner Fly Attach-2(with seam allowance),Snls,0.57,SG-9350
Stay Stitch At Zipper-2*2,Snls,0.36,SG-0444
Sleeve Vent Button Hole-2,St/Button Hole,0.31,SG-0124
Sleeve Vent Hem Press S/F-2,Steam Press,0.26,SG-0441
Sleeve Vent Lwr Binding press 3sides-2,Steam Press,0.386,SG-0441
Sleeve Vent Uper Binding press 3side-2 With Fold,Steam Press,0.71,SG-0441
Sleeve Deco Stitch-2 TN (Straight),Tnls,0.246,SG-4864
Sleeve Hem Narrow-TN,Tnls,0.79,SG-4865
Sleeve Pleat Top Stitch-2 TN,Tnls,0.28,SG-4866
Sleeve Vent Make TN-2,Tnls,0.32,SG-4867
Sleeve Vent Make TN-2*2,Tnls,0.65,SG-4867
Sleeve Vent Make TN-2*2 Padded Heavy Fabric,Tnls,1.02,SG-4867
Sleeve Zipper Top 1Side-2 TN,Tnls,0.38,SG-4869
Sleeve Binding Attach Tracing(Box Form)-2,Tracing Pattern,0.386,SG-4870
Sleeve Binding box Tracing-2,Tracing Pattern,0.221,SG-4871
Sleeve Box Pleat Tracing-2*2,Tracing Pattern,0.25,SG-4876
Sleeve Dart Make Tracing-2,Tracing Pattern,0.25,SG-4873
Sleeve Dart Make Tracing-2*2,Tracing Pattern,0.3571428571428572,SG-4873
Sleeve Deco Stitch Tracing-2,Tracing Pattern,0.24,SG-4874
Sleeve Hem Tracing-2,Tracing Pattern,0.32,SG-4875
Sleeve Pleat Tracing-2,Tracing Pattern,0.1785714285714286,SG-4876
Sleeve Pleat Tracing-2*2,Tracing Pattern,0.25,SG-4876
Sleeve Vent Box Stitch Tracing-2,Tracing Pattern,0.1785714285714286,SG-9351
Sleeve Vent Make Tracing -2*2,Tracing Pattern,0.326,SG-9351
Sleeve Vent Tracing for attach-2,Tracing Pattern,0.1785714285714286,SG-9351
Sleeve Vent Tracing for Bartack-2,Tracing Pattern,0.1785714285714286,SG-9351
Sleeve Zipper Center Tracing-2,Tracing Pattern,0.22,SG-9242
Tracing At Sleeve Panels For Zipper Attach-2,Tracing Pattern,0.31,SG-4882
Back pocket star shape make-2 water thread (Post-Embroidery),Snls,0.5,SG-9190
Side Flap Bartack-2*3,Bartack,0.5,SG-0066
Side Flap Bartack-2*3 with Velcro Tape handling,Bartack,0.65,SG-0066
Cargo Pocket Dart Turn-4*2,Nill,0.5714285714285715,SG-4885
Cargo Pocket Dart Turn-4*4,Nill,1.12,SG-4885
Cargo Pocket Dart Turn-2*1,Nill,0.12,SG-4885
Cargo Pocket Dart Turn-2*2,Nill,0.25,SG-4885
Placket Piping Trim-1,Nill,0.13,SG-4886
Reineforcement Patch Cutting-4,Nill,0.21,SG-4887
Velcro Tape cut for Pocket & Flap-7*2,Nill,1.5,SG-4888
Velcro Tape cut for Pocket & Flap-4*2,Nill,0.8571428571428572,SG-4888
Velcro Tape Cut Tracing For Pockets & Flaps-9*2,Nill,0.95,SG-4889
Velcro Tape Cut Tracing For Pockets & Flaps-7*2,Nill,0.75,SG-4889
Velcro Tape Cut Tracing For Pockets & Flaps-4*2,Nill,0.4,SG-4889
Back Patch Secure 2Sides-5*2,O/L,0.98,SG-0331
Front Knee Patch Hem Secure-2,O/L,0.1607142857142857,SG-0331
Neck Moon Patch Edge Secure,O/L,0.21,SG-0331
Reineforcement Patch Secure 2Sides-4,O/L,0.4,SG-0331
Strip Edge Secure-8*2 For Wash,O/L,1.714285714285714,SG-0331
Patch Busted Join Press-1,Press,0.15,SG-0440
Back Pocket velcro tape attach-2*2,Snls,1.45,SG-2058
Back Side Loop Close Stay Stitch-1 water thread,Snls,0.14,SG-0444
Back Side Loop Edge Top-1,Snls,0.14,SG-4321
Back Side Loop Make-1,Snls,0.14,SG-4292
Back Side Loop Top Stitch-1,Snls,0.14,SG-4329
Cargo Pocket Dart Top-2*2,Snls,0.48,SG-9221
Cuff Ring Make-2 with Busted Stay Stitch,Snls,0.62,SG-0444
Neck Moon Patch Edge Hem Single Fold Pre Pressed,Snls,0.31,SG-4903
Piping attach to Placket allround-1,Snls,0.95,SG-4904
Small Cargo Pocket Attach at Lower Pocket-1,Snls,0.92,SG-9352
Small Pocket Attach at Lower Pocket-2,Snls,0.92,SG-9352
Small Pocket Top at Lower Pocket-2,Snls,0.78,SG-4907
Watch Pocket Patch Attach 3side For Wash,Snls,0.2857142857142858,SG-4908
Watch Pocket Patch Attach 4side For Wash,Snls,0.34,SG-4908
Back Flap Bartack Tracing-2*2,Tracing Pattern,0.1785714285714286,SG-4909
Back Pocket velcro tape attach Tracing-2*2,Tracing Pattern,0.4,SG-9198
Front knee Patch Bartack Tracing-2*2,Tracing Pattern,0.2142857142857143,SG-4911
Pocket Hem Tracing-2,Tracing Pattern,0.17,SG-4912
Side Flap Bartack Tracing-2*2,Tracing Pattern,0.1785714285714286,SG-9318
Small Cargo Pocket Attach Tracing Lower Pocket with Flap-1,Tracing Pattern,0.2,SG-9353
Small Pocket Attach Tracing at Lower Cargo Pocket with Flap-2,Tracing Pattern,0.32,SG-9353
Tab Fuse 1Part-2,Auto Press,0.25,SG-0064
Tab Bartack-2*2,Bartack,0.264,SG-0066
Tab Bartack-4*2,Bartack,0.45,SG-0066
Tab Bartack-2,Bartack,0.15,SG-0066
Tab Attach 4 Sided With Diagonal Stitch-2 Auto,Close End,0.62,SG-0121
Tab Button Hole-1,Eyelet Button Hole,0.13,SG-0124
Tab Button Hole-2,Eyelet Button Hole,0.26,SG-0124
Tab Button Hole-1,Eyelet Button Hole,0.123,SG-0124
Tab Button Hole-2,Eyelet Button Hole,0.245,SG-0124
Bottom Tab Chain Open-2*2,Nill,0.41,SG-9006
Bottom Tab Trim-2,Nill,0.1785714285714286,SG-9005
Extra Bottom Tab Trim,Nill,0.1785714285714286,SG-4922
Tab Trim-2,Nill,0.216,SG-4923
Tab Turn-2,Nill,0.364,SG-4924
Tab edge sec-1,O/L,0.086,SG-4925
Tab edge sec-2,O/L,0.152,SG-4925
Tab Edge Secure-3,O/L,0.24,SG-0331
Bottom Tab Corner Close U-shape(1pcs),Snls,0.48,SG-4927
Bottom Tab Corner Close U-shape(1pcs) with snap Button Handling,Snls,0.48,SG-4927
"Bottom Tab Make (prepressed-3 sides, 1 Pcs)-2 Lapped Long",Snls,0.85,SG-2984
"Bottom Tab Make (prepressed-3 sides, 1 Pcs)-2 Small",Snls,0.45,SG-2984
Tab Attach (4 sides)-2,Snls,0.76,SG-4930
"Tab Attach (4 sides, Box Stitch)-2",Snls,0.64,SG-4930
Tab Attach With Triangle-2,Snls,0.45,SG-4930
Tab Attach 1side-2,Snls,0.32,SG-4931
Tab Attach 1side-2,Snls,0.32,SG-4931
Tab Attach 1Side-3,Snls,0.46,SG-4931
Tab Attach 2Side-3,Snls,0.65,SG-4931
TAB ATTACH 1SIDE SN-1,Snls,0.16,SG-4931
Tab Box Diagnal Stitches-2*2,Snls,0.49,SG-4933
Tab Box Diagnal Stitches-2*2,Snls,0.45,SG-4933
Tab Make (prepressed-3 sides)-1,Snls,0.266,SG-2984
Tab Make (prepressed-3 sides)-2,Snls,0.534,SG-2984
Tab Make (prepressed-4 sides)-1,Snls,0.315,SG-2984
Tab Make (prepressed-4 sides)-2,Snls,0.615,SG-2984
Tab Make (prepressed-5 sides)-1,Snls,0.368,SG-2984
Tab Make (prepressed-5 sides)-2,Snls,0.735,SG-2984
Tab Make (prepressed-3 sides)-1,Snls,0.292,SG-2984
Tab Make (prepressed-3 sides)-2,Snls,0.568,SG-2984
Tab Make (prepressed-4 sides)-1,Snls,0.315,SG-2984
Tab Make (prepressed-4 sides)-2,Snls,0.615,SG-2984
Tab Make (prepressed-5 sides)-1,Snls,0.368,SG-2984
Tab Make (prepressed-5 sides)-2,Snls,0.735,SG-2984
Tab Make (prepressed-4 sides)-3,Snls,0.96,SG-2984
Tab Make (prepressed-Round)-2,Snls,0.64,SG-2984
Tab Make (prepressed-1 side)-1,Snls,0.18,SG-2984
"Tab Make (prepressed-3 sides, 1 Pcs)-2",Snls,0.355,SG-2984
Tab Make 4 sides-1 (Corners),Snls,0.385,SG-2984
Tab Top (prepressed-1 side)-1,Snls,0.16,SG-4936
Tab Top After Make (3 sides)-2,Snls,0.26,SG-4937
Tab Top 1side SN-2,Snls,0.25,SG-4938
Tab Top 1side SN-2 With Box After Attach,Snls,1.35,SG-4938
Tab Top 1side SN-1,Snls,0.14,SG-4938
Tab Top 1side SN-2 After Attach,Snls,0.27,SG-4931
Tab Top 4sided SN-2,Snls,0.62,SG-4940
Tab Top Stitch(after attach)-2*2,Snls,0.42,SG-9354
Tab Top Stitch SN-2 (4 sides),Snls,0.54,SG-9354
"Bottom Tab Press for Make(3 sides, 1 Pcs)-2 Long",Steam Press,0.38,SG-0441
"Bottom Tab Press for Make(3 sides, 1 Pcs)-2 Small",Steam Press,0.38,SG-0441
Tab Patch Press(5 sides)-2,Steam Press,0.53,SG-0441
Tab Press for Make(3 sides)-1,Steam Press,0.324,SG-0441
Tab Press for Make(3 sides)-2,Steam Press,0.648,SG-0441
Tab Press for Make(4 sides)-1,Steam Press,0.356,SG-0441
Tab Press for Make(4 sides)-2,Steam Press,0.715,SG-0441
Tab Press for Make(5 sides)-1,Steam Press,0.398,SG-0441
Tab Press for Make(5 sides)-2,Steam Press,0.786,SG-0441
Tab Press for Make(3 sides)-1,Steam Press,0.324,SG-0441
Tab Press for Make(3 sides)-2,Steam Press,0.648,SG-0441
Tab Press for Make(4 sides)-1,Steam Press,0.356,SG-0441
Tab Press for Make(4 sides)-2 with Fold,Steam Press,0.715,SG-0441
"Tab Press for Make(4sides, 2Pc)-2 with Fold",Steam Press,0.82,SG-0441
Tab Press for Make(5 sides)-1,Steam Press,0.398,SG-0441
Tab Press for Make(5 sides)-2,Steam Press,0.786,SG-0441
Tab Press For Make(4 sides)-3,Steam Press,1.07,SG-0441
Tab Press for Make(Round)-2,Steam Press,0.83,SG-0441
"Tab Press for Make(3 sides, 1 Pcs)-2 with Fold",Steam Press,0.62,SG-0441
Tab Attach (4 sides)-2,Tnls,1.03,SG-4947
Tab Attach 1side TN-2,Tnls,0.356,SG-4948
Tab Attach 1side TN-2,Tnls,0.356,SG-4948
Tab Make (prepressed-3 sides)-1,Tnls,0.325,SG-2984
Tab Make (prepressed-4 sides)-1,Tnls,0.365,SG-2984
Tab Make (prepressed-4 sides)-2,Tnls,0.6428571428571429,SG-2984
Tab Make (prepressed-5 sides)-1,Tnls,0.445,SG-2984
Tab Make (prepressed-5 sides)-2,Tnls,0.889,SG-2984
Tab Make (prepressed-3 sides)-1,Tnls,0.325,SG-2984
Tab Make (prepressed-3 sides)-2,Tnls,0.6071428571428572,SG-2984
Tab Make (prepressed-4 sides)-1,Tnls,0.365,SG-2984
Tab Make (prepressed-4 sides)-2,Tnls,0.715,SG-2984
Tab Make (prepressed-5 sides)-1,Tnls,0.445,SG-2984
Tab Make (prepressed-5 sides)-2,Tnls,0.889,SG-2984
Tab Make (prepressed-3 sides)-2 TN,Tnls,0.653,SG-2984
Tab Top 1side TN-2,Tnls,0.2857142857142858,SG-4951
Tab Top 1side TN-2 After Attach,Tnls,0.296,SG-4948
Bottom Tab Edge Tracing-2,Tracing Pattern,0.14,SG-4953
Tab Attach Tracing-2,Tracing Pattern,0.1785714285714286,SG-4954
Tab Attach Tracing-2,Tracing Pattern,0.1785714285714286,SG-4954
Tab Attach Tracing-3,Tracing Pattern,0.28,SG-4954
TAB ATTACH Tracing-1,Tracing Pattern,0.09,SG-4954
Tab Make Tracing-1,Tracing Pattern,0.18,SG-9259
Tab Top Tracing-2,Tracing Pattern,0.1785714285714286,SG-4956
TRACING AT TAB FOR ATTACH -1,Tracing Pattern,0.09,SG-9115
Bottom Tab Make(1pcs)-2,WaistBand,0.48,SG-1336
Garment Thread Trimming Before Wash Inside&Outside (Basic/SF),Auto Trimmer,0.52,SG-4959
Garment Thread Trimming Before Wash Inside&Outside (Basic/SF) with Inner Body,Auto Trimmer,0.82,SG-4959
Garment Thread Trimming Before Wash Inside&Outside (Fashion/HF),Auto Trimmer,0.9285714285714287,SG-4959
"Thread Trimming & Inside Cheking(Jeans,Skirt,Short) Auto",Auto Trimmer,0.9821428571428572,SG-4959
"Thread Trimming & Inside Cheking(Jeans, High Fashion) Auto",Auto Trimmer,1.160714285714286,SG-4959
"Thread Trimming & Inside Cheking(Jacket,Vest,Shirt) Auto",Auto Trimmer,1.285714285714286,SG-4959
"Thread Trimming Inside (Jeans,Skirt,Short) Auto",Auto Trimmer,0.82,SG-4959
"Thread Trimming Inside (Jeans, High Fashion) Auto",Auto Trimmer,0.83,SG-4959
"Thread Trimming Inside (Jacket,Vest,Shirt) Auto",Auto Trimmer,0.95,SG-4959
"Thread Trimming Outside With Garment Turning (Jeans,Skirt,Short) Auto",Auto Trimmer,0.95,SG-4959
"Thread Trimming Outside With Garment Turning (Jeans, High Fashion) Auto",Auto Trimmer,1.15,SG-4959
"Thread Trimming Outside With Garment Turning (Jacket,Vest,Shirt) Auto",Auto Trimmer,1.2,SG-4959
Garment Thread Trimming Before Wash Inside&Outside (Basic/SF) Manual,Manual,0.82,SG-4963
Garment Thread Trimming Before Wash Inside&Outside (Fashion/HF) Manual,Manual,1.15,SG-4963
Garment Thread Trimming Before Wash Inside&Outside (Fashion/HF) Workwear,Manual,0.98,SG-4963
Back Pocket Edge Trim-2,Nill,0.1428571428571429,SG-4965
Back Pocket Edge Trim-4,Nill,0.28,SG-4965
Back Pocket Inside Fray Trimming-2,Nill,0.9,SG-4966
Back Pockets Edge Fray Trimming (4 sides),Nill,0.24,SG-4967
Bartack Thread Trimming-1~2,Nill,0.12,SG-4968
Bartack Thread Trimming-4,Nill,0.18,SG-4968
Bottom Extra Thread Fray Trimming (Pant),Nill,0.59,SG-4969
Bottom Fraying Trimming Without Fold (Pant),Nill,0.628,SG-4970
Bottom Fraying Trimming Without Fold (Skirt),Nill,0.628,SG-4970
Bottom slit extra stitches unpick -02,Nill,0.21,SG-4971
Buckle strip extra thread trimming,Nill,0.18,SG-4972
Care Label Thread Trimming,Nill,0.1785714285714286,SG-4984
Chalk Button Thread Trimming-1~2,Nill,0.12,SG-4974
Chalk Button Thread Trimming-3,Nill,0.14,SG-4974
Chalk Button Thread Trimming-4,Nill,0.18,SG-4974
Chalk Button Thread Trimming-5,Nill,0.22,SG-4974
Chalk Button Thread Trimming-6,Nill,0.26,SG-4974
Chalk Button Thread Trimming-7,Nill,0.3,SG-4974
Chalk Button Thread Trimming-8,Nill,0.34,SG-4974
Daungree Pockets Egde Trim-6,Nill,0.85,SG-4975
Destroy Patch Trimming-1 (Level-1),Nill,0.31,SG-4976
Destroy Patch Trimming-2 (Level-1),Nill,0.59,SG-4976
Destroy Patch Trimming-3 (Level-1),Nill,0.83,SG-4976
Destroy Patch Trimming-4 (Level-1),Nill,1.28,SG-4976
Destroy Patch Trimming-1 (Level-2),Nill,0.43,SG-4976
Destroy Patch Trimming-2 (Level-2),Nill,0.81,SG-4976
Destroy Patch Trimming-3 (Level-2),Nill,1.25,SG-4976
Destroy Patch Trimming-4 (Level-2),Nill,1.66,SG-4976
Destroy Patch Trimming-1 (Level-3),Nill,0.79,SG-4976
Destroy Patch Trimming-2 (Level-3),Nill,1.54,SG-4976
Destroy Patch Trimming-3 (Level-3),Nill,2.33,SG-4976
Destroy Patch Trimming-4 (Level-3),Nill,3.11,SG-4976
Elastic Stay Stitch Thread Trimming,Nill,0.1785714285714286,SG-9363
Front Pocket Fry Trimming-1,Nill,0.42,SG-4978
Fusing Remove at Fly,Nill,0.2857142857142858,SG-4979
Garment Turnover Manual For Inside Trimming,Nill,0.21,SG-9014
Hang Sewing Insind Tape Fray Trimming,Nill,0.38,SG-4981
Hang Strip Trimming-2,Nill,0.14,SG-4982
"Inside Thread Trimming & Inside Cheking(Jeans,Skirt,Short) Auto",Nill,0.58,SG-2843
Label Thread Trimming-1,Nill,0.1,SG-4984
Label Thread Trimming-2,Nill,0.17,SG-4984
Label Thread Trimming-3,Nill,0.25,SG-4984
Label Thread Trimming-04,Nill,0.32,SG-4984
Leather Patch Thread Trimming,Nill,0.1785714285714286,SG-4985
Loop Bartack thread trim-2,Nill,0.21,SG-4986
Loop Cutting-2~3,Nill,0.22,SG-4987
Loop Cutting-4,Nill,0.28,SG-4987
Loop Cutting-5,Nill,0.35,SG-4987
Loop Cutting-6,Nill,0.4,SG-4987
Loop Cutting-7,Nill,0.48,SG-4987
Loop Cutting-8,Nill,0.52,SG-4987
Loop Cutting-9,Nill,0.58,SG-4987
Loop Cutting-2~3 (Inserted),Nill,0.22,SG-4987
Loop Cutting-4 (Inserted),Nill,0.28,SG-4987
Loop Cutting-5 (Inserted),Nill,0.35,SG-4987
Loop Cutting-6 (Inserted),Nill,0.4,SG-4987
Loop Cutting-7 (Inserted),Nill,0.48,SG-4987
Loop Cutting-8 (Inserted),Nill,0.52,SG-4987
Loop Cutting-9 (Inserted),Nill,0.58,SG-4987
Loop Cutting-1 (Inserted),Nill,0.09,SG-4987
"Loop Cutting-5 (Inserted, Small Loop Upto 3 cm)",Nill,0.91,SG-4987
Loop Cutting-1 After Printing,Nill,0.15,SG-4987
Loop/Dori/Elastic Insert at Bottom Hem-2,Nill,0.91,SG-4989
Loop Unpick and thread Remove-2,Nill,0.25,SG-4990
Main Label Thread Trimming,Nill,0.1785714285714286,SG-9355
"Re Trimming (Jeans,Skirt,Short)",Nill,0.78,SG-4992
"Re Trimming (Jacket,Vest,Shirt)",Nill,0.98,SG-4992
Reinforcement Patch Trimming - 01,Nill,0.1,SG-4993
Reinforcement Patch Trimming - 02,Nill,0.2,SG-4993
Reinforcement Patch Trimming - 03,Nill,0.28,SG-4993
Reinforcement Patch Trimming - 04,Nill,0.38,SG-4993
Reinforcement Patch Trimming - 05,Nill,0.44,SG-4993
Reinforcement Patch Trimming - 06,Nill,0.6,SG-4993
Reinforcement Patch Trimming - 07,Nill,0.7,SG-4993
Reinforcement Patch Trimming - 08,Nill,0.73,SG-4993
Reinforcement Patch Trimming - 09,Nill,0.79,SG-4993
Reinforcement Patch Trimming - 10,Nill,0.88,SG-4993
Reinforcement Patch Trimming - 12,Nill,1.12,SG-4993
Reinforcement Patch Trimming - 12 (Re Trimming),Nill,0.4285714285714286,SG-4993
Reinforcement Patch Trimming - 60,Nill,5.17,SG-4993
Reinforcement Patch Trimming - 40,Nill,3.72,SG-4993
Size Label Thread Trimming,Nill,0.1785714285714286,SG-9355
THREAD TRIM ARM HOLE TOP-2,Nill,0.18,SG-9018
Thread Trim Back Bib Join Top,Nill,0.13,SG-4996
Thread Trim Back Cargo Pocket Pleats-2*2,Nill,0.29,SG-9356
Thread Trim Back Panels-2,Nill,0.1785714285714286,SG-4998
Thread Trim Back Panels-3,Nill,0.27,SG-4998
Thread Trim Back Panels-4,Nill,0.36,SG-4998
Thread Trim Back Panels-2,Nill,0.1785714285714286,SG-4998
Thread Trim Back Panels-2 Jkt,Nill,0.1785714285714286,SG-4999
Thread Trim Back Panels-1 Jkt,Nill,0.1785714285714286,SG-4999
Thread Trim Back Panels Top-2,Nill,0.13,SG-4998
Thread Trim Back Pleats Top-2,Nill,0.13,SG-5001
Thread Trim Back Pleats Top-1,Nill,0.07,SG-5001
Thread Trim Bib Side Hem-2,Nill,0.13,SG-9357
Thread Trim Bottom Hem,Nill,0.13,SG-5003
Thread Trim Cargo Pocket Pleats-2*2,Nill,0.29,SG-9356
Thread Trim Collar Band Top-2,Nill,0.156,SG-5005
Thread Trim Facing Join Top-1,Nill,0.07,SG-5006
Thread Trim Fly Edge-1,Nill,0.07,SG-5007
THREAD TRIM FOR BIB PLEAT TOP-2,Nill,0.19,SG-5008
Thread Trim Front Bib Join Top,Nill,0.13,SG-5009
Thread Trim Front Bib Pocket Pannel Join,Nill,0.13,SG-3177
Thread Trim Front Bib Side Hem-2,Nill,0.13,SG-9357
Thread Trim Front Panel Deco Stitch-1,Nill,0.07,SG-9362
Thread Trim Front Panel Edge-1,Nill,0.07,SG-5013
Thread Trim Front Panels-2,Nill,0.1785714285714286,SG-5014
Thread Trim Front Panels-4,Nill,0.3214285714285715,SG-5014
THREAD TRIM FRONT PANELS-2,Nill,0.1785714285714286,SG-5014
Thread Trim Front Panels-2,Nill,0.1785714285714286,SG-5014
Thread Trim Front Panels-2 Jkt,Nill,0.1785714285714286,SG-5014
Thread Trim Front Panels 2nd join-2,Nill,0.18,SG-5014
Thread Trim Front Panels Top-2,Nill,0.2,SG-5014
Thread Trim Front Patch Top(Saddle Stitch),Nill,0.18,SG-5018
Thread Trim Front Placket-2,Nill,0.18,SG-5019
Thread Trim Front Pleats Top-2*2,Nill,0.29,SG-5020
Thread Trim Front Pleats Top-2,Nill,0.13,SG-5020
Thread Trim Front Pocket Bag-2,Nill,0.176,SG-3177
Thread Trim Front Yoke-2,Nill,0.18,SG-9358
Thread Trim Front Yoke-2 2nd,Nill,0.18,SG-9358
Thread Trim Loop WB,Nill,0.1071428571428572,SG-5024
Thread Trim Outseam,Nill,0.18,SG-9359
Thread Trim Outseam Fell,Nill,0.35,SG-9359
Thread Trim Pleats Top-2*2,Nill,0.22,SG-5027
Thread Trim Shoulder-2,Nill,0.18,SG-5028
Thread Trim Shoulder-4,Nill,0.3,SG-5028
Thread Trim Side Seam,Nill,0.24,SG-5029
Thread Trim Sleeve Arm Hole-2,Nill,0.18,SG-9130
Thread Trim Sleeve Panel join-4,Nill,0.42,SG-9130
Thread Trim Sleeve Panels Join-2,Nill,0.23,SG-9130
Thread Trim Sleeve Panels 2nd Join-2,Nill,0.18,SG-9130
Thread Trim Sleeve Pleat-2,Nill,0.18,SG-9130
Thread Trim Waist band,Nill,0.12,SG-9019
Thread Trim Waist band And Cuff-2,Nill,0.212,SG-9019
Thread Trim Waist Band Deco Stich (TNCS),Nill,0.07,SG-5037
Thread Trim Waist Band Deco Stich (TNLS),Nill,0.08,SG-5037
Thread Trim Waist Band Deco Stitch-2 TN,Nill,0.18,SG-9019
Thread Trim Waist Band Joint(Hidden stich)TN,Nill,0.07,SG-9019
Thread Trim Waist band Top,Nill,0.12,SG-9019
Thread Trim Waist band Top 2nd,Nill,0.12,SG-9019
Thread Trim Welt Pocket Top-2,Nill,0.1785714285714286,SG-5042
THREAD TRIM YOKE PANEL JOIN TOP-4,Nill,0.36,SG-5043
Thread Triming Back Pocket Deco Stitch-1,Nill,0.07,SG-5044
Thread Triming Front Pocket Deco Stitch-1,Nill,0.07,SG-9362
Thread Triming Watch Pocket Deco Stitch-1,Nill,0.07,SG-5046
Thread Triming Yoke Deco Stitch-1,Nill,0.07,SG-5047
Thread Trimming Back Flap Top-2,Nill,0.1785714285714286,SG-5066
Thread Trimming Back Panel-1,Nill,0.1,SG-5049
Thread Trimming Back Pocket Dart Top-2,Nill,0.13,SG-9182
Thread Trimming Back Pocket Hem,Nill,0.13,SG-5051
Thread Trimming Back Pocket Hem-1,Nill,0.07,SG-5051
THREAD TRIMMING BACK POCKET JOIN TOP- 1,Nill,0.07,SG-9182
Thread Trimming Back Pocket Pleat Top- 1,Nill,0.07,SG-9182
Thread Trimming Back Rise,Nill,0.1,SG-5054
Thread Trimming Back Rise Safety,Nill,0.1785714285714286,SG-5055
Thread Trimming Back Yoke-1,Nill,0.1,SG-9360
Thread Trimming Back Yoke-1 2nd,Nill,0.1,SG-9360
Thread Trimming Back Yokes with Excess Trim-2,Nill,0.26,SG-5058
Thread Trimming Back Yokes-2,Nill,0.2142857142857143,SG-5058
THREAD TRIMMING CINCH LOOP-2,Nill,0.13,SG-5059
Thread Trimming Collar Close,Nill,0.08,SG-5060
Thread Trimming Collar Top,Nill,0.08,SG-9361
Thread Trimming Crotch,Nill,0.08,SG-5062
THREAD TRIMMING DART TOP-2,Nill,0.13,SG-9361
Thread Trimming Facing Pleat Top- 2,Nill,0.13,SG-5064
Thread Trimming Facing Pleat Top- 1,Nill,0.07,SG-5064
Thread Trimming Flap Attach-1Side,Nill,0.07,SG-5065
Thread Trimming Flap Top-2,Nill,0.1785714285714286,SG-5066
Thread Trimming Flap Top-1,Nill,0.1,SG-5066
Thread Trimming Flap Top-4,Nill,0.3571428571428572,SG-5066
Thread Trimming Flap Top-2 2nd,Nill,0.1785714285714286,SG-5066
Thread Trimming Front Bib Deco Stitch-1 TN,Nill,0.13,SG-9362
THREAD TRIMMING FRONT PLEAT TOP- 1,Nill,0.07,SG-9182
Thread Trimming Front Pocket Hem,Nill,0.13,SG-5070
Thread Trimming Front Pocket Hem-1,Nill,0.07,SG-5070
Thread Trimming Front Pocket Hem-2,Nill,0.13,SG-5070
Thread Trimming Front Pocket Hem,Nill,0.13,SG-5070
Thread Trimming Front Pocket Join-2,Nill,0.13,SG-5071
Thread Trimming Front Pocket Pleat Top- 1,Nill,0.07,SG-9182
Thread Trimming Front Rise,Nill,0.1,SG-5073
Thread Trimming Hang Top,Nill,0.13,SG-9361
Thread Trimming Hip Stitch,Nill,0.18,SG-9363
Thread Trimming Inseam With Dispose,Nill,0.21,SG-5076
Thread Trimming Inseam,Nill,0.1785714285714286,SG-5076
Thread Trimming Inseam Patch,Nill,0.11,SG-5076
Thread Trimming J-Stitch,Nill,0.07,SG-9363
Thread Trimming Outseam Busted Top,Nill,0.18,SG-9182
Thread Trimming Sleeve Vent-2,Nill,0.18,SG-5080
Thread Trimming Tab Top-2,Nill,0.1785714285714286,SG-9361
Thread Trimming Watch Pocket Attach-1Side,Nill,0.07,SG-5082
Thread Trimming Watch Pocket Attach-2Side,Nill,0.13,SG-5082
Thread Trimming Watch Pocket Hem,Nill,0.07,SG-5083
Thread Trimming Watch Pocket Hem-2,Nill,0.13,SG-5083
Thread Trimming Watch Pocket Hem-2,Nill,0.13,SG-5083
Thread Trimming Watch Pocket Hem(2nd),Nill,0.07,SG-5083
Thread Trimming Welt Pocket Top-2,Nill,0.19,SG-5084
Thread Trimming Welt Pocket Top-1,Nill,0.1071428571428572,SG-5084
Thread Trimming Yoke Dart-2,Nill,0.13,SG-9360
Thread Trimming Yoke Pleat-1,Nill,0.07,SG-9360
Thread Trimming Yoke Pleats-2,Nill,0.13,SG-9360
Thread Trimming Yokes & Rise,Nill,0.18,SG-5088
Thread Trimming Yokes Safety,Nill,0.1785714285714286,SG-5089
THREAD TRIMMNG BIB DECO STITCH-2,Nill,0.13,SG-9364
Thread Trimmng Front Deco Stitch-2,Nill,0.13,SG-9362
Thread Trimmng W.B Deco Stitch-2,Nill,0.13,SG-9364
Watch Pocket Edge Trim-1,Nill,0.1428571428571429,SG-5093
Watch Pocket Edge Trim-2,Nill,0.26,SG-5093
Welt Pocket Bag Thread Trim(4corners)-2,Nill,0.13,SG-5094
Welt Pocket Inner Patch Secure Thread Trim,Nill,0.321,SG-5095
Cuff Press 1Side (By Folder)-2,Auto Press,0.84,SG-5099
Piping Press(By Folder) 2nd,Auto Press,0.75,SG-5097
Piping Press(By Folder) 1st,Auto Press,0.75,SG-5097
Placket Press 1Side (By Folder)-1,Auto Press,0.65,SG-5099
Placket Press 1Side (By Folder)-1 Long,Auto Press,0.84,SG-5099
Placket Press 1Side (By Folder)-1 Long 2nd,Auto Press,0.84,SG-5099
Placket Press 1Side (By Folder)-1 2nd,Auto Press,0.65,SG-5099
Side Loop Press Straight (By Folder),Auto Press,0.22,SG-0064
Waist Band Fuse - (Single Pc Straight),Auto Press,0.35,SG-0064
Waist Band Fuse - (Single Pc Straight),Auto Press,0.35,SG-0064
Waist Band Fuse(Front & Back)-2*2,Auto Press,0.64,SG-0064
Waist Band Fuse(Front )-1*1,Auto Press,0.32,SG-0064
Waist Band Fuse-(Auto Press)Contur 2 pc,Auto Press,0.216,SG-0064
Waist Band Fuse-(Auto Pr.)Contur 2 pc(Separate),Auto Press,0.65,SG-0064
Waist Band Fuse-(Auto Pr.)Contur 2 pc(Separate),Auto Press,0.65,SG-0064
Waist Band Fuse-(Auto Pr.)Contur 2 pc(Separate) 2Parts,Auto Press,0.75,SG-0064
Waist Band Fuse-(Auto Pr.)Contur 2 pc(Separate) 2Parts 1side Double With Patch Fuse,Auto Press,0.85,SG-0064
Waist Band Fuse-(Auto Pr.)Contur 2 pc(Separate) Special Fusing,Auto Press,0.78,SG-0064
Waist Band Fuse-(Single Pc)-Extra Part,Auto Press,0.22,SG-0064
Waist Band Fuse internal Part Front Lining,Auto Press,0.32,SG-0064
Waist Band Fuse internal Part Front Lining 2nd,Auto Press,0.32,SG-0064
Waist Band Fuse(Front & Back)-2*2 Large 2Parts,Auto Press,1.12,SG-0064
Waist Band Fuse - (Single Pc Straight) 2Parts,Auto Press,0.44,SG-0064
Waist Band Fuse - (Single Pc Straight) 2Parts,Auto Press,0.44,SG-0064
Waist Band Fuse - (Single Pc Straight) 2Parts Split,Auto Press,0.41,SG-0064
Waist Band Fuse - (Single Pc Straight) 2Parts Tab,Auto Press,0.44,SG-0064
Waist Band Fuse-(Auto Press) 6 pc Separate,Auto Press,0.63,SG-0064
Waist Band Fuse - (Single Pc Straight) Special Fusing,Auto Press,0.41,SG-0064
Waist Band Press by Folder (6 pcs Contur),Auto Press,0.64,SG-0064
Waist Band Press-(Auto Press)Contur 2 pc,Auto Press,0.203,SG-0064
Waist Band Press-(Auto Press)Contur 2 pc,Auto Press,0.203,SG-0064
Waist Band Press Front 1Side Lining,Auto Press,0.33,SG-0064
Waist Band Press 1Side (By Folder)-2,Auto Press,0.74,SG-0064
Waist Band Press 1Side (By Folder) Long,Auto Press,0.84,SG-0064
Waist Band Press Straight (By Folder),Auto Press,0.51,SG-0064
Waist Band Press Straight (By Folder) Long,Auto Press,0.78,SG-0064
Waist Band Bartck-1,Bartack,0.08,SG-0066
Waist Band Inner Button Hole-2,Eyelet Button Hole,0.256,SG-0124
Button Hole Elastic Insertion(4 Button hole),Nill,0.43,SG-5127
Elastic Trim For Waist Band,Nill,0.1428571428571429,SG-5128
Elastic Trim For Waist Band Afterwash with Roll Open,Nill,0.21,SG-5129
Waist Band Attach Center Notch,Nill,0.17,SG-5130
Waist Band Corner Trim-2,Nill,0.2,SG-9023
WAIST BAND CORNER TURN,Nill,0.2,SG-9023
Waist Band V-Shape Corner Turn,Nill,0.17,SG-9023
Waist Band V-Shape Trim & Cut,Nill,0.23,SG-5134
Waist Band V-Shape Trim & Cut,Nill,0.23,SG-5134
Waist Band V-Shape Turn,Nill,0.25,SG-5135
Waist Band V Trim,Nill,0.2142857142857143,SG-5136
Waist Band O/L-(2pc-Separately),O/L,0.311,SG-5137
Waist Band O/L-(1pc-Straight),O/L,0.19,SG-5137
Waist Band O/L 1Side (1pc-Contur),O/L,0.287,SG-5138
Waist Band Panels side O/L- (8 Sides),O/L,0.416,SG-5139
Waist Band Trim-(Contur 2pc-Medium),O/L,0.15,SG-0335
Waist Band Trim-(Contur 6cm with Strip),O/L,0.206,SG-0335
Waist Band Trim-(Contur 2pc-Large),O/L,0.159,SG-0335
Waist Band Trim-(Contur 2pc-Small),O/L,0.141,SG-0335
Waist Band Trim-(Contur 2pc),O/L,0.16,SG-0335
Waist Band Trim 1Pcs (Straight),O/L,0.15,SG-0335
Waist Band Trim-(Contur 2pc) Small Group,O/L,0.155,SG-0335
Waist rib ring make-1,O/L,0.26,SG-5143
Waist Band Strip Top Stitch Saddle,Saddle Stitch,0.38,SG-3294
WaistBand Saddle Stitch Allaround(wd trim),Saddle Stitch,0.56,SG-3294
Bottom Band Panel Join-2,Snls,0.31,SG-5146
Braid Loop Attach 2Sided With U Shape Ends Horizontal at Waistband,Snls,2.25,SG-9038
Button Hole Elastic Insertion & Tacking-2,Snls,0.56,SG-5148
Cotton Tape attach to Waist Band -(Bort Sides),Snls,0.498,SG-9068
Elastic Tacking At Waist Band-2,Snls,0.25,SG-5150
Elastic Tacking At Waist Band-1,Snls,0.12,SG-5150
Elastic Tacking At Waist Band-3,Snls,0.3571428571428572,SG-5150
Elastic Tacking At Waist Band-4,Snls,0.4285714285714286,SG-5150
Elastic Tacking At Waist Band-4 with Edge Fold,Snls,0.65,SG-5150
Elastic Tacking At Waist Band & Stay Stitch with Fold-4,Snls,0.68,SG-0444
Elastic Tacking At Waist Band & Stay Stitch with Fold-3,Snls,0.51,SG-0444
Elastic Tacking At Waist Band & Stay Stitch with Fold-6,Snls,0.75,SG-0444
Elastic Tacking At Waist Band & Stay Stitch with Fold-4 2nd,Snls,0.68,SG-0444
Elastic Tacking At Waist Band-3 2nd,Snls,0.3571428571428572,SG-9089
Front Plkt Corner Make (Hidden)-2 Btm Side Box Stitch After Ring Attach,Snls,4.5,SG-9347
Rib Stay Stitch With Fold (After Make) - 1,Snls,0.27,SG-0444
Rib/Waist Band Stay Stitch(front),Snls,0.46,SG-0444
Waist Band Close Stay Stitch-10 Water Thread,Snls,1.48,SG-0444
Waist Band Close/Top Stitch (All Around),Snls,1.32,SG-9059
Waist Band Corner Make-2 (Hidden Stitch),Snls,0.316,SG-5158
Waist Band Corner Make-2 (Inner Stitch),Snls,0.316,SG-5158
Waist Band Deco Box Stitche-2,Snls,0.72,SG-9087
Waist Band Deco Stitch-SN(vertical),Snls,0.13,SG-9087
Waist Band Deco Stitch Straight-1,Snls,0.18,SG-9085
Waist Band Deco Stitch Straight-1 Assembly Heavy Joints,Snls,0.85,SG-9085
Waist Band Deco Stitches-3(vertical),Snls,0.31,SG-5163
Waist Band Deco Stitches-4(vertical),Snls,0.52,SG-5163
Waist Band Elastic ring close with panel fold,Snls,0.326,SG-9058
Waist Band Hem S/F 1Side Manual (1pc-Contur),Snls,0.4521,SG-5165
Waist Band Join-(Contur 2pc-Medium),Snls,0.174,SG-5166
Waist Band Join- (Contur 6 pcs),Snls,0.38,SG-5166
Waist Band Join- (Contur 4 pcs),Snls,0.32,SG-5166
Waist Band Join-(Contur 2pc-Large),Snls,0.182,SG-5166
Waist Band Join-(Contur 2pc-Small),Snls,0.166,SG-5166
Waist Band Join -(Contur 4 pcs with V at Back),Snls,0.412,SG-5166
Waist Band Join With Sides-(Contur 6pcs),Snls,0.53,SG-5166
Waist Band Join(With 2 Joint Match),Snls,0.422,SG-5166
WAIST BAND JOIN 2PCS(INNER PART ELASTIC),Snls,0.48,SG-5166
Waist Band Join-(contur 2pc) Small Group,Snls,0.168,SG-5166
Waist Band Joint(Hidden stitch) with Busted Stay Stitch,Snls,0.61,SG-0444
Waist Band Make Manual Seperate-1,Snls,1,SG-5170
Waist Band Make-1 Side folder,Snls,0.47,SG-9086
Waist Band Panels Join (6 pcs - 4 Joins),Snls,0.498,SG-5172
Waist Band Panels Join (4 pcs - 2 Joins),Snls,0.367,SG-5172
Waist Band Panels Join (2pcs-1 Join) with Busted Stay Stitch For Large WB,Snls,0.65,SG-0444
Waist Band Panels Join (2 pcs - 1 Join) With Busted Stay Stitch,Snls,0.25,SG-0444
Waist Band Panels Join (2 pcs),Snls,0.489,SG-5172
Waist Band Panels Join(8pcs-6Joints),Snls,0.76,SG-5172
Waist Band Panels Join-1 with Busted Stay Stitch For Large WB,Snls,0.35,SG-0444
Waist Band Panels Join with Strip Insertion,Snls,0.3571428571428572,SG-5172
Waist Band Panels Join (2 pcs) 2nd small Part,Snls,0.32,SG-5172
Waist Band Panels Join Top Stitch-SN,Snls,0.45,SG-9090
Waist Band Panels Join Top Stitch-SN Assembly,Snls,0.9,SG-9090
Waist Band Panels Stay Stitch-2,Snls,0.24,SG-0444
Waist Band Piping Attach (with trim),Snls,0.315,SG-5177
Waist Band Piping Attach,Snls,0.32,SG-5177
Waist Band Piping Make With Cord,Snls,0.35,SG-5178
WAIST BAND PIPING MAKE,Snls,0.22,SG-5178
Waist Band Piping Make-Inseterd Cord,Snls,0.36,SG-5178
Waist Band Pleat Make-4,Snls,0.62,SG-5180
Waist Band Ring Joint Top-1,Snls,0.17,SG-5181
Waist Band Ring Make-1,Snls,0.22,SG-5181
Waist Band Ring Make-1 With Busted Stay Stitch,Snls,0.36,SG-0444
Waist Band Ring Make & Top-1,Snls,0.38,SG-5181
Waist Band Service Stitch With Elastic-5,Snls,0.44,SG-9093
Waist Band Stay Stitch-1,Snls,0.12,SG-0444
Waist Band Stay Stitch-2,Snls,0.22,SG-0444
Waist Band Stay Stitch-3,Snls,0.3,SG-0444
Waist Band Stay Stitch-1 Water Thread,Snls,0.1785714285714286,SG-0444
Waist Band Stay Stitch-2 water thread With Edge Fold,Snls,0.42,SG-0444
Waist Band Stay Stitch-3 water thread With Edge Fold,Snls,0.51,SG-0444
Waist Band Stay Stitch-4 water thread With Edge Fold,Snls,0.61,SG-0444
Waist Band Stay Stitch-5 water thread With Edge Fold,Snls,0.75,SG-0444
Waist Band Stay Stitch-9 water thread With Edge Fold,Snls,1.35,SG-0444
Waist Band Strip Attach,Snls,0.234,SG-9068
Waist Band Top St 3-sides (2 corners),Snls,1.32,SG-1055
Waist Band Twill Tape Attach with Trim,Snls,0.49,SG-9068
Waist Band Twill Tape Top (After Attach),Snls,0.33,SG-1055
Waist Band V-Shape Make,Snls,0.36,SG-5191
Waist Band V-Shape Make,Snls,0.36,SG-5191
Waist Elastic Ring Make-1,Snls,0.2,SG-5192
Waist Rib Center Patch Join 2Sides-1,Snls,0.36,SG-5193
Waist Band Inner Button Hole-2,St/Button Hole,0.256,SG-0124
Waist Band Inner Button Hole-2,St/Button Hole,0.26,SG-0124
Waist Band Inner Button Hole-2*2,St/Button Hole,0.48,SG-0124
Bottom Band Press Manual-2(2side),Steam Press,0.6428571428571429,SG-0441
Bottom Band Press Manual-2(2side)Skirt,Steam Press,0.72,SG-0441
Waist Band Busted Join Press with V-Shape,Steam Press,0.39,SG-0440
Waist Band conture press,Steam Press,0.286,SG-0441
Waist Band conture press(Manual),Steam Press,0.286,SG-0441
Waist Band Conture Press,Steam Press,0.36,SG-0441
Waist Band conture press(Manual) With Sides,Steam Press,0.42,SG-0441
Waist Band Lining Piping Press Straight,Steam Press,0.77,SG-0441
Waist Band Panels Join Press (4 Joins),Steam Press,0.28,SG-0441
Waist Band Panels Join Press (2 Joins),Steam Press,0.22,SG-0441
Waist Band Panels Join Press (1 Join),Steam Press,0.11,SG-0441
Waist Band Panels Joint Press(6Joints),Steam Press,0.41,SG-0441
Waist Band Panels Press Contour-2pcs,Steam Press,2.5,SG-0441
Waist Band Press-(Manual-2 side),Steam Press,0.76,SG-0441
Waist Band Press-(Manual),Steam Press,0.721,SG-0441
Waist Band Press-(Manual-1 side),Steam Press,0.525,SG-0441
Waist Band Press-(1 Pc 2-sides Manual),Steam Press,0.479,SG-0441
Waist Band Press 2pcs-2Side(Curve At Corner),Steam Press,1.05,SG-0441
Waist Band Press-S/F,Steam Press,0.29,SG-0441
Waist Band Chain Stitch Allaround,Tncs,0.391,SG-5206
Waist Band Close/Top Stitch (All Around),Tncs,1.78,SG-5207
Waist Band Close/Top Stitch (All Around) with Pre Stay Stitches,Tncs,0.82,SG-5207
Waist Band Edge Top Stitch (All Around) Pre water thread,Tncs,1.65,SG-1095
Waist Band Joint(Hidden CS-stitch),Tncs,0.38,SG-5209
Bottom Band Panel Top-2,Tnls,0.24,SG-5210
Waist Band Deco Stitch-TN(vertical),Tnls,0.18,SG-9099
Waist Band Inner Tape Attach-TN With Trim,Tnls,0.62,SG-5212
Waist Band Joint(Hidden stitch)TN,Tnls,0.36,SG-5213
Waist Band Pleat Top Stitch-5 TN,Tnls,0.52,SG-5214
Bottom Elastic Center Tracing-2,Tracing Pattern,0.16,SG-5215
Bottom Ring Tracing For Tacking-2,Tracing Pattern,0.16,SG-5216
Bottom Strip attach Tracing,Tracing Pattern,0.2857142857142858,SG-9103
Braid Loop Attach Tracing At Waist Band,Tracing Pattern,0.2142857142857143,SG-5221
Elastic Center Tracing For Tacking-3,Tracing Pattern,0.24,SG-5219
Elastic Tacking Tracing At Waist Band-3,Tracing Pattern,0.1785714285714286,SG-5220
Elastic Tacking Tracing At Waist Band-5,Tracing Pattern,0.28,SG-5220
Elastic Tacking Tracing At Waist Band-4,Tracing Pattern,0.2142857142857143,SG-5220
Waist Band Attach Tracing(Front & Back),Tracing Pattern,0.32,SG-5221
Waist Band Attach Tracing (For Manual),Tracing Pattern,0.3571428571428572,SG-5221
Waist Band Attach Tracing (For Manual) Jacket Assembly,Tracing Pattern,0.55,SG-5221
Waist Band Button Hole Tracing(front),Tracing Pattern,0.1785714285714286,SG-9365
Waist Band Corner Make Tracing V-shape,Tracing Pattern,0.4285714285714286,SG-1311
Waist Band Deco Stitch Tracing-1,Tracing Pattern,0.15,SG-9123
Waist Band Inner Button Hole Tracing,Tracing Pattern,0.2,SG-9365
Waist Band Join Tracing With Sides(3 Parts Separate Tracing),Tracing Pattern,0.37,SG-9125
Waist Band Pleat Make Tracing-4,Tracing Pattern,0.3928571428571429,SG-9125
Waist Band Tracing Inner Part For Fold,Tracing Pattern,0.21,SG-9125
Waist Band V Tracing,Tracing Pattern,0.186,SG-9125
Waistband attach Tracing(SSBSE),Tracing Pattern,0.13,SG-5231
Waistband attach Tracing(SSBSE),Tracing Pattern,0.186,SG-5231
Waistband Attach Tracing-7,Tracing Pattern,0.26,SG-5231
Waistband attach Tracing(SSBSE) Contour,Tracing Pattern,0.18,SG-5232
Waistband attach Tracing(SSBSE) Contour,Tracing Pattern,0.186,SG-5232
Waistband attach Tracing(SSBSE) 5Point,Tracing Pattern,0.18,SG-9113
"Waist Band Attach. (2 pcs,tucking)",WaistBand,0.808,SG-1336
Waist Band Attach.-(1pcs with piping),WaistBand,0.81,SG-1336
Waist Band Attach - (2 Pcs with Piping),WaistBand,0.856,SG-1336
Waist Band Attach-(2pc Folder-No Tucking),WaistBand,0.6,SG-1336
"WAIST BAND ATTACH (2 PCS,1SIDE TUCKING)",WaistBand,0.78,SG-1336
Waist Band Attach - 1 Pc (tucking),WaistBand,0.709,SG-1336
Waist Band Attach - 1 Pc (embro/printing),WaistBand,0.775,SG-1336
Waist Band Attach. -2 pcs Contur(embro/printing),WaistBand,0.846,SG-1336
Waist Band Close/Top Stitch (All Around) with Pre Stay Stitches,WaistBand,0.82,SG-1336
Waist Band Make-1 (1Pc),WaistBand,0.32,SG-1336
Waist Band Panels Join Top Stitch-ZigZag With Trim,Zig Zag,0.98,SG-1375
Watch Pocket Mock St. (2 Lines),Auto Mock,0.22,SG-1943
Watch Pocket Bartack-1,Bartack,0.083,SG-0066
Watch Pocket Bartack-2,Bartack,0.142,SG-0066
Watch Pocket Bartack-2 Label Handling,Bartack,0.18,SG-0066
Watch Pocket Hem Bartack-1,Bartack,0.08571428571428572,SG-0066
Watch Pocket Button Hole-1,Eyelet Button Hole,0.13,SG-0124
Cut Notches At Watch Pocket-2,Nill,0.14,SG-5247
CUT NOTCHES AT WATCH POCKET-3,Nill,0.17,SG-5247
Leather Patch Trim-1 (Mitered),Nill,0.312,SG-5248
Trim Watch Pocket Binding,Nill,0.08,SG-5249
Trim Watch Pocket Binding-1,Nill,0.08,SG-5249
Watch Pocket Cut Notches,Nill,0.13,SG-5247
Watch pocket Leather Trim-1,Nill,0.1,SG-5251
Watch Pocket Strip Trim (Round)-1,Nill,0.19,SG-5252
Watch Pocket Turn 1 Corner,Nill,0.14,SG-9366
Watch Pocket Turn 2Corners,Nill,0.16,SG-9366
Front Pocket facing O/L-2,O/L,0.172,SG-0331
Front Pocketkt Facing O/L-2*2,O/L,0.36,SG-0331
Trim Facing-1,O/L,0.061,SG-0331
Trim Facing-2,O/L,0.122,SG-0331
Watch Pocket Edge Secure Curve,O/L,0.1071428571428572,SG-0331
Watch Pocket Hem Secure-1,O/L,0.063,SG-0331
Watch Pocket Hem Secure -2,O/L,0.13,SG-0331
Watch Pocket Hem Secure -1 (Left),O/L,0.05357142857142858,SG-0331
"Watch Pocket Hem Secure -1(2Sided,Round)",O/L,0.07142857142857144,SG-0331
Watch Pocket Hem Strip Secure-1,O/L,0.063,SG-0331
WATCH Pocket PANEL EDGE SECURE-1,O/L,0.08,SG-0331
"Watch Pocket Panels Edge Secure-1(2Sided,Round)",O/L,0.13,SG-0331
Watch Pocket Panels Join(straight)-1,O/L,0.15,SG-5263
Watch Pocket panels sec-2,O/L,0.152,SG-5264
Watch Pocket Secure Allaround,O/L,0.17,SG-0331
Watch Pocket Secure-2 Sides 1,O/L,0.152,SG-0331
Watch Pocket Secure-1 Sides 1,O/L,0.152,SG-0331
Watch Pocket Hem (Auto)-1 (Auto Trim),Pocket Hemmer,0.06,SG-1991
Watch Pocket Hem (Auto)-1 (Manual Trim),Pocket Hemmer,0.093,SG-1991
Watch Pocket Hem (Auto)-2 (Auto Trim),Pocket Hemmer,0.11,SG-1991
Watch Pocket Hem (Auto)-2 (Manual Trim),Pocket Hemmer,0.17,SG-1991
Watch Pocket Hem Press-1 (Single Fold),Press,0.104,SG-0441
Watch Pocket Hem With Trim(S/F)-1,Saddle Stitch,0.24,SG-5269
Watch Pocket Hem With Trim(S/F)-1,Saddle Stitch,0.1964285714285715,SG-5269
Facing Deco Stitch Mitered-SN(fake watch Pocket),Snls,0.28,SG-9337
Front Pocket Facing stay stitch-2,Snls,0.2,SG-0444
Front Pocket Facing stay stitch-2*2,Snls,0.4,SG-0444
Leather Patch Attach At Watch Pocket(after wash),Snls,0.71,SG-4287
Watch Pocket Attach-1 (2 side stay st to facing),Snls,0.25,SG-5370
Watch Pocket Attach-(Rectangle),Snls,0.336,SG-5370
Watch Pocket Attach-(Mitered)-1,Snls,0.25,SG-5370
Watch Pocket Attach-(Mitered) with upsitch-1,Snls,0.3,SG-5370
Watch Pocket Attach-1 (1Side SN),Snls,0.14,SG-5370
Watch Pocket Attach (1Side Hidden),Snls,0.13,SG-5370
Watch Pocket Attach With Label,Snls,0.39,SG-5370
Watch Pocket Attach & Top mitered (box)-SN,Snls,0.49,SG-5370
Watch Pocket Attach At Panel 1Side(Pre Attach 1Side),Snls,0.32,SG-5370
Watch Pocket Attach at Panel(mitered)-SN,Snls,0.42,SG-5370
Watch Pocket Attach-(Mitered) at Waist Band,Snls,0.68,SG-5370
Watch Pocket Attach-Curve (1 Corner),Snls,0.338,SG-5370
WATCH Pocket Attach CURVE (1 CORNER)-2,Snls,0.61,SG-5370
Watch Pocket Attach-1 (Straight) Prepressed to Fashion Strip,Snls,0.22,SG-5370
WATCH POCKET Attach 1SIDE(PRE Attach 1SIDE),Snls,0.18,SG-5370
Watch Pocket Attach 1Side(with corner triangle),Snls,0.27,SG-5370
Watch Pocket Attach 1Side(Pre Attach 1Side) U Shape,Snls,0.24,SG-5370
Watch Pocket Attach-(D/S)-SN,Snls,0.258,SG-5370
Watch Pocket Attach-(1Side)SN Without Press,Snls,0.11,SG-5370
Watch Pocket Attach-(D/S)-SN Without Press,Snls,0.18,SG-5370
Watch Pocket Attach-(D/S)-SN Without Press with Upstitch-1,Snls,0.22,SG-5370
Watch Pocket Attach U Shape -1(1Side SN),Snls,0.26,SG-5370
"Watch Pocket Attach(2Side,1Corner)SN",Snls,0.22,SG-5370
"Watch Pocket Attach(2Side,1Corner)SN",Snls,0.28,SG-5370
Watch Pocket Cord Strip Attach,Snls,0.17,SG-5328
Watch Pocket Corner Top(2Side)-SN,Snls,0.21,SG-5287
Watch Pocket Deco Stitch-1 (U Shape),Snls,0.201,SG-5288
Watch Pocket Deco Stitch-1 (Box Stitch),Snls,0.26,SG-5288
Watch Pocket Deco Stitch(Curve)-1 SN,Snls,0.19,SG-9370
Watch Pocket Deco Stitch-2 Stitches(Straight),Snls,0.201,SG-5290
Watch Pocket Deco Stitch-2 Stitches(curve),Snls,0.25,SG-5290
Watch Pocket Deco Stitches-11 (staight),Snls,0.77,SG-9370
Watch Pocket Edge Stay Stitch-1,Snls,0.13,SG-0444
Watch Pocket Fashion Stitch,Snls,0.164,SG-9371
Watch Pocket Flap attach-1,Snls,0.169,SG-1132
Watch Pocket Hem-1 (Single Fold),Snls,0.13,SG-5269
Watch Pocket Hem-1 (Fashion),Snls,0.202,SG-5269
Watch Pocket Hem With Leather Strip Fold,Snls,0.26,SG-5269
Watch Pocket Hem with Folder-1 Water Thread,Snls,0.1964285714285715,SG-5269
Watch Pocket Hem Binding Attach-1,Snls,0.15,SG-5269
Watch Pocket Hem Cord Strip Make with trim,Snls,0.18,SG-5269
Watch Pocket Hem D/F-2,Snls,0.24,SG-5269
Watch Pocket Hem D/F-SN,Snls,0.12,SG-5269
Watch Pocket Hem Leather Strip Attach wd Trim,Snls,0.19,SG-5269
Watch Pocket Hem Leather Strip Top,Snls,0.125,SG-5269
Watch Pocket Hem 2nd Stitch With Cord,Snls,0.17,SG-5269
Watch Pocket Hem 2nd Stitch-S/F,Snls,0.1,SG-5269
Watch Pocket Hem SN-1 (Single Fold-Pre Pressed),Snls,0.096,SG-5269
Watch Pocket Hem SN-1 (S/F-Slanted-Pre Pressed),Snls,0.13,SG-5269
Watch Pocket Hem Strip att.-1 (Streight),Snls,0.15,SG-5269
WATCH Pocket HEM STRIP ATT.-1 (2 SIDED),Snls,0.17,SG-5269
Watch Pocket Hem Strip Attach With Corner Cut,Snls,0.2,SG-5269
Watch Pocket Hem Strip Attach(Round)-1,Snls,0.21,SG-5269
Watch Pocket Hem Strip Attach(2-Corner)with Cut,Snls,0.26,SG-5269
Watch Pocket Hem Strip 2nd Top(Round)-1,Snls,0.19,SG-5269
Watch Pocket Hem Strip Top(Round)-1,Snls,0.22,SG-5269
Watch Pocket Hem Top(with inner strip),Snls,0.14,SG-5269
Watch Pocket Hem Top 3-Sides-1,Snls,0.19,SG-5269
Watch Pocket Inner Lining Tacking-1,Snls,0.13,SG-5312
Watch Pocket label attach- (Inner Stitch) 2 Sides,Snls,0.291,SG-5313
Watch Pocket Label Top Stitch- (2 Sides),Snls,0.191,SG-9375
"Watch Pocket Leather Strip Att(3side,1Cm wide)-1",Snls,0.26,SG-5315
Watch Pocket Leather(inserted)Attach 1 Side-1,Snls,0.17,SG-5316
Watch Pocket Mock st with Side Show st.,Snls,0.294,SG-9376
Watch Pocket Mock st-1Man. (Single curve st),Snls,0.126,SG-9376
Watch Pocket Mock Stitch Allaround,Snls,0.28,SG-9376
WATCH POCKET 2ND DECO STITCH STRAIGHT-1,Snls,0.12,SG-5288
Watch Pocket 2nd Top 1side,Snls,0.13,SG-9374
WATCH Pocket 2ND TOP STITCH-MITERED(EVEN GAUGE),Snls,0.227,SG-5340
Watch Pocket panels join(Busted)-1,Snls,0.167,SG-5323
Watch Pocket Panels Join-1(Round-Prepressed),Snls,0.21,SG-5323
"Watch Pocket Panels Join-1(2Sided,Round)",Snls,0.27,SG-5323
"WATCH POCKET PANELS JOIN-1 (2SIDED, ROUND)",Snls,0.27,SG-5323
Watch Pocket pleat make-1,Snls,0.1071428571428572,SG-5324
Watch Pocket pleat make-1 With Tape Insert,Snls,0.1607142857142857,SG-5324
Watch Pocket Pleat Make-2,Snls,0.3,SG-5324
Watch Pocket pleat top-1,Snls,0.08928571428571429,SG-5325
Watch Pocket Pleat Top-2,Snls,0.24,SG-5325
Watch Pocket Pleats Stay Stitch-2,Snls,0.2,SG-0444
Watch Pocket stay stitch 1side,Snls,0.142,SG-0444
Watch Pocket stay stitch 2side,Snls,0.24,SG-0444
Watch Pocket Strip Attach-1 (Straight),Snls,0.14,SG-5328
Watch Pocket Strip Attach With Manual Pleat Fold 2Side-1 with Fashion Strip Trim,Snls,0.8928571428571429,SG-5328
Watch Pocket Strip Attach-1 (Straight) Prepressed to Fashion Strip,Snls,0.22,SG-9189
Watch Pocket Tape Attach-1,Snls,0.1071428571428572,SG-5330
Watch Pocket Tape Attach-1 with Trim,Snls,0.2,SG-5330
Watch Pocket Tape(inserted)Attach 1 Side-1 With Fold,Snls,0.1785714285714286,SG-5331
Watch Pocket Top at Panel(Even Gauge)-SN,Snls,0.29,SG-5332
WATCH POCKET TOP-MITERED(UNEVEN GAUGE),Snls,0.26,SG-5333
Watch Pocket Top-Mitered(Uneven Gauge) with Curve Corner-2 & Corner Stay Stitch-1,Snls,0.48,SG-0444
Watch Pocket Top 1Side-SN,Snls,0.14,SG-9374
Watch Pocket Top 2Sided(upstitch 2side),Snls,0.23,SG-5335
Watch Pocket Top 2Sided,Snls,0.2,SG-5335
Watch Pocket Top st-Curve (1 Corner),Snls,0.12,SG-5336
Watch Pocket Top st-Curve (1 Corner with box),Snls,0.22,SG-5336
Watch Pocket Top st-D/S corn shape SN,Snls,0.199,SG-5337
Watch Pocket Top st. 2Side-Curve (1 Corner),Snls,0.22,SG-5337
Watch Pocket Top Stitch with up stitch-1 side,Snls,0.136,SG-9375
Watch Pocket Top Stitch-Mitered(even gauge),Snls,0.2142857142857143,SG-5340
WATCH POCKET TOP STITCH- MITERED WITH BOX,Snls,0.31,SG-5340
Watch Pocket Top Stitch Mitered-(upstitch 1side),Snls,0.23,SG-5340
Watch Pocket Top Stitch Mitered-(upstitch 2side),Snls,0.25,SG-5340
Watch Pocket Top Stitch-Mitered(even gauge) at Waist Band,Snls,0.52,SG-5337
Watch Pocket Top Stitch-Mitered(even gauge) Curved Corner-1,Snls,0.26,SG-5337
Watch Pocket Up Stitches 1side-2 SN,Snls,0.18,SG-5337
Watch Pocket Zipper Attach With Panels-2,Snls,0.41,SG-5344
Watch Pocket Busted press-1,Steam Press,0.098,SG-0440
Watch Pocket Hem Press-1 (Single Fold),Steam Press,0.104,SG-0441
Watch Pocket Hem Press-1 (Dble Fold),Steam Press,0.21,SG-0441
Watch Pocket Hem Press-2 (Single Fold),Steam Press,0.17,SG-0441
Watch Pocket Hem Press(Inner Strip)-1,Steam Press,0.16,SG-0441
WATCH POCKET HEM PRESS WITH CORNER-1,Steam Press,0.14,SG-0441
Watch Pocket Hem Press-1 (Curve),Steam Press,0.14,SG-0441
Watch Pocket Hem Press D/F-2,Steam Press,0.28,SG-0441
Watch Pocket Hem Press-1 (Single Fold)Left,Steam Press,0.1,SG-0441
Watch Pocket Joint & Hem Press,Steam Press,0.14,SG-0441
Watch Pocket Joint & Hem Press-2,Steam Press,0.281,SG-0441
WATCH POCKET JOINT PRESS,Steam Press,0.09,SG-0441
Watch Pocket Panel Press 1Side(Round),Steam Press,0.12,SG-0441
Watch Pocket Pleat Press-1,Steam Press,0.1,SG-0441
Watch Pocket Pleat Press (Double Crease)-1,Steam Press,0.15,SG-0441
Watch Pocket Pleats Make By Press-3,Steam Press,0.32,SG-0441
Watch Pocket Press-1(D/S),Steam Press,0.15,SG-0441
Watch Pocket Press-1(Mitered),Steam Press,0.18,SG-0441
Watch Pocket Press-1(Rectangle),Steam Press,0.18,SG-0441
Watch Pocket Press-1(Mitered) with Label Manage,Steam Press,0.26,SG-0441
Watch Pocket Press-1(Mitered) with Edge Manage,Steam Press,0.25,SG-0441
Watch Pocket Press-1(Mitered) with Pleat,Steam Press,0.25,SG-0441
Watch Pocket Press (1 Side),Steam Press,0.101,SG-0441
Watch Pocket Press-1 (Curve-1 Corner),Steam Press,0.2,SG-0441
Watch Pocket Press-2(Mitered),Steam Press,0.33,SG-0441
Watch Pocket Press-1 (Round),Steam Press,0.27,SG-0441
Watch Pocket Press-1 (Curve/1 Corner),Steam Press,0.22,SG-0441
Watch Pocket Press-1(5 sided),Steam Press,0.2,SG-0441
Watch Pocket Press-1(Mitered) Curve Sides,Steam Press,0.25,SG-0441
Watch Pocket Press 1Side With Corner,Steam Press,0.15,SG-0441
Watch Pocket Strip Press-1,Steam Press,0.16,SG-0441
Watch Pocket Strip Press D/F-1,Steam Press,0.26,SG-0441
Watch Pocket Strip Press S/F-1,Steam Press,0.13,SG-0441
Watch Pocket Hem-1 (Single Fold),Tncs,0.13,SG-5269
Watch Pocket Hem with Folder-1 (Manual Trim),Tncs,0.12,SG-5269
Watch Pocket Hem with Folder-1 (Manual Trim) 1.8-2cm Folder,Tncs,0.14,SG-5269
Watch Pocket Hem-Manual Trim (Pre Pressed),Tncs,0.08928571428571429,SG-5269
Watch Pocket Hem Top-1 With Manual Trim,Tncs,0.1785714285714286,SG-5269
Hang Swing 1 Pocket,Tnls,0.215,SG-5363
Hang Swing Watch Pocket-1,Tnls,0.22,SG-5364
Watch Pocket Attach-(Mitered),Tnls,0.3,SG-5370
Watch Pocket Attach-(Mitered) with Edge Handling,Tnls,0.44,SG-5370
Watch Pocket Attach-(Mitered) with upstitch-1,Tnls,0.34,SG-5370
Watch Pocket Attach at Panel(mitered)-TN,Tnls,0.49,SG-5370
"Watch Pocket Attach-D/S (1 Side Dbl, 1 side Single st)",Tnls,0.324,SG-5370
Watch Pocket Attach 1Side(Pre Attach 1Side),Tnls,0.18,SG-5370
Watch Pocket Attach-(D/S)TN,Tnls,0.282,SG-5370
Watch Pocket Attach-TN (1 Side -Straight),Tnls,0.142,SG-5370
Watch Pocket Attach-(D/S)TN Without Press,Tnls,0.22,SG-5370
Watch Pocket Attach-(D/S)TN Without Press with upstitch-1,Tnls,0.26,SG-5370
Watch Pocket Attach-(D/S)TN Without Press with upstitch-1 Split Bar,Tnls,0.3,SG-5370
Watch Pocket Attach-(D/S)TN Without Press with Beads Manage,Tnls,0.3,SG-5370
Watch Pocket Attach-(D/S)TN Without Press with upstitch-2,Tnls,0.32,SG-5370
Watch Pocket Attach-TN (1 Side -Straight) Without Press,Tnls,0.12,SG-5370
Watch Pocket Attach-TN (1 Side -Straight) Without Press with Upstitch,Tnls,0.15,SG-5370
Watch Pocket Attach-(1Side)TN Without Press,Tnls,0.12,SG-5370
Watch Pocket Attach-(L-shape)TN Without Press,Tnls,0.21,SG-5370
Watch Pocket Attach -(D/S)TN Without Press & Up Stitch,Tnls,0.3750000000000001,SG-5370
Watch Pocket Attach-TN (1 Side -Straight) Without Press Long,Tnls,0.16,SG-5370
Watch Pocket Attachch-TN (Curve),Tnls,0.321,SG-5370
"Watch Pocket Attach(2Side,1Corner)TN",Tnls,0.25,SG-5370
Watch Pocket Busted top-1,Tnls,0.15,SG-9378
Watch Pocket Deco Stitch-TN,Tnls,0.15,SG-5376
Watch Pocket Deco Stitch-TN U-Shape,Tnls,0.52,SG-5376
WATCH Pocket FLAP ATTACH & TOP STITCH-1,Tnls,0.251,SG-1132
Watch Pocket Hem With Label(S/F),Tnls,0.17,SG-5269
Watch Pocket Hem with Folder-1,Tnls,0.2,SG-5269
Watch Pocket Hem With Fold-1 With Thread Trim,Tnls,0.1785714285714286,SG-5269
Watch Pocket Hem ( S/F Prepressed) Strip Insert-1,Tnls,0.17,SG-5269
Watch Pocket Hem Strip Top(Round)-1,Tnls,0.22,SG-5269
Watch Pocket Hem (Single Fold-Pre Pressed) TN- 2,Tnls,0.2,SG-5269
Watch Pocket Hem TNLS-1 (Single Fold-Pre Pressed),Tnls,0.102,SG-5269
Watch Pocket Hem TNLS-1 (Dble Fold -Pre Pressed),Tnls,0.128,SG-5269
Watch Pocket Hem TNLS D/F Without Press,Tnls,0.23,SG-5269
Watch Pocket Hem Top(with cord),Tnls,0.18,SG-5269
Watch Pocket Hem Zipper Attach-1,Tnls,0.24,SG-5269
Watch Pocket Inner Strip attach-1 (TN Curve),Tnls,0.353,SG-5387
Watch Pocket Mock Stitch Allaround,Tnls,0.28,SG-5388
Watch Pocket Pleat Top TN-1 with Thread Trim,Tnls,0.128,SG-9378
Watch Pocket Show Stitch TN-2,Tnls,0.24,SG-5390
Watch Pocket Top 1Side-TN,Tnls,0.1428571428571429,SG-9378
Watch Pocket Top 2Sides-TN,Tnls,0.22,SG-9378
Back Pocket Box Stitch Tracing-1,Tracing Pattern,0.15,SG-9170
Leather Patch Trim Tracing(mitered),Tracing Pattern,0.18,SG-5394
Tracing At Watch Pocket For Trim-1,Tracing Pattern,0.12,SG-9319
Watch Pkt Hem Tracing-1,Tracing Pattern,0.1071428571428572,SG-9379
Watch Pocket & Flap attach Tracing,Tracing Pattern,0.1607142857142857,SG-9319
Watch Pocket & Notches Tracing-1,Tracing Pattern,0.219,SG-5398
Watch Pocket & Notches Tracing-1 With Tape,Tracing Pattern,0.25,SG-5398
Watch Pocket & Notches Tracing-1 With Deco Stitch,Tracing Pattern,0.29,SG-5398
Watch Pocket Attach & Pleat Make Tracing-1,Tracing Pattern,0.2,SG-5399
Watch Pocket Attach & Pleat Make Tracing-1(2Pleats),Tracing Pattern,0.24,SG-5399
Watch Pocket Attach Tracing With Deco Stitch,Tracing Pattern,0.16,SG-5400
Watch Pocket Attach Tracing-1,Tracing Pattern,0.12,SG-5400
WATCH POCKET Attach Tracing AT PANEL-1,Tracing Pattern,0.19,SG-9319
Watch Pocket Bartack Tracing,Tracing Pattern,0.08928571428571429,SG-9319
WATCH POCKET DECO & WITH HEM BARTACK Tracing,Tracing Pattern,0.17,SG-5403
Watch Pocket Deco Stitch Tracing-2,Tracing Pattern,0.15,SG-5404
Watch Pocket Deco Stitch Tracing-1,Tracing Pattern,0.1,SG-5404
Watch Pocket Extra Trim-1,Tracing Pattern,0.11,SG-5405
Watch Pocket Eyelet Tracing-1,Tracing Pattern,0.12,SG-5406
Watch Pocket Eyelet Tracing with Sides-1,Tracing Pattern,0.14,SG-5406
Watch Pocket Hem Bartack Tracing-2,Tracing Pattern,0.14,SG-5407
Watch Pocket Hem Bartack Tracing-1,Tracing Pattern,0.1,SG-5407
Watch Pocket Hem Strip Attach Tracing-1,Tracing Pattern,0.13,SG-9380
Watch Pocket Hem Tracing-1,Tracing Pattern,0.1071428571428572,SG-9379
Watch Pocket Inner Strip & Fashion st Tracing,Tracing Pattern,0.148,SG-9319
Watch Pocket Mock Tracing-1 (Single Curve),Tracing Pattern,0.122,SG-5411
Watch Pocket Mock Tracing with Side Show st.,Tracing Pattern,0.148,SG-5411
Watch Pocket Mock Tracing Allaround,Tracing Pattern,0.17,SG-5411
Watch Pocket Panels Join Tracing-1,Tracing Pattern,0.13,SG-9319
Watch Pocket pleat Tracing-1,Tracing Pattern,0.1071428571428572,SG-5414
WATCH POCKET PLEAT TRACING-2,Tracing Pattern,0.212,SG-5414
Watch Pocket Pleats Make Tracing-3,Tracing Pattern,0.24,SG-9319
Watch Pocket Show Stitch Tracing-2,Tracing Pattern,0.17,SG-9319
WATCH POCKET STRIP ATTACH TRACING-1,Tracing Pattern,0.14,SG-9380
WATCH POCKET TAPE ATTACH TRACING-1,Tracing Pattern,0.1,SG-9380
Watch Pocket Top Tracing,Tracing Pattern,0.125,SG-9319
Watch Pocket Tracing with Notches,Tracing Pattern,0.204,SG-5420
Watch Pocket Tracing-1 (Only Top),Tracing Pattern,0.119,SG-5420
WATCH Pocket TRACING-2 (ONLY TOP),Tracing Pattern,0.23,SG-5420
Watch Pocket Tracing -1 (Top Only) (face To Face cutting),Tracing Pattern,0.149,SG-5420
Watch Pocket Hem Zigzag Stitch-Pre Pressed,Zig Zag,0.14,SG-1375
Back Welt Pocket Strip Fuse-2,Auto Press,0.26,SG-0064
Fusing Attach At Panel(for welt Pocket make),Auto Press,0.13,SG-0064
Fusing Attach At Panel-2(for welt Pocket make),Auto Press,0.26,SG-0064
Welt Pocket Strip Fuse-1,Auto Press,0.13,SG-0064
Welt Pocket Strip Fuse-2,Auto Press,0.26,SG-0064
Welt Pocket Strip Fuse-2*2,Auto Press,0.52,SG-0064
Welt Pocket Strip Fuse-2,Auto Press,0.26,SG-0064
Cut Welt Pocket Bartack-2,Bartack,0.17,SG-0066
Cut Welt Pocket Bartack-4,Bartack,0.31,SG-0066
Cut Welt Pocket Bartack-8,Bartack,0.62,SG-0066
Welt Pocket bag bartack-2,Bartack,0.167,SG-0066
Welt Pocket bag bartack-2*2,Bartack,0.264,SG-0066
Welt Pocket Bag bartack-2,Bartack,0.167,SG-0066
Welt Pocket Bag bartack-4*2,Bartack,0.52,SG-0066
Welt Pocket Bartack-4,Bartack,0.24,SG-0066
Welt Pocket Bartack-4 with Pocket Bag Handling,Bartack,0.36,SG-0066
Welt Pocket Bartack-2,Bartack,0.1714285714285714,SG-0066
Welt Pocket Bartack-4,Bartack,0.24,SG-0066
Welt Pocket Bartack-2,Bartack,0.1714285714285714,SG-0066
Welt Pocket Bartack-1,Bartack,0.08571428571428572,SG-0066
Welt Pocket Bartack-8,Bartack,0.61,SG-0066
Welt Pocket Bartack-8 with Pocket Bag Handling,Bartack,0.68,SG-0066
Welt Pocket Bartack-2 2cm,Bartack,0.2071428571428571,SG-0066
Welt Pocket Bartack-4 2cm,Bartack,0.34,SG-0066
Welt Pocket Inner Bartack-4*2,Bartack,0.58,SG-0066
Welt Pocket Inner Bartack-4,Bartack,0.31,SG-0066
Welt Pocket Inner Bartack-8,Bartack,0.61,SG-0066
Zip Puller Loop Bartack With Insertion-1,Bartack,0.17,SG-0067
Welt Pocket Button Hole-2,Eyelet Button Hole,0.256,SG-0124
Welt Pocket Button Hole-2,Eyelet Button Hole,0.256,SG-0124
Welt Pocket Button Hole-2,Eyelet Button Hole,0.34,SG-0124
Back Welt Pocket Center Cut-1,Nill,0.16,SG-5432
Back Welt Pocket Center Cut-2,Nill,0.31,SG-5432
Back Welt Pocket Center Cut-2 For Manual Bone,Nill,0.31,SG-9381
Back Welt Pocket Corner Trim-(4corners)-1,Nill,0.25,SG-5434
Back Welt Pocket Corner Trim-(8 corners)-2,Nill,0.49,SG-5434
Back Welt Pocket Corner Trim-(8 corners)-2 For Manual Bone,Nill,0.49,SG-9382
Back Welt Pocket Corner Trim-(8 corners)-2 For Manual Bone Assembly Large Pc,Nill,0.68,SG-9382
Back Welt Pocket Turn -1,Nill,0.13,SG-5437
Back Welt Pocket Turn-2,Nill,0.27,SG-5437
Back Welt Pocket Turn-2 For Manual Bone,Nill,0.27,SG-5475
Back Yoke Strip Trim 1 Side-2,Nill,0.1785714285714286,SG-5439
Cut Pocket Inner Patch Excess Trim-2*2,Nill,0.38,SG-5440
Cut welt Pocket corner cut-1*2,Nill,0.1071428571428572,SG-5441
Cut welt Pocket corner cut-2*1,Nill,0.1428571428571429,SG-5441
Cut welt Pocket corner cut-2*2,Nill,0.245,SG-5441
Cut Welt Pocket Corner Cut-2*2 With Fell Seam),Nill,0.33,SG-5441
Cut Welt Pocket Corner Cut-2*2,Nill,0.3,SG-5441
Cut Welt Pocket Facing Trim(Back Side)-2*2,Nill,0.36,SG-5442
Cut Welt Pocket Facing Trim Inside Mouth-2,Nill,0.26,SG-5443
Cut Welt Pocket Facing Trim Inside Mouth-1,Nill,0.1071428571428572,SG-5443
Cut Welt Pocket Strip Trim 1 Side-1,Nill,0.09,SG-9233
Cut Welt Pocket Turn-2,Nill,0.29,SG-5474
Cut welt Pocket turn & press-1,Nill,0.1071428571428572,SG-5446
Cut welt Pocket turn & press-1,Nill,0.1071428571428572,SG-5446
Cut welt Pocket turn & press-2,Nill,0.2142857142857143,SG-5446
Cut Welt Pocket Turn & Press-2,Nill,0.21,SG-5446
Cut welt Pocket turn & press-2 For Manual,Nill,0.35,SG-5446
Extra Pocket Bag Trim 1Side-2,Nill,0.1785714285714286,SG-5448
Extra Pocket Bag Trim 2Side-2,Nill,0.42,SG-5448
Extra Pocket Bag Trim 1Side-2 (Placket Side),Nill,0.1785714285714286,SG-5448
Front Welt Pocket Center Cut-2,Nill,0.305,SG-5461
Front Welt Pocket Center Cut-1 For Manual Bone,Nill,0.16,SG-5450
Front Welt Pocket Center Cut-2 For Manual Bone,Nill,0.305,SG-5450
Front Welt Pocket Corner Trim-(2corners)-1,Nill,0.17,SG-5451
Front Welt Pocket Corner Trim-(8 corners)-2,Nill,0.48,SG-5451
Front Welt Pocket Turn -1,Nill,0.13,SG-5452
Front Welt Pocket Turn-2,Nill,0.268,SG-5452
Front Welt Pocket Turn-2 For Manual Bone,Nill,0.31,SG-5475
Front Welt Pocket Turn-2 For Manual Bone Assembly Large Pc,Nill,0.5,SG-5475
Panel Place & Dispose For Auto Welt-1,Nill,0.223,SG-5455
Side Cut Welt Pocket Corner Cut-2*2,Nill,0.2857142857142858,SG-5441
Side Cut Welt Pocket Corner Cut-2*2 For Manual,Nill,0.33,SG-5441
Side Welt Pocket Turn-2,Nill,0.268,SG-5474
Side Welt Pocket Turn-2 For Manual Bone,Nill,0.268,SG-5475
Welt Pocket Bag Turn-2,Nill,0.34,SG-5460
Welt Pocket Bag Turn(2 Corner)-2,Nill,0.34,SG-5460
Welt Pocket Bag Turn(1 Corner)-2,Nill,0.23,SG-5460
Welt Pocket Center Cut-2,Nill,0.305,SG-5461
Welt Pocket Center Cut-2,Nill,0.305,SG-5461
Welt Pocket Center Cut-1,Nill,0.1785714285714286,SG-5461
Welt Pocket Center Cut-1,Nill,0.16,SG-5461
Welt Pocket Center Cut-1,Nill,0.16,SG-5461
Welt Pocket Center Cut-2 For Manual Bone,Nill,0.305,SG-5462
Welt Pocket Center Cut-2 For Manual Bone,Nill,0.305,SG-5462
Welt Pocket Center Cut-1 For Manual Bone,Nill,0.22,SG-5462
Welt Pocket Center Cut-2 For Manual Bone Assembly,Nill,1,SG-9381
Welt Pocket Center Cut-2 For Manual Bone Assembly Large Pc,Nill,0.6,SG-9381
Welt Pocket corner cut-1*2,Nill,0.1071428571428572,SG-5441
Welt Pocket Corner Trim-(8 corners)-2,Nill,0.49,SG-5466
Welt Pocket Corner Trim-(4 corners)-2,Nill,0.49,SG-5466
Welt Pocket Corner Trim-(4corners)-1,Nill,0.245,SG-5466
Welt Pocket Corner Trim-2*2,Nill,0.34,SG-5466
Welt Pocket Corner Trim & Turn-1,Nill,0.39,SG-5467
Welt Pocket Corner Trim & Turn-1,Nill,0.39,SG-5467
Welt Pocket Corner Trim-(8 corners)-2 For Manual Bone,Nill,0.49,SG-5468
Welt Pocket Corner Trim-(4corners)-1 For Manual Bone,Nill,0.245,SG-5468
Welt Pocket Corner Trim-(4 corners)-2 For Manual Bone,Nill,0.49,SG-5468
Welt Pocket Corner Trim-(2corners)-1 For Manual Bone,Nill,0.1357142857142857,SG-5468
Welt Pocket Corner Trim-(8 corners)-2 For Manual Bone Assembly,Nill,0.68,SG-9382
Welt Pocket Excess Lining Trim-2,Nill,0.152,SG-5470
Welt Pocket Lining Trim 1 Side-2 (W.B Side),Nill,0.19,SG-5471
Welt Pocket Make-1 (Auto) Panel Handling,Nill,0.11,SG-9383
Welt Pocket Make-2(Auto) Panels Handling,Nill,0.22,SG-9383
Welt Pocket Turn-2,Nill,0.268,SG-5474
Welt Pocket Turn-1,Nill,0.134,SG-5474
Welt Pocket Turn-2,Nill,0.27,SG-5474
Welt Pocket Turn-2 For Manual Bone,Nill,0.268,SG-5475
Welt Pocket Turn-1 For Manual Bone,Nill,0.23,SG-5475
Welt Pocket Turn -1 For Manual Bone,Nill,0.16,SG-5475
Welt Pocket Turn-2 For Manual Bone Assembly,Nill,0.5,SG-5475
BACK WELT Pocket BAG CLOSE- 2 (SAFETY-1PC 2 SIDED),O/L,0.52,SG-0439
Back Welt Pocket Facing O/L-2*2,O/L,0.26,SG-0331
Back Welt Pocket Secure With Inner Patch-1 (all around),O/L,0.33,SG-0331
Back Welt Pocket Secure With Inner Patch-2 (all around),O/L,0.66,SG-0331
Cut Welt Pocket Bag Close-2 (Safety-1pc 2 sided),O/L,0.555,SG-0439
Cut Welt Pocket Bag Close- 2 (Safety-1 sided),O/L,0.38,SG-0439
Cut Welt Pocket O/L with inner Facing-1(3side),O/L,0.23,SG-0331
Cut Welt Pocket Strip Secure 3side-2,O/L,0.25,SG-0331
Front Welt Pocket Secure With Inner Patch-1 (all around),O/L,0.33,SG-0331
Front Welt Pocket Secure With Inner Patch-2 (all around),O/L,0.66,SG-0331
Pocket Bag Facing & Lining Secure 1Side-2,O/L,0.2,SG-0331
Welt Facing & Inner Facing O/L-1*1,O/L,0.148,SG-0331
Welt Facing & Inner Facing O/L-1*1,O/L,0.152,SG-0331
Welt Facing O/L-2,O/L,0.128,SG-0331
Welt Facing O/L-2,O/L,0.153,SG-0331
Welt Facing Secure 2Sides-2,O/L,0.22,SG-0331
Welt Facing Secure 3Sides-2,O/L,0.32,SG-0331
Welt Facing Secure 3Sides-4,O/L,0.64,SG-0331
Welt Facing Secure 3Sides-2,O/L,0.31,SG-0331
WELT FACING SECURE 3SIDES-1,O/L,0.17,SG-0331
Welt Pocket Bag Close-2 (Safety-1pc 2 sided),O/L,0.555,SG-0439
Welt Pocket Bag Close-1 (Safety-1pc 3 sided),O/L,0.31,SG-0439
Welt Pocket Bag Close-2 (Safety-1pc 3 sided),O/L,0.62,SG-0439
Welt Pocket Bag Close- 1(Safety-1pc 2 sided),O/L,0.278,SG-0439
Welt Pocket Bag Close-2 (Safety-2 sided),O/L,0.555,SG-0439
Welt Pocket Bag Close- 1 (Safety-3 sided),O/L,0.31,SG-0439
Welt Pocket Bag Close-2 (Safety-3 sided),O/L,0.62,SG-0439
Welt Pocket Bag Close-2 (Safety-4 sided),O/L,0.75,SG-0439
Welt Pocket Bag Close- 1(Safety-2 sided),O/L,0.27,SG-0439
Welt Pocket Bag Close- 1(2pcs-Round),O/L,0.405,SG-0439
Welt Pocket Bag Close- 2(2pcs-Round),O/L,0.815,SG-0439
Welt Pocket Bag Close- 1(Safety-2 sided),O/L,0.31,SG-0439
Welt Pocket Bag Close- 1 (Safety-3 sided),O/L,0.3214285714285715,SG-0439
Welt Pocket Bag Close-2 (Safety-1 sided),O/L,0.38,SG-0439
Welt Pocket Bag Close- 2 (Safety-2pc 3 sided),O/L,0.72,SG-0439
Welt Pocket Bag Close- 1 (Safety-2pc 3 sided),O/L,0.37,SG-0439
Welt Pocket Bag Close-1 (Safety-1pc 3 sided),O/L,0.34,SG-0439
Welt Pocket Bag Close(3-sides)-2,O/L,0.6428571428571429,SG-0439
Welt Pocket Bag Close- 2 (Safety-2pc 4 sided),O/L,0.86,SG-0439
Welt Pocket Bag Close-2 (Safety-1pc 3 sided) Assembly,O/L,0.85,SG-0439
"Welt Pocket Bag Close-2(2sided,1corner) O/L",O/L,0.56,SG-0439
Welt Pocket Bag Edge Secure- 1(2 sided),O/L,0.2142857142857143,SG-0439
Welt Pocket Bag Edge Secure after Close-2 (1Sided),O/L,0.32,SG-0439
"Welt Pocket Bag Secure After Attach-2(2sided,1corner)",O/L,0.52,SG-0439
Welt Pocket Bag Secure 1Side-1,O/L,0.19,SG-0439
Welt Pocket Bag Secure 1Side-2,O/L,0.36,SG-0439
Welt Pocket Bag Secure 1Side-1,O/L,0.17,SG-0439
Welt Pocket Bag Secure 1Side-2,O/L,0.34,SG-0439
Welt Pocket Bag Secure 2Side-1,O/L,0.28,SG-0439
Welt Pocket Bag Secure 2Sides-2,O/L,0.52,SG-0439
Welt Pocket Facing Sec-1,O/L,0.08,SG-0331
Welt Pocket Inner Facing O/L-2,O/L,0.128,SG-0331
Welt Pocket Inner Facing O/L-2,O/L,0.153,SG-0331
Welt Pocket Inner Facing O/L 3Sides-2,O/L,0.31,SG-0331
Welt Pocket Inner Mitered Patch Sec Allaround,O/L,0.44,SG-5499
Welt Pocket Inner Mitered Patch Secure-2(after attach),O/L,0.8,SG-0331
Welt Pocket O/L with inner Facing-1 (all around),O/L,0.262,SG-5501
Welt Pocket O/L with inner Facing-2 (all around),O/L,0.523,SG-5501
Welt Pocket O/L with inner Facing-1 (all around),O/L,0.262,SG-5501
Welt Pocket O/L with inner Facing-2 (all around),O/L,0.523,SG-5501
Welt Pocket Secure With Inner Patch-1 (all around),O/L,0.33,SG-0331
Welt Pocket Secure With Inner Patch-2 (all around),O/L,0.66,SG-0331
Welt Pocket Secure With Inner Patch(1 Side)-1,O/L,0.13,SG-0331
Welt Pocket Strip Secure-1,O/L,0.07,SG-0331
Welt Pocket Strip Secure-2,O/L,0.14,SG-0331
Welt Pocket Strip Secure-2*2,O/L,0.28,SG-0331
Welt Pocket Strip Secure 3side-1,O/L,0.16,SG-0331
Welt Pocket Strip Secure 2side-1,O/L,0.12,SG-0331
Welt Pocket Strip Secure 4side-2,O/L,0.28,SG-0331
Welt Pocket Strip Trim 2Sides-2,O/L,0.33,SG-0335
Welt Pocket Strip Trim 3Sides-2,O/L,0.36,SG-0335
Back Welt Pocket Make-2 (Auto),Pocket Welt,0.6,SG-5506
Back Welt Pocket Make Auto-2(Manual Dispose),Pocket Welt,0.65,SG-5506
Front Welt Pocket Make-2 (Auto),Pocket Welt,0.6,SG-5506
Welt Pocket Make-2 (Auto),Pocket Welt,0.6,SG-5506
Welt Pocket Make-1 (Auto),Pocket Welt,0.3,SG-5506
Welt Pocket Make-2 (Auto),Pocket Welt,0.6,SG-5506
Welt Pocket Make-1 (Auto),Pocket Welt,0.3,SG-5506
Welt Pocket Make Auto-2(Manual Dispose),Pocket Welt,0.65,SG-5506
Cut welt Pocket turn & press-2,Press,0.2142857142857143,SG-0441
Front Pocket Fuse For Eyelet-2,Press,0.26,SG-0441
Back Cut welt Pocket make-1,Snls,0.32,SG-9384
Back Pocket Bag Stay Stitch (For Auto Welt)-2,Snls,0.28,SG-0444
Back Pocket Welt Zipper Attach-2*2,Snls,0.95,SG-2063
Back Welt Facing Attach To Pocket Bag-2,Snls,0.31,SG-5516
Back Welt Facing Attach To Pocket Bag-2 with Fold 2nd,Snls,0.31,SG-5516
Back Welt Pocket Box Deco Stitch 3Sided-2,Snls,0.75,SG-2009
Back Welt Pocket Corner Stay Stitch-1*1,Snls,0.22,SG-0444
Back Welt Pocket Corner Stay Stitch-2x2,Snls,0.46,SG-0444
Back Welt Pocket Corner Stay Stitch-2x2 Assembly Large Pc,Snls,0.7,SG-0444
Back Welt Pocket Deco Stitch Straight Bottom Side-2,Snls,0.48,SG-2009
Back Welt Pocket make-1 (manual),Snls,0.41,SG-9384
Back Welt Pocket Top Stitch-1(All around with inner patch),Snls,0.51,SG-5523
Back Welt Pocket Top Stitch (Bottom Side)-2,Snls,0.91,SG-5523
Back Welt Pocket Top Stitch (Top Side)-2,Snls,0.91,SG-5523
Back Welt Pocket Top Stitch (Bottom Side)-2 For Manual Bone,Snls,0.91,SG-5524
Back Welt Pocket Top Stitch (Top Side)-2 For Manual Bone,Snls,0.91,SG-5524
Cut Welt Facing attach to Pocket Bag-2 with Fold,Snls,0.305,SG-5516
Cut Welt Facing attach to Pocket Bag-2 with Fold For Manual,Snls,0.36,SG-5516
Cut Welt Facing attach to Pocket Bag-2 with Fold 2nd,Snls,0.305,SG-5516
Cut Welt Facing attach to Pocket Bag-2 with Fold 2nd For Manual,Snls,0.36,SG-5516
Cut Welt Pocket Bag Edge Stitch after Close-2 (SN-1Pc 3 Sided),Snls,0.48,SG-9386
Cut Welt Pocket Bag Stay Stitch for Close 3Sides-2,Snls,0.77,SG-0444
Cut Welt Pocket Bag stay Stitch To Panel,Snls,0.27,SG-0444
Cut Welt Pocket Close Stitch-2nd,Snls,0.26,SG-9386
Cut Welt Pocket Close Stitch-1st,Snls,0.26,SG-9386
Cut welt Pocket close wd lower patch(mitered)-1,Snls,0.331,SG-5531
Cut Welt Pocket Facing Attach to Pocket Bag-2 With Fold,Snls,0.38,SG-5516
Cut Welt Pocket Facing Attach to Pocket Bag-2 With Fold At Back Yoke,Snls,0.45,SG-5516
Cut Welt Pocket Hidden Edge Stitch-2,Snls,0.42,SG-9241
Cut welt Pocket make-1,Snls,0.321,SG-5534
Cut welt Pocket make-1,Snls,0.321,SG-5534
Cut welt Pocket make-2,Snls,0.612,SG-5534
Cut Welt Pocket Make -1 (Straight),Snls,0.21,SG-5534
Cut Welt Pocket Make-2,Snls,0.66,SG-5534
Cut Welt Pocket Make-2,Snls,0.64,SG-5534
Cut Welt Pocket Make Leather Strip-1(Straight),Snls,0.22,SG-5534
Cut Welt Pocket Mouth Top(Straight)SN-2,Snls,0.45,SG-5536
Cut Welt Pocket 2nd Top(straight)-1,Snls,0.17,SG-5537
Cut Welt Pocket 2nd Top(Bottom Side)-1,Snls,0.24,SG-5537
Cut welt Pocket notches attach-2,Snls,0.1785714285714286,SG-5538
Cut Welt Pocket Notches Attach-2*2,Snls,0.34,SG-5538
Cut Welt Pocket Notches Attach-2*2 For Manual,Snls,0.34,SG-5538
Cut Welt Pocket Patch Attach-1(top side),Snls,0.24,SG-9387
Cut Welt Pocket Top Stitch with Zip-1 (Btm Side),Snls,0.31,SG-5541
Cut Welt Pocket Top Stitch with Zip-1 (Top Side),Snls,0.32,SG-5541
Cut Welt Pocket Top Stitch With Leather-1 (Btm Side),Snls,0.31,SG-5541
Cut welt Pocket top stitch btm side-1,Snls,0.325,SG-5542
Cut welt Pocket top stitch btm side-1,Snls,0.34,SG-5542
Cut welt Pocket top stitch btm side-2,Snls,0.67,SG-5542
Cut welt Pocket top stitch btm side-2,Snls,0.67,SG-5542
Cut Welt Pocket Top Stitch Btm Side-2,Snls,0.66,SG-5542
Cut welt Pocket top stitch btm side-2 For Manual,Snls,1.2,SG-5542
Cut Welt Pocket Turn & Top Stitch Btm Side-2,Snls,0.71,SG-5542
Facing Welt Pocket Top Stitch-1 (Btm Side),Snls,0.286,SG-5545
Facing Welt Pocket Top Stitch-1 (Top Side),Snls,0.307,SG-5545
Front Welt Pocket Corner Stay Stitch-2x2,Snls,0.46,SG-0444
Front Welt Pocket make-1 (manual),Snls,0.41,SG-5603
Front Welt Pocket Top All Around Wd Zip & Patch-2,Snls,1.235,SG-5616
Front Welt Pocket Top Stitch-1(All around with inner patch),Snls,0.51,SG-9057
Pocket Bag Stay Stitch (For Auto Welt)-2,Snls,0.2857142857142858,SG-0444
Pocket Bag Stay Stitch (For Welt)-2,Snls,0.2857142857142858,SG-0444
Pocket Bag Stay Stitch (For Auto Welt)-2,Snls,0.283,SG-0444
Pocket Bag Stay Stitch (For Auto Welt)-1,Snls,0.14,SG-0444
Pocket Bag Stay Stitch (For Auto Welt)-1,Snls,0.14,SG-0444
Pocket Bag Stay Stitch (For Welt)-2 Assembly Large Pc,Snls,0.52,SG-0444
Pocket Bag Stay Stitch to Waist-1,Snls,0.1071428571428572,SG-0444
Side Cut Welt Pocket Bag Piping Att 2Side With Trim-2,Snls,0.48,SG-5553
Side Cut Welt Pocket Bag stay Stitch To Panel,Snls,0.27,SG-0444
Side Cut Welt Pocket Make-2,Snls,0.62,SG-5534
Side Cut Welt Pocket Make-2 For Manual,Snls,0.75,SG-5534
SIDE CUT WELT POCKET MOUTH HIDDEN STITCH-2,Snls,0.42,SG-5557
Side Welt Pocket Tacking-4 SN,Snls,0.31,SG-5558
Stay Stitch At Zipper-2,Snls,0.2,SG-0444
Stay Stitch At Zipper-1,Snls,0.1071428571428572,SG-0444
Stay stitch on Welt Pocket with Pocket Bag,Snls,0.248,SG-0444
Welt Facing Attach to Pocket Bag-2,Snls,0.261,SG-5516
Welt Facing Attach to Pocket Bag-2,Snls,0.261,SG-5516
Welt Facing Attach To Pocket Bag-2 With Fold 2nd,Snls,0.46,SG-5516
Welt Facing Attach To Pocket Bag-2 With Fold 2nd Assembly Large pc,Snls,0.46,SG-5516
Welt Facing Attach to Pocket Bag-1,Snls,0.16,SG-5516
Welt Facing Attach To Pocket Bag-2 with Fold 2nd Assembly,Snls,0.45,SG-5516
Welt Facing Attach To Pocket Bag-2 Assembly,Snls,0.45,SG-5516
Welt Facing Attach to Pocket Bag-1 2nd,Snls,0.16,SG-5516
Welt Facing Attach to Pocket Bag 2Sides-2,Snls,0.34,SG-5516
WELT FACING ATTACH TO Pocket BAG 3SIDES-2,Snls,0.44,SG-5516
Welt Facing Attach to Pocket Bag 2Sides-2 Assembly Large Pc,Snls,0.56,SG-5516
Welt Leather strip make-1,Snls,0.18,SG-5566
Welt Leather Strip tacking-1*1,Snls,0.22,SG-5567
Welt Pkt Zipper Attach-1*1,Snls,0.55,SG-5568
Welt Pocket Bag Close-2(2sided),Snls,0.52,SG-5570
Welt Pocket Bag Close- 1(1pc 2 sided),Snls,0.31,SG-5570
Welt Pocket Bag Close- 1(SN-1pc 2 sided),Snls,0.278,SG-5570
Welt Pocket Bag Close-2 (1sided),Snls,0.41,SG-5570
Welt Pocket Bag Close-2 (SN-4sided),Snls,0.85,SG-5570
Welt Pocket Bag Close Clean Finish- 2(SN-1pc 2 sided),Snls,0.968,SG-5570
Welt Pocket Bag Close Clean Finish- 2(SN-1pc 3 sided),Snls,1.156,SG-5570
WELT Pocket BAG CLOSE CLEAN FINISH-2(SN-2 SIDED),Snls,0.968,SG-5570
WELT Pocket BAG CLOSE CLEAN FINISH-2(SN-3 SIDED),Snls,1.156,SG-5570
WELT Pocket BAG CLOSE Clean Finish-1(SN-1 PC 3 SIDED),Snls,0.578,SG-5570
WELT Pocket BAG CLOSE CLEAN FINISH-1(SN-1PC 2 SIDED),Snls,0.48,SG-5570
WELT Pocket BAG CLOSE CLEAN FINISH-2(SN-1 SIDE),Snls,0.484,SG-5570
WELT Pocket BAG CLOSE Clean Finish-1(SN-1 PC 4 SIDED),Snls,0.88,SG-5570
Welt Pocket Bag Close Clean Finish-2(SN-1 Side) Fabric Handling,Snls,0.484,SG-5570
WELT Pocket BAG CLOSE CLEAN FINISH-2(SN-3 SIDED) Heavy Fabric,Snls,1.36,SG-5570
Welt Pocket Bag Close Clean Finish-1 (4Sided) Heavy Fabric,Snls,1.15,SG-5570
WELT Pocket BAG CLOSE CLEAN FINISH-2(SN-3 SIDED) 3sided Fold,Snls,1.25,SG-5570
WELT Pocket BAG CLOSE Clean Finish-1(SN-1 PC 3 SIDED) Top Side Handling,Snls,0.82,SG-5570
Welt Pocket Bag Close 3Sides(prepressed)-2,Snls,0.76,SG-5570
"Welt Pocket Bag Close-2(2sided,1corner) SN",Snls,0.64,SG-5570
Welt Pocket Bag Edge Stitch after Close-1 (SN-1Pc 3 Sided),Snls,0.26,SG-5570
Welt Pocket Bag Edge Stitch after Close-2 (SN-1Pc 3 Sided),Snls,0.48,SG-5570
Welt Pocket Bag Edge Stitch after Close-2 (SN-1Pc 2 Sided),Snls,0.32,SG-5570
Welt Pocket Bag Saftey Stitch 2Sides-2,Snls,0.62,SG-5578
Welt Pocket Bag Stay Stitch 1Side-2,Snls,0.2857142857142858,SG-0444
Welt Pocket Bag Stay Stitch 2Side-2,Snls,0.4285714285714286,SG-0444
Welt Pocket Bag Stay Stitch 3Side-2,Snls,0.49,SG-0444
Welt Pocket Bag stay Stitch To Placket-2,Snls,0.41,SG-0444
Welt Pocket Bag stay Stitch To Waist-2,Snls,0.269,SG-0444
Welt Pocket Bag stay Stitch To Waist-1,Snls,0.16,SG-0444
Welt Pocket Bag Stay Stitch to Waist-1,Snls,0.1071428571428572,SG-0444
Welt Pocket Bag stay Stitch To Waist,Snls,0.27,SG-0444
Welt Pocket Bag stay Stitch To Waist & Pocket,Snls,0.443,SG-0444
Welt Pocket Bag Top-2 (1 sided),Snls,0.32,SG-5570
Welt Pocket Bag Top(4-Sides)-2,Snls,0.81,SG-5570
Welt Pocket Bag Top(3-Sides)-2 Without Turning,Snls,0.82,SG-5570
WELT POCKET BAG TOP-2(2SIDED)-2 without Turning,Snls,0.7142857142857143,SG-5570
Welt Pocket Bag Turn & Top(3-Sides)-2,Snls,0.98,SG-5570
"Welt Pocket Bag Turn & Top-2(2sided,1corner)",Snls,0.62,SG-5570
Welt Pocket Bag Turn & Top(2-Sides)-1,Snls,0.43,SG-5570
Welt Pocket Bag Turn & Top(2-Sides)-2,Snls,0.82,SG-5570
Welt Pocket Bag Turn & Top(1-Sides)-2,Snls,0.44,SG-5570
Welt Pocket Bag Turn & Top(3-Sides)-1,Snls,0.49,SG-5570
Welt Pocket Bags Close For Wash-2,Snls,0.25,SG-5570
Welt Pocket Bags Close For Wash-1,Snls,0.125,SG-5570
WELT POCKET BAGS CLOSE FOR WASH-2,Snls,0.25,SG-5570
Welt Pocket Bags Close For Wash-2 Assembly,Snls,0.45,SG-0444
Welt Pocket Close With Inner Patch 5Sides-2,Snls,1.17,SG-5588
Welt Pocket Close Fashion Stitch(U Shape)-2,Snls,0.72,SG-9371
Welt Pocket Corner Deco Stitch-2*2,Snls,0.52,SG-5590
Welt Pocket Corner Deco Stitch-2*2 (Round Deco),Snls,0.69,SG-5590
Welt Pocket Corner Stay Stitch-1*1,Snls,0.23,SG-0444
Welt Pocket Corner Stay Stitch-1*1,Snls,0.261,SG-0444
Welt Pocket Corner Stay Stitch-1,Snls,0.12,SG-0444
Welt Pocket Corner Stay Stitch-1*1,Snls,0.22,SG-0444
Welt Pocket Corner Stay Stitch With Zip-1,Snls,0.14,SG-0444
Welt Pocket Corner Stay Stitch wd zipper-1*2,Snls,0.298,SG-0444
Welt Pocket Corner Stay Stitch wd zipper-1*2,Snls,0.298,SG-0444
Welt Pocket Corner Stay Stitch wd zipper-1*1,Snls,0.33,SG-0444
Welt Pocket Corner Stay Stitch wd zipper-2x2,Snls,0.586,SG-0444
Welt Pocket Corner Stay Stitch wd zipper-2x2,Snls,0.586,SG-0444
Welt Pocket Corner Stay Stitch- 2x2,Snls,0.46,SG-0444
Welt Pocket Corner Stay Stitch- 2x2,Snls,0.523,SG-0444
Welt Pocket Corner Stay Stitch-2x2 Assembly,Snls,0.52,SG-0444
Welt Pocket Deco Stitch-2 (Straight),Snls,0.22,SG-5596
Welt Pocket Deco Stitch U-Shape-2 Btm Side,Snls,0.75,SG-5597
Welt Pocket Deco Stitch U-Shape-1 Btm Side,Snls,0.36,SG-5597
Welt Pocket Deco Stitch U-Shape-2 Top Side,Snls,0.75,SG-5597
Welt Pocket Deco Stitch U-Shape-1 Top Side,Snls,0.36,SG-5597
Welt Pocket facing stay stitch to Waist-2,Snls,0.32,SG-0444
Welt Pocket Fashion Stitch(Mitired)-2,Snls,0.72,SG-9371
Welt Pocket Inner Facing attach -1,Snls,0.167,SG-5516
Welt Pocket Inner Facing Attach-1,Snls,0.17,SG-5516
Welt Pocket Inner Facing attach 4-Side-1,Snls,0.24,SG-5516
Welt Pocket Make-2 (Manual),Snls,0.8,SG-5603
Welt Pocket make-1 (manual),Snls,0.405,SG-5603
Welt Pocket Make-2 (Manual),Snls,0.8,SG-5603
Welt Pocket make-1 (Manual),Snls,0.405,SG-5603
Welt Pocket Make-2 (Manual) SN Fashion Bone,Snls,0.95,SG-5603
Welt Pocket 2nd Top Stitch (Bottom Side)-2,Snls,0.502,SG-9057
Welt Pocket Patch Attach-2 (5 Sides),Snls,2.2,SG-9387
Welt Pocket Patch Top-2 (5 Sides),Snls,1.5,SG-5607
Welt Pocket Piping Strip Make with Cord-2,Snls,0.24,SG-5608
Welt Pocket Piping Strip Make with Cord-2*2,Snls,0.48,SG-5608
Welt Pocket Stay Stitch-1,Snls,0.1785714285714286,SG-0444
Welt Pocket Stay Stitch-1*1 For Fullness,Snls,0.261,SG-0444
Welt Pocket Strip Deco Stitch-2 Straight,Snls,0.32,SG-5611
Welt Pocket Strip Deco Stitch-1 Straight,Snls,0.16,SG-5611
Welt Pocket Strip Make-2,Snls,0.3571428571428572,SG-5612
Welt Pocket Strip Make-2*2,Snls,0.7142857142857143,SG-5612
Welt Pocket Strip Make-1,Snls,0.13,SG-5612
Welt Pocket Strip Make-2 For Manual Bone,Snls,0.36,SG-5612
Welt Pocket Strip Make-2 For Manual Bone Assembly Large Pc,Snls,0.6,SG-5612
Welt Pocket Strips Make-2*2,Snls,0.42,SG-5603
Welt Pocket top all around wd zip & patch-2,Snls,1.235,SG-5616
Welt Pocket top all around wd zip & patch-1,Snls,0.678,SG-5616
Welt Pocket top all around wd zip & patch-2,Snls,1.235,SG-5616
Welt Pocket top all around wd zip & patch-1,Snls,0.678,SG-5616
Welt Pocket top all around wd zipper-2,Snls,1.15,SG-5617
Welt Pocket top all around wd zipper-1,Snls,0.612,SG-5617
Welt Pocket top all around wd zipper-2,Snls,1.15,SG-5617
Welt Pocket top all around wd zipper-1,Snls,0.612,SG-5617
Welt Pocket Top Stitch (Bottom Side)-2,Snls,0.91,SG-5618
Welt Pocket Top Stitch with Flap (Top Side)-2,Snls,0.641,SG-5618
Welt Pocket Top Stitch-1 (Btm Side),Snls,0.286,SG-5618
Welt Pocket Top Stitch-1 (Top Side),Snls,0.307,SG-5618
Welt Pocket Top Stitch (Top Side)-2,Snls,0.91,SG-5618
Welt Pocket Top Stitch-1(All around with inner patch),Snls,0.509,SG-5618
Welt Pocket Top Stitch with Zip-1 (Btm Side),Snls,0.52,SG-5618
Welt Pocket Top Stitch-2(All around with inner patch),Snls,1.078,SG-5618
Welt Pocket Top Stitch with Zip-2 (Btm Side),Snls,0.72,SG-5618
Welt Pocket Top Stitch (Bottom Side)-2,Snls,0.91,SG-5618
Welt Pocket Top Stitch with Flap (Top Side)-2,Snls,0.72,SG-5618
Welt Pocket Top Stitch-1 (Btm Side),Snls,0.2142857142857143,SG-5618
Welt Pocket Top Stitch-1 (Top Side),Snls,0.307,SG-5618
Welt Pocket Top Stitch (Top Side)-2,Snls,0.91,SG-5618
Welt Pocket Top Stitch-1(All around with inner patch),Snls,0.509,SG-5618
Welt Pocket Top Stitch with Zip-1 (Btm Side),Snls,0.52,SG-5618
Welt Pocket Top Stitch-2(All around with inner patch),Snls,1.078,SG-5618
Welt Pocket Top Stitch with Zip-2 (Btm Side),Snls,0.5714285714285715,SG-5618
Welt Pocket Top Stitch with Zip-2 (Top Side),Snls,0.72,SG-5618
Welt Pocket Top Stitch-2(All around),Snls,0.89,SG-5618
Welt Pocket Top Stitch With Zip-2 (Top Side),Snls,0.82,SG-5618
Welt Pocket Top Stitch with Zip-2 (Btm Side),Snls,0.81,SG-5618
Welt Pocket Top Stitch with Zip-1 (Top Side),Snls,0.52,SG-5618
Welt Pocket Top Stitch with Patch-1(Top Side),Snls,0.36,SG-5618
Welt Pocket Top Stitch With Inner Patch (Top Side)-2,Snls,0.76,SG-5618
Welt Pocket Top Stitch with Zip-1(Btm Side),Snls,0.52,SG-5618
Welt Pocket Top Stitch with Zip-1(Top Side),Snls,0.52,SG-5618
WELT Pocket TOP STITCH WITH FLAP (TOP SIDE)-1,Snls,0.38,SG-5618
WELT Pocket TOP STITCH WITH PATCH-1(BOTTOM SIDE),Snls,0.38,SG-5618
"Welt Pocket Top Stitch (Top Side, 1 Side Flap)-2",Snls,0.63,SG-5618
Welt Pocket Top Stitch (Bottom Side)-2 For Manual Bone,Snls,0.91,SG-5619
Welt Pocket Top Stitch (Bottom Side)-1 For Manual Bone,Snls,0.48,SG-5619
Welt Pocket Top Stitch (Top Side)-1 For Manual Bone,Snls,0.48,SG-5619
Welt Pocket Top Stitch (Top Side)-2 For Manual Bone,Snls,0.91,SG-5619
Welt Pocket Top Stitch (Top Side)-2 For Manual Bone With Inner Pocket Attach,Snls,1.05,SG-5619
Welt Pocket Top Stitch (Bottom Side)-2 For Manual Bone,Snls,0.91,SG-5619
Welt Pocket Top Stitch (Top Side)-2 For Manual Bone,Snls,0.91,SG-5619
Welt Pocket Top Stitch (Bottom Side)-2 For Manual Bone Assembly,Snls,1.3,SG-5620
Welt Pocket Top Stitch (Top Side)-2 For Manual Bone Assembly,Snls,1,SG-5620
Welt Pocket Top Stitch (Bottom Side)-2 For Manual Bone Assembly Large Pc,Snls,3,SG-5620
Welt Pocket Top Stitch (Top Side)-2 For Manual Bone Assembly Large Pc,Snls,3.5,SG-5620
Welt Pocket Top Stitch (Bottom Side)-2 For Manual Bone without Pocket Bag,Snls,1.12,SG-5620
Welt Pocket Top Stitch (Top Side)-2 For Manual Bone Without Pocket Bag,Snls,1.05,SG-5620
Welt Pocket Traingle Stitch At corner-2*2,Snls,0.74,SG-5623
Welt Pocket Zipper Cover For Washing-2,Snls,0.86,SG-5624
Welt Strip Making-1*1,Snls,0.22,SG-5625
Welt Upper Facing Attach to Pocket Lining,Snls,0.296,SG-5516
Welt Upper Facing Attach to Pocket Lining,Snls,0.296,SG-5516
Zipper Attach Stay Stitch-2*2,Snls,0.4,SG-0444
Zipper Attach Stay Stitch-2*2,Snls,0.4,SG-0444
Zipper Attach Stay Stitch-1,Snls,0.35,SG-0444
Zipper Attach Stay Stitch-2*2,Snls,0.4,SG-0444
Zipper Edge Stay Stitch-2,Snls,0.16,SG-0444
Back Cut welt Pocket turn & press-1,Steam Press,0.28,SG-0441
Cut Welt Pocket Strip Press-2 (Cap Formed),Steam Press,0.312,SG-0441
Cut welt Pocket turn & press-1,Steam Press,0.278,SG-0441
CUT WELT Pocket TURN & PRESS WITH LIP-1,Steam Press,0.36,SG-0441
Cut Welt Pocket Turn & Press-2,Steam Press,0.52,SG-0441
Front Welt Pocket Press - 2,Steam Press,0.486,SG-0441
Welt Facing Press (Double Fold)-2,Steam Press,0.32,SG-0441
Welt Facing Press S/F-2,Steam Press,0.19,SG-0441
Welt Pocket Bag Press 2Sides-2,Steam Press,0.53,SG-0441
Welt Pocket Facing Press 1side-1,Steam Press,0.09,SG-0441
Welt Pocket Facing Press 1Side-2*2,Steam Press,0.31,SG-0441
Welt Pocket Facing Press 1side-2,Steam Press,0.17,SG-0441
Welt Pocket Patch Press-2 (4Sides),Steam Press,0.52,SG-0441
Welt Pocket Press - 2,Steam Press,0.486,SG-0441
Welt Pocket Press - 1,Steam Press,0.215,SG-0441
Welt Pocket Press - 2,Steam Press,0.486,SG-0441
Welt Pocket Press - 1,Steam Press,0.215,SG-0441
Welt Pocket Press Top Side-2,Steam Press,0.28,SG-0441
Welt Pocket Press Top Side-1,Steam Press,0.22,SG-0441
Back Pocket Welt Make-2 (Manual) TN,Tnls,0.64,SG-5649
Cut welt Pocket close wd lower patch(2side TN)-1,Tnls,0.286,SG-5641
Cut Welt Pocket Mouth Top(Straight)TN-2,Tnls,0.48,SG-5642
Cut Welt Pocket Mouth Top(Straight)TN-1,Tnls,0.23,SG-5642
Cut welt Pocket top stitch btm side-1 TN,Tnls,0.325,SG-9389
Side Cut Welt Pocket Hem With Lining-2 TN,Tnls,0.48,SG-5644
Side Cut Welt Pocket Top Stitch Btm Side-2 TN,Tnls,0.52,SG-9389
Welt Pocket Close Fashion Stitch(U Shape)-2,Tnls,0.8,SG-9390
Welt Pocket Deco Stitch allround 4side-2,Tnls,2.5,SG-5647
Welt Pocket Fashion Stitch(Mitired)-2,Tnls,0.86,SG-9390
Welt Pocket make-1 (Manual) TN,Tnls,0.45,SG-5649
Welt Pocket Make-2 (Manual) TN With Thread Trim,Tnls,1.05,SG-5649
Welt Pocket Make-1 (Manual) TN With Thread Trim,Tnls,0.55,SG-5649
Welt Pocket Make-2 (Manual) TN With Thread Trim Assembly Large Pc,Tnls,3.5,SG-5649
Welt Pocket Make-2 (Manual) TN with Thread Trim Assembly,Tnls,1.8,SG-5649
Welt Pocket make-1 (Manual) TN at Quilting,Tnls,0.45,SG-5649
Back Welt Pocket Lining Attach Tracing-2,Tracing Pattern,0.24,SG-5670
Back Welt Pocket Make Tracing-1,Tracing Pattern,0.18,SG-5652
Back Welt Pocket Make Tracing-2,Tracing Pattern,0.32,SG-5652
Cut welt Pocket att Tracing-1,Tracing Pattern,0.132,SG-9107
Cut Welt Pocket Close Stitch Tracing-1,Tracing Pattern,0.14,SG-9391
Cut welt Pocket make & close st. Tracing-1,Tracing Pattern,0.196,SG-5656
Cut welt Pocket make Tracing-1,Tracing Pattern,0.1785714285714286,SG-5656
Cut welt Pocket make Tracing-2,Tracing Pattern,0.3214285714285715,SG-5656
Cut Welt Pocket Make Tracing-1,Tracing Pattern,0.14,SG-5656
Cut Welt Pocket Make Tracing-2,Tracing Pattern,0.28,SG-5656
Front Welt Pocket Make Tracing-2,Tracing Pattern,0.32,SG-9315
Front Welt Pocket tracing-1,Tracing Pattern,0.18,SG-9315
Side Cut Welt Pocket Make Tracing-2,Tracing Pattern,0.3214285714285715,SG-5656
Side Cut Welt Pocket Make Tracing-2 For Manual,Tracing Pattern,0.45,SG-5656
Side Cut Welt Pocket Mouth Opening Tracing-2,Tracing Pattern,0.31,SG-9107
Tracing At Welt Inner Patch For Strip Tacking-1,Tracing Pattern,0.15,SG-5662
Tracing At welt Pocket Strip -2*2,Tracing Pattern,0.29,SG-9107
Tracing At Welt Pocket Strip For Make-2,Tracing Pattern,0.24,SG-5664
Tracing At Welt Pocket Strip For Make-1,Tracing Pattern,0.13,SG-5664
Welt Pocket Bag Tracing for Close-1,Tracing Pattern,0.14,SG-5665
Welt Pocket Bag Tracing for Close-2,Tracing Pattern,0.25,SG-5665
Welt Pocket button Hole Tracing-2,Tracing Pattern,0.186,SG-5666
Welt Pocket button Hole Tracing-2,Tracing Pattern,0.186,SG-5666
Welt Pocket Close Stitch Tracing-2 Mitered,Tracing Pattern,0.36,SG-9391
Welt Pocket Deco Stitch Tracing-2*2,Tracing Pattern,0.2142857142857143,SG-9107
Welt Pocket Deco Stitch Tracing 4side allround-2,Tracing Pattern,0.41,SG-4790
Welt Pocket Lining Attach Tracing-1,Tracing Pattern,0.14,SG-5670
Welt Pocket Lining Attach Tracing-2,Tracing Pattern,0.28,SG-5670
Welt Pocket Make & Close Stitch Tracing-2,Tracing Pattern,0.58,SG-5671
Welt Pocket Make & Close Stitch Tracing-2,Tracing Pattern,0.58,SG-5671
Welt Pocket Make & Fashion Stitch Tracing-2,Tracing Pattern,0.47,SG-5672
Welt Pocket Make & Fashion Stitch Tracing-2,Tracing Pattern,0.47,SG-5672
Welt Pocket Make Tracing-2,Tracing Pattern,0.38,SG-5673
Welt Pocket Make Tracing-2 With Box,Tracing Pattern,0.3571428571428572,SG-5673
Welt Pocket make tracing-1,Tracing Pattern,0.178,SG-5673
Welt Pocket make tracing-1 with Box,Tracing Pattern,0.2142857142857143,SG-5673
"Welt Pocket Make Tracing With Back Seam,Notches & Yoke",Tracing Pattern,0.49,SG-5673
"Welt Pocket Make Tracing With Back Seam,Lininig,Notches & Yoke",Tracing Pattern,0.64,SG-5673
"Welt Pocket Make Tracing With Back Seam,Lining & Yoke",Tracing Pattern,0.56,SG-5673
"Welt Pocket Make Tracing-1 With Back Seam,Lininig,Notches & Yoke",Tracing Pattern,0.32,SG-5673
Welt Pocket Make Tracing-2 Assembly,Tracing Pattern,0.7,SG-5673
Welt Pocket make tracing-1 at Lining,Tracing Pattern,0.1785714285714286,SG-5673
Welt Pocket make tracing-1 at Quilting,Tracing Pattern,0.1785714285714286,SG-5673
Welt Pocket Tracing-2,Tracing Pattern,0.321,SG-5677
Welt Pocket Tracing-1,Tracing Pattern,0.178,SG-5677
Back Yoke Panels Top-1,Feed Off Arm,0.14,SG-1400
Yoke Lining Trim-2,Nill,0.18,SG-5679
Yoke Patch Cut Notch-1,Nill,0.09,SG-5680
Back Yoke Panel Secure 4,O/L,0.25,SG-0331
Back Yoke Panels Edge Sec-2(After Join),O/L,0.16,SG-1531
Back Yoke Panels Join-1,O/L,0.18,SG-1531
"FRONT YOKE PATCH SECURE-2 (2 SIDES, 1 CORNER)",O/L,0.24,SG-0331
Yoke Panel Join-1,O/L,0.14,SG-1531
Yoke Panel Join-2,O/L,0.28,SG-1531
Yoke Panel Secure-2,O/L,0.16,SG-0331
BACK YOKE DECO STITCH SN-1,Snls,0.12,SG-9136
Back Yoke Panel Join-2,Snls,0.25,SG-5688
Back Yoke Panel Join-2*2 (Inner And Outer Yoke),Snls,0.53,SG-5688
Back Yoke Piping Fold & Make-2,Snls,0.34,SG-5689
Back Yoke Pleat Stay Stitch-2,Snls,0.123,SG-0444
Front & Back Panels Stay stitch for gathering 3*3,Snls,0.42,SG-0444
Yoke Dart Make-2,Snls,0.31,SG-5692
Yoke Dart Stay Stitch-2,Snls,0.2142857142857143,SG-0444
Yoke Dart Stay Stitch-2*2,Snls,0.32,SG-0444
Yoke Dart Top-2,Snls,0.28,SG-5692
Yoke Deco Stitch -7*2,Snls,0.761,SG-5695
Yoke Lining Stay Stitch 2Sides-2,Snls,0.36,SG-0444
Yoke Lining Stay Stitch 3 Sides-2,Snls,0.44,SG-0444
Yoke Lining Stay Stitch 3Sides-2,Snls,0.42,SG-0444
Yoke Panel Join-1 SN,Snls,0.15,SG-5697
Yoke Patch Attach 1side-2,Snls,0.36,SG-9159
Yoke Patch Attach 2 sided-2,Snls,0.39,SG-9159
Yoke Patch Attach Stay Stitch 2Sides-1 Long Patch,Snls,0.46,SG-0444
Yoke pleat make-2,Snls,0.306,SG-5701
Yoke pleat make-1,Snls,0.15,SG-5701
Yoke Pleat Make-2*2,Snls,0.51,SG-5701
Yoke Pleat Stay Stitch-2,Snls,0.22,SG-0444
Yoke Pleat Stay Stitch-2*2,Snls,0.34,SG-0444
Yoke pleat top-2,Snls,0.24,SG-5703
Yoke pleat top-1,Snls,0.12,SG-5703
Back Yoke Busted join Press-2,Steam Press,0.18,SG-0440
Back Yoke Patch Press- 1 Side Curve,Steam Press,0.61,SG-0441
Back yoke press 2sides curve,Steam Press,0.356,SG-0441
Back yoke press 4sides curve,Steam Press,0.556,SG-0441
Yoke Panel Busted Press-1,Steam Press,0.1,SG-0440
Yoke Patch Press- 1 Side Curve (Long),Steam Press,0.28,SG-0441
Back Yoke Busted join Top-2,Tnls,0.28,SG-1853
Back Yoke Join Top-2*2 (Inner And Outer Yoke),Tnls,0.48,SG-1853
Yoke Dart Top TN-2,Tnls,0.31,SG-5711
Yoke Deco Stitch TN-1,Tnls,0.18,SG-5712
Yoke Deco Stitch TN-2,Tnls,0.25,SG-5712
Yoke Panel Busted Top-1,Tnls,0.17,SG-5713
Yoke Panel top-1,Tnls,0.13,SG-5712
Yoke Panel top-2,Tnls,0.26,SG-5712
YOKE PATCHES ATTACH 1SIDE-2 LONG PATCH,Tnls,0.321,SG-5715
Yoke pleat top TN-2,Tnls,0.24,SG-4076
Yoke pleat top TN-1,Tnls,0.13,SG-4076
Yoke Pleat Top TN-2*2,Tnls,0.46,SG-4076
Yoke Dart Tracing-2,Tracing Pattern,0.23,SG-5717
Yoke Deco Stitch Tracing-1,Tracing Pattern,0.12,SG-5718
Yoke Deco Stitch Tracing-2,Tracing Pattern,0.17,SG-5718
Yoke pleat tracing-2,Tracing Pattern,0.206,SG-5719
Yoke pleat tracing-1,Tracing Pattern,0.1,SG-5719
Yoke Pleat Tracing-2*2,Tracing Pattern,0.34,SG-5719
Back Yoke Deco Stitch-1(Zigzag),Zig Zag,0.17,SG-1375
Tracing for Fashion Stitch-4,Tracing Pattern,0.2,SG-10165
Tracing at Pocket/Panel for Triangular Label & edge margin,Tracing Pattern,0.2,SG-10150
Flap Strip making 1*1,SNLS (UBT),0.437,SG-10517
Strip attach with Flap 1*1,SNLS (UBT),0.453,SG-10772
Attach Fusing on Flap 2,Fusing attach m/c,0.21,SG-0064
Attach fusing on Flap 2*2,Fusing attach m/c,0.399,SG-0064
Attach Fusing on Flap 2*2 (2nd),Fusing attach m/c,0.399,SG-0064
Press Flap 1,Manual,0.22,SG-0441
Press Flap 2,Manual,0.47,SG-0441
Press Flaps 2 (2nd),Manual,0.47,SG-0441
Press Flaps 2 (3rd),Manual,0.47,SG-0441
Press Flaps 2 (4th),Manual,0.47,SG-0441
Press Flap 4 corners (1 part) 2,Manual,0.655,SG-0441
Press Flap 4 corners (1 part) 2 (2nd),Manual,0.655,SG-0441
Press Flap 2 (Round Shape),Manual,0.8,SG-0441
Press Flap 2 (2nd) Round Shape,Manual,0.8,SG-0441
Tracing at Flap for corner making,Tracing Pattern,0.34,SG-10135
Flap corners making 3*3,SNLS (UBT),1.05,SG-10513
Flap Macking with self edge folding,SNLS (UBT),2.8,SG-10514
Flap Macking with self edge folding 2nd,SNLS (UBT),,SG-10514
Press Flap Strip 2,Manual,0.21,SG-0441
Press Flap Strip 2 (2nd),Manual,0.24,SG-0441
Flap Edge cutting,Manual,0.51,SG-9956
Flap Macking Tracing 2,Tracing Pattern,0.197,SG-9957
Flap Macking Tracing 2 (2nd),Tracing Pattern,0.197,SG-9957
Knee Flap Macking 2 Tracing,Tracing Pattern,0.197,SG-9992
Flap Macking Tracing 1,Tracing Pattern,0.197,SG-9957
Flap Making Tracing 2 (Shaped),Tracing Pattern,0.197,SG-9959
Set Flap 2 (Shaped),SNLS (UBT),0.55,SG-10703
Tracing For show stitch at flap 2*2,Tracing Pattern,0.197,SG-10181
Tracing For show stitch at flap 2*2 (2nd),SNLS (UBT),0.197,SG-10881
Flap Show stitch 2*2,SNLS (UBT),0.59,SG-10516
Flap Show stitch 2*2 (2nd),SNLS (UBT),0.59,SG-10516
Tracing for snappers 2*2 on flap (bw),Tracing Pattern,0.274,SG-10186
Top Stitch Flap 2 (Shirts & Jackets),SNLS (UBT),0.484,SG-2994
Set Flap 2,SNLS (UBT),0.342,SG-10703
Set Flap 2 (2nd),SNLS (UBT),0.342,SG-10703
Flap Macking Front 2,DNLS (UBT),1.034,SG-9702
Flap Macking Back 2,DNLS (UBT),1.034,SG-9699
Flap Macking Thigh 2,DNLS (UBT),1.034,SG-9703
Flap Making Thigh Pocket,DNLS (UBT),1.034,SG-9706
Flap Making Thigh 2 (Grans Size),DNLS (UBT),1.034,SG-9705
Flap Macking Fashion,DNLS (UBT),1.034,SG-9701
Flap Corners insertion Handling,SNLS (UBT),0.215,SG-10512
Flap Corners insertion Handling (2nd),SNLS (UBT),0.215,SG-10512
Flap Macking 1,DNLS (UBT),0.625,SG-9698
Flap cut & Turn-2,Manual,0.648,SG-9955
Flap cut & Turn-2 (2nd),Manual,0.648,SG-9955
Flap Over Lock 2,3T O/L,0.089,SG-9430
Flap Over Lock 2 2nd,3T O/L,0.089,SG-9431
Flap Over Lock 2 (3rd),3T O/L,0.089,SG-9430
Flap Over Lock 2 With cutting,3T O/L,0.18,SG-9430
Flap Over Lock 2 With cutting (2nd),3T O/L,0.18,SG-9430
Tracing on Flap (MMT),Tracing Pattern,0.167,SG-10197
Tracing on Flap (MMT) 2nd,Tracing Pattern,0.167,SG-10198
Secure Flap Side,SNLS (UBT),0.215,SG-10666
Flap Eyelet (2),Eyelet,0.28,SG-0124
Flap Macking Tracing corner 2,Tracing Pattern,0.237,SG-9958
Flap Making Tracing 4 corner (2nd),Tracing Pattern,0.237,SG-9960
Set Flap 2 4 corner,SNLS (UBT),0.61,SG-10704
Set Flap 2 4 corner (2nd),SNLS (UBT),0.61,SG-10704
Flap 4 corner Trim & turn 1*1,Manual,0.571,SG-9954
Flap 4 corner Trim & turn 1*1 (2nd),Manual,0.571,SG-9954
Flap Macking 4 corner,DNLS (UBT),1.034,SG-9700
Flap making 4 corner (2nd),DNLS (UBT),1.034,SG-9704
Eyelet (2),Eyelet,0.28,SG-0124
Press bellow Pkt Patti 1*1,Manual,0.771,SG-0441
Press bellow Pkt Patti 1*1 2nd,Manual,0.771,SG-0441
Bellow Pocket Making 1*1,SNLS (UBT),1.75,SG-10383
Bellow Pocket Making 1*1 2nd,SNLS (UBT),1.75,SG-10385
Bellow Pocket Making 1*1 Handling,SNLS (UBT),1.977,SG-10384
Bellow Pocket Making 1*1 Handling (2nd),SNLS (UBT),1.977,SG-10384
Knee bellow pkt darts tracing,Tracing Pattern,0.3184583333333333,SG-9991
Knee bellow pkt corners tacking,SNLS (UBT),0.5927,SG-10595
Knee bellow pkt corners O/L 2*2,SNLS (UBT),0.2732249999999999,SG-10594
Thigh Pocket Edge corner Trim & turn 2*2,Manual,0.7662666666666668,SG-10104
Attach Fly fusing on Panel,Manual,0.25,SG-0064
Fusing Attach at panel (2),Fusing attach m/c,0.5,SG-0064
Press Adjuster 1*1,Manual,1.3,SG-0441
Adjusters making (U shape inner +outer stitches) 1*1,SNLS (UBT),3.01,SG-10233
Tack Cut Pkt from sides 2,SNLS (UBT),0.305,SG-10779
Hook Attachment 1 before wash (New),Punch rivets & button m/c,0.2748634666666666,SG-0030
Bar Attachment 1 before wash (New),Punch rivets & button m/c,0.2082801,SG-0030
Hook Attachment 1*1 before wash (New),Punch rivets & button m/c,0.539,SG-0030
Bar Attachment 1*1 before wash (New),Punch rivets & button m/c,0.501,SG-0030
Tracing at Waist Band for Hook & Bar attach 2*2,Tracing Pattern,0.497,SG-10154
Bone Strip Attach (Kacha) 1,SNLS (UBT),0.4,SG-10405
Tracing for bone on panel 1,Tracing Pattern,0.12,SG-10160
Bone making manual 1,SNLS (UBT),0.4,SG-10399
Turn bone pkt 1,Manual,0.15,SG-10203
Cut & Turn bone pkt 1,Manual,0.4,SG-9914
Press bone upper lip,Manual,0.15,SG-0441
Press bone lower lip,Manual,0.15,SG-0441
Top stitch on strip (Upper) 1,SNLS (UBT),0.208624,SG-10863
Top stitch on strip (Lower) 1,SNLS (UBT),0.165,SG-10863
Attach fusing on bone lip 1,Fusing attach m/c,0.15,SG-0064
Bone making manual 2 (diagonal),SNLS (UBT),1.0828,SG-10399
Bone Strip Attach Overlock,3T O/L,0.35,SG-9409
Cut pocket making 1,SNLS (UBT),0.4,SG-10484
Cut Notches at facing,Manual,0.2179431458333334,SG-9923
Cut notches 6*6,Manual,0.702,SG-9921
Top stitch on cut pkt (3sides),SNLS (UBT),0.4,SG-10862
Cut bone pocket bag close 2sides 1,SNLS (UBT),0.5567200000000001,SG-10483
Cut bone pocket bag o/l 2sides 1,3T O/L,0.26,SG-9422
Top stitch on bone pkt (3sides),SNLS (UBT),0.4,SG-10860
Front Cut Pkt Strip Overlock 1*1,3T O/L,0.26,SG-9432
Cut Pocket top Stitch (tilted 3 times),SNLS (UBT),0.6,SG-10485
Tacking bone pkt bag at sides 2,SNLS (UBT),0.25,SG-10806
Bone pkt corner tacking 2,SNLS (UBT),0.75,SG-10400
Set Bone Pkt inner Strip,SNLS (UBT),0.576,SG-10685
Show stitch at bone pkt strips handling,SNLS (UBT),0.471,SG-10736
Press Waist Band (Hem Fold) Manual,Manual,0.401,SG-0441
Set Waist Band having V Shape + Cut & Turn,SNLS (UBT),1.092,SG-10728
Press Waist Band (Busted),Manual,0.418,SG-0441
Tracing at Waist Band for Attachment,Tracing Pattern,0.34,SG-10153
Bone pkt strip corner back tack 4*4,SNLS (UBT),1,SG-10404
Over Lock Bone Pocket Strips 4 sides 1*1 (panel handling),3T O/L,0.36,SG-9456
Over Lock Bone Pocket Strips 4 sides 1*1 (panel handling) 2,3T O/L,0.49,SG-9456
Close bone pkt bag 2 sides 1,SNLS (UBT),0.25,SG-10451
Close bone pocket bag 3sides (folded) with lock stitch 2,SNLS (UBT),1.605672,SG-10452
Top stitch on bone pocket (straight) 1,SNLS (UBT),0.55,SG-10861
Close bone pocket bags 3 sides (folded) 1,SNLS (UBT),1.22,SG-10453
Stitch at Bone pocket bag 2 sides 2*2,SNLS (UBT),1.073005,SG-10771
Stay stitch at bone pkt bag 2 sides 1,SNLS (UBT),0.65,SG-10766
Watch pocket o/l 2sides ( 15 SPI & above),3T O/L,0.12,SG-9520
Over Lock Watch Pocket 1 side ( 15 SPI & above),3T O/L,0.09,SG-9467
Hem watch pocket o/l,3T O/L,0.096,SG-0331
Hem watch pocket o/l (2nd),3T O/L,0.068,SG-0331
Hem watch pocket o/l (15 SPI & above),3T O/L,0.09,SG-0331
Watch pocket o/l 2sides,3T O/L,0.12,SG-9520
Watch pocket o/l 2sides (2nd),3T O/L,0.12,SG-9520
Watch pocket edges o/l (4sides),3T O/L,0.12,SG-9519
Watch Pocket Strips Over Lock,3T O/L,0.097,SG-9521
Over Lock Watch Pocket 1 side,3T O/L,0.09,SG-9467
Hem Watch Pocket 3rd,SNLS (UBT),0.15,SG-5269
Hem Watch Pocket 2nd,DNLS (UBT),0.132,SG-5269
Hem Watch Pocket,DNLS (UBT),0.132,SG-5269
Hem Watch Pocket (Zig Zag),Zig-zag machine,0.132,SG-1375
Hem Watch Pocket Center Stitch,SNLS (UBT),0.132,SG-10571
Hem Front Pocket,DNLS (UBT),0.171,SG-5269
Hem Front Pocket (lock stitch),SNLS (UBT),0.171,SG-5269
Hem top watch pocket strip,DNLS (UBT),0.18,SG-5269
Strip attach with Watch pkt,SNLS (UBT),0.281,SG-10772
Press Front pocket (round),Manual,0.38,SG-0441
Hem watch pocket (sandwich),DNLS (UBT),0.2044155,SG-5269
Attach label at watch pocket 4 sided,SNLS (UBT),0.319,SG-5370
Attach label (4-sided),SNLS (UBT),0.319,SG-4200
Attatch Watch Pkt triangular Label,SNLS (UBT),0.34,SG-10354
Attach triangular Label,SNLS (UBT),0.34,SG-10328
Attach label at Fly 4 sided,SNLS (UBT),0.35,SG-4239
Attach Logo label (4-sided) Tough Handling,SNLS (UBT),0.78,SG-10298
Press watch pocket hem (single fold),Manual,0.085,SG-0441
Press watch pocket (straight),Manual,0.12,SG-0441
Watch pocket hem press,Manual,0.19,SG-0441
Watch pocket hem press (2nd),Manual,0.19,SG-0441
Press Watch pocket (Mitred),Manual,0.16,SG-0441
Attach Watch Pocket Press Fashion,Manual,0.16,SG-0441
Press Watch pocket hem strip,Manual,0.1,SG-0441
Press Watch pocket hem strip 1st,Manual,0.11,SG-0441
Press Watch pocket hem strip 2nd,Manual,0.11,SG-0441
Watch Pocket panel press,Manual,0.12,SG-0441
Tracing for watch pocket show stitch 2nd,Tracing Pattern,0.12,SG-9319
Tracing For W/P pleat 2,Tracing Pattern,0.17,SG-10189
Facing Notch Tracing,Tracing Pattern,0.17,SG-9950
Tracing For Watch Pocket,Tracing Pattern,0.1,SG-5420
Tracing at Facing for Notches & W/P attachment,Tracing Pattern,0.27,SG-5398
Tracing at Facing for Notches & W/P + WB high low,Tracing Pattern,0.31,SG-10134
Tracing at Watch Pocket (Fashion),Tracing Pattern,0.22,SG-5414
Label Pasting,Manual,0.3042047999999999,SG-9993
Tracing for label attach at watch pocket,Tracing Pattern,0.1,SG-9319
watch pocket twill tape cutting (after set),Manual,0.1,SG-10213
watch pocket twill tape cutting (after set) 2nd,Manual,0.1,SG-10214
Watch Pocket Attach,DNLS (UBT),0.209,SG-5370
Watch pocket attach (PC lining),DNLS (UBT),0.209,SG-5370
Watch Pocket Attach (having joint),DNLS (UBT),0.265,SG-5370
Attach Watch Pocket 1st side,SNLS (UBT),0.13,SG-5370
Attach Watch Pocket 2nd side,DNLS (UBT),0.12,SG-5370
Watch Pocket show stitch,SNLS (UBT),0.13,SG-10902
Watch Pocket show stitch 2nd,SNLS (UBT),0.12,SG-10903
Show Stitch Watch Pocket,SNLS (UBT),0.648,SG-10739
Attach Watch Pocket Fashion 1st Stitch,SNLS (UBT),0.4,SG-9371
Watch pocket show stitch (tilted),SNLS (UBT),0.13,SG-10902
Set Watch Pocket hem strip,SNLS (UBT),0.132,SG-5269
Attach watch pocket (mitered),SNLS (UBT),0.65,SG-5370
Attach watch pocket (mitred)(2nd),SNLS (UBT),0.65,SG-5370
WATCH PKT SHOW STITCH,SNLS (UBT),0.535,SG-10901
Attach watch pocket 1stitch only (mitered),SNLS (UBT),0.4,SG-10339
Attach Watch Pocket Miterd,SNLS (UBT),0.504,SG-10338
Watch pkt top stitch mitered (curvy corners),SNLS (UBT),0.27,SG-5340
Attach Watch Pocket Fashion 2nd Stitch,SNLS (UBT),0.27,SG-9371
Set Watch Pocket,SNLS (UBT),0.24,SG-10732
Fashion stitch at watch pocket corners,SNLS (UBT),0.28,SG-9371
Attach Watch Pocket Fashion 1st Stitch 2nd,SNLS (UBT),0.42,SG-9371
Attach Watch Pocket Fashion 3rd Stitch,SNLS (UBT),0.27,SG-9371
Attach Watch Pocket 2Stithes,SNLS (UBT),0.54,SG-5370
Attach Watch Pkt Extra Stitches,SNLS (UBT),0.67,SG-10333
Watch Pocket Fashion Stitch,SNLS (UBT),0.52,SG-9371
Attatch Watch Pocket Fashion 2 St,SNLS (UBT),0.65,SG-10355
Set dart/pleat on watch pocket 1,SNLS (UBT),0.16,SG-10700
Set dart/pleat on watch pocket 2,SNLS (UBT),0.3,SG-10700
Top stitch dart/pleat on watch pocket 2,SNLS (UBT),0.28,SG-10847
Top stitch dart/pleat on watch pocket 1,SNLS (UBT),0.135,SG-10847
Watch pocket Strip Cut & Turn,Manual,0.17,SG-9366
Press Patch Back,Manual,0.56,SG-0441
Top stitch Front knee Panel (curvy having overlapping pleats) 1*1 (full length),SNLS (UBT),0.325,SG-3402
Set Front knee panel curvy with lock stitch,SNLS (UBT),0.4280039999999999,SG-10707
Facing Over Lock,3T O/L,0.12,SG-0331
Facing Over Lock (15 SPI & above),3T O/L,0.135,SG-0331
Facing Over Lock (handling),3T O/L,0.128,SG-0331
Over Lock Round Strips,3T O/L,0.12,SG-9466
Over Lock Pocket Round Fashion 2 Strips,3T O/L,0.14,SG-9465
Attach Facing to Lining 1,SNLS (UBT),0.12,SG-10276
Dart at facing,SNLS (UBT),0.16,SG-10486
Dart press at facing 1,Manual,0.12,SG-0441
Set dart/pleat on pocket 1,SNLS (UBT),0.167,SG-10699
Top stitch dart/pleat on pocket 1,DNLS (UBT),0.1766171875,SG-9224
Pocket Join 1,5T O/L,0.171,SG-9592
Top stitch on pocket 1,DNLS (UBT),0.1778656666666667,SG-9739
Facing strip Join 1,SNLS (UBT),0.154,SG-10507
Press Facing strip 1,Manual,0.12,SG-0441
Press Facing strip 1*1,Manual,0.22,SG-0441
Press facing,Manual,0.25,SG-0441
Press facing (L shape) 1*1,Manual,0.35,SG-0441
Press Facing strip 1*1 (Tough Handling),Manual,0.35,SG-0441
Press Facing strip 1*1 (Straight),Manual,0.288,SG-0441
Press Facing strip 1*1 (Straight) 2nd,Manual,0.288,SG-0441
Top Stitch Facing Strip 1,SNLS (UBT),0.154,SG-10848
Attatch W/B High Lo Facing Tracing,Tracing Pattern,0.12,SG-9856
Tracing at Facing for Notches & side MMT,Tracing Pattern,0.281,SG-10132
Facing Run Stitch,SNLS (UBT),0.16,SG-10506
Punch Stitch Pocket Bag,SNLS (UBT),0.134,SG-3629
Tacking for fullness,SNLS (UBT),0.134,SG-10810
Tacking at facing 1*1,SNLS (UBT),0.29,SG-2739
Pleat/Dart at facing 1*1,SNLS (UBT),0.29,SG-10643
Facing Stitch Top D/N,DNLS (UBT),0.15,SG-9697
Facing strip Join 1*1,SNLS (UBT),0.3,SG-10507
Facing attachment (overlapped),SNLS (UBT),0.269004,SG-10505
Top Stitch Facing Strip 1*1,SNLS (UBT),0.28,SG-10848
Attach Facing to Lining 2*2 dangry,SNLS (UBT),1.45,SG-10277
Tracing For show stitch at facing,Tracing Pattern,0.12,SG-10180
Attach Facing to Lining,SNLS (UBT),0.28,SG-10276
Attach Facing to Lining (special lining),SNLS (UBT),0.503,SG-10276
Attach facing to lining L shape,SNLS (UBT),0.397,SG-10278
Attach facing to lining (cover stitch),Cover Stitch Machine,0.186,SG-4545
Attach facing to lining (cover stitch) mesh lining,Cover Stitch Machine,0.32,SG-9666
Attach facing to lining (cover stitch) Grand size,Cover Stitch Machine,0.3414247499999999,SG-9665
Attach round strips 1*1,Cover Stitch Machine,0.28,SG-9667
Attach round strips 1*1 Grand size,Cover Stitch Machine,0.3589143,SG-9668
Attach Facing to Lining 1*1 (Straight),SNLS (UBT),0.38,SG-10276
Attach Facing to Lining 1*1 (Straight) 2nd,SNLS (UBT),0.38,SG-10279
Tacking On Facing Strip Att,SNLS (UBT),0.32,SG-10813
Facing trimming 1 side,3T O/L,0.094,SG-0331
Close pocket bag,3T O/L,0.28,SG-9419
Pocket bag edge side o/l,3T O/L,0.1,SG-9491
Close pocket bag (L shape),3T O/L,0.34,SG-9419
Close Stitch pocket bag (S shape),3T O/L,0.34,SG-9421
Close pkt bag S shape + edge folding,3T O/L,0.4501065,SG-9418
Close pocket bag (safety),5T O/L,0.283,SG-4554
Close pocket bag (safety) 2 Separate parts,5T O/L,0.283,SG-9548
Close pocket bag (safety S shape),5T O/L,0.283,SG-4554
Close pocket bag (safety S shape) mesh lining,5T O/L,0.568,SG-9546
Close pocket bag (safety) (15 SPI & above),5T O/L,0.69,SG-4554
Close pocket bag (shaped),3T O/L,0.476,SG-9419
Top Stitch Pocket Bag (Mesh Lining),SNLS (UBT),0.672,SG-1672
Pocket bag separating stitch 1*1 Mesh lining,SNLS (UBT),0.77,SG-10646
Pocket bag tacking with folding,SNLS (UBT),0.4184800000000001,SG-10647
Close Stitch Pocket bag 3 side (knitted lining),SNLS (UBT),0.871,SG-10454
Close pocket bag 2 separate parts (Handling),3T O/L,0.582,SG-9420
Pocket bag trimming,3T O/L,0.1047083333333333,SG-9492
Pocket bag trimming (2nd),3T O/L,0.1047083333333333,SG-9492
Top Stitch Pocket bag,SNLS (UBT),0.288,SG-4595
Top Stitch Pocket bag (S shape),SNLS (UBT),0.44,SG-1672
Top Stitch Pocket (L shape),SNLS (UBT),0.44,SG-0857
Top Stitch Pocket bag ( tilted twice ),SNLS (UBT),1.131,SG-1672
Top Stitch Pocket bag 1 side (knitted lining),SNLS (UBT),0.35,SG-1659
Top St. Pkt Bag with folding (normal lining),SNLS (UBT),0.293,SG-10822
Tacking at Cargo pockets dart 4*4,SNLS (UBT),0.6,SG-10790
Tacking at Cargo pockets dart 4*4 (2nd),SNLS (UBT),0.6,SG-10790
Press Cargo Pocket hem,Manual,0.194,SG-0441
Press Cargo Pocket hem (2nd),Manual,0.194,SG-0441
Press Cargo Pocket hem (Joints + Grand size),Manual,0.194,SG-0441
Cargo Pocket Press,Manual,0.482,SG-0441
Cargo Pocket Press 2nd,Manual,0.482,SG-0441
Cargo Pocket Press ( Joints + Grand size),Manual,0.365,SG-0441
Thigh pocket press (4 corners) handling,Manual,0.388,SG-0441
Press Cargo pocket (round) having darts,Manual,0.506,SG-0441
Hem Thigh Pocket Over Lock,3T O/L,0.12,SG-9451
Thigh pockets edge o/l (4sides),3T O/L,0.24,SG-9516
Thigh pockets edge o/l (3sides) 1*1,3T O/L,0.2711933333333333,SG-9516
Thigh pockets edge o/l (3sides) 2nd 1*1,3T O/L,0.2711933333333333,SG-9518
Hem Back Pocket Over Lock,3T O/L,0.12,SG-0331
Back pocket strip overlock 2,3T O/L,0.18,SG-9398
Pocket Side Over Lock,3T O/L,0.1,SG-9493
Back Pocket Strip Over Lock,3T O/L,0.284,SG-9397
Back pockets edge o/l (2sides),3T O/L,0.18,SG-9399
B/pkt edge o/l (3sides) 1*1,3T O/L,0.2711933333333333,SG-9393
Back pockets edge o/l (4sides),3T O/L,0.24,SG-9399
Back pockets edge o/l (4sides)( 15 SPI & above),3T O/L,0.24,SG-9399
Back pockets edge o/l (4sides) pair,3T O/L,0.351,SG-9400
Back pockets edge o/l (5sides) pair,3T O/L,0.351,SG-9400
Thigh pocket edge o/l (5sides),3T O/L,0.24,SG-9515
Front pockets edge o/l (5sides),3T O/L,0.24,SG-9438
Back pockets edge o/l (4sides) pair ( 15 SPI & above),3T O/L,0.38,SG-9400
Hem Front Pocket Over Lock,3T O/L,0.12,SG-9450
Front pkt edge o/l (2 sides),3T O/L,0.201,SG-9437
Front pkt edge o/l (3sides) 1*1,3T O/L,0.2711933333333333,SG-9437
Front pkt edge o/l (3sides) 1,3T O/L,0.201,SG-9437
Front pockets edge o/l (4sides) pair,3T O/L,0.38,SG-9439
Hem Back Pocket,DNCS (UBT),0.171,SG-5269
Hem Back Pocket 2nd,DNCS (UBT),0.171,SG-5269
Hem back pocket 1,DNCS (UBT),0.09,SG-5269
Back Pocket Hem fashion stitch 2nd,SNLS (UBT),0.35,SG-5269
Back Pocket Hem fashion stitch,SNLS (UBT),0.35,SG-5269
Hem Back Pocket DNCS (Wide width Handling),DNCS (UBT),0.2,SG-9670
Hem Back Pocket (lock stitch),SNLS (UBT),0.171,SG-5269
Hem Back Pocket (lock stitch) 2nd,SNLS (UBT),0.171,SG-5269
Hem Back Pocket Pleat top,SNLS (UBT),0.28,SG-2049
Back pocket hem strip attach 2,Manual,0.38,SG-9867
Top Stitch on Back Pkt Strips,SNLS (UBT),0.3,SG-1610
Set back pkt strips 1*1 (s shape),SNLS (UBT),0.497262,SG-10681
Back pkt strips Overlock 1*1 (s shape),3T O/L,0.2673384000000001,SG-9396
Top Stitch Back Pocket Strips 2nd,SNLS (UBT),0.6377760000000002,SG-9150
Top Stitch Back Pocket Strips,SNLS (UBT),0.3,SG-9150
Set Back Pocket Strips 2+Cut & Turn,SNLS (UBT),0.6339488000000002,SG-10683
Set Back Pocket Strip,SNLS (UBT),0.32,SG-10682
Set back pocket strip (slanted),SNLS (UBT),0.3986759999999999,SG-10682
Set dart/pleat on back pocket 2,SNLS (UBT),0.3,SG-10698
Set dart/pleat on back pocket 1,SNLS (UBT),0.16,SG-10698
Tacking at back pockets dart 1*1,SNLS (UBT),0.28,SG-10785
Tacking at back pockets dart 2*2,SNLS (UBT),0.45,SG-10785
Stay stitch at back pocket centre 2,SNLS (UBT),0.3,SG-10764
Tracing on pocket for curvy shape (handling),Tracing Pattern,0.398,SG-10200
Set pocket curvy shape (handling),SNLS (UBT),1.317,SG-10726
Cut & Turn pocket curvy shapy (Handling),Manual,1.638,SG-9915
Top stitch back pocket shapy (handling),SNLS (UBT),1.428,SG-1695
Back Pocket Fashion Stitch (tilted 4 times) 1*1,SNLS (UBT),0.98,SG-9149
Back Pocket Mock Sticth,SNLS (UBT),0.566,SG-10369
Back Pocket Mock Sticth 2nd,SNLS (UBT),0.3,SG-10370
Top Stitch on Back Pocket panel,SNLS (UBT),0.3,SG-9141
Cargo Pocket Hem 1,SNLS (UBT),0.09,SG-5269
Knee Pocket Hem,SNLS (UBT),0.171,SG-5269
Knee Pocket Hem 2nd,SNLS (UBT),0.171,SG-5269
Knee Pocket Hem ( Joints + Grand size),SNLS (UBT),0.24,SG-5269
Press Front Pocket hem,Manual,0.194,SG-0441
Fusing Pasting,Manual,0.177,SG-9981
Press back pocket hem strip,Manual,0.198,SG-0441
Press back pocket strip (fashion),Manual,0.308,SG-0441
Press Back Pocket hem 1st pleat,Manual,0.194,SG-0441
Press Back Pocket hem 2nd pleat,Manual,0.194,SG-0441
Press front pockets fashion,Manual,0.308,SG-0441
Press back pocket panel 2 (busted),Manual,0.198,SG-0441
Press Back Pocket (simple),Manual,0.308,SG-0441
Press Back Pocket hem 1 (double fold),Manual,0.12,SG-0441
Press Back Pocket hem 1 (single fold),Manual,0.12,SG-0441
Press Back Pocket (embroidery),Manual,0.308,SG-0441
Press back pocket (pattern handling),Manual,0.308,SG-0441
Press back pocket (round),Manual,0.37,SG-0441
Press back pocket Fashion (round),Manual,0.4,SG-0441
Press back pocket (pattern handling),Manual,0.18,SG-0441
Press back pkt (4 corners) pattern handling,Manual,0.388,SG-0441
Front pocket press (4 corners) handling,Manual,0.388,SG-0441
Press Back Pkt Fashion Press,Manual,0.37,SG-0441
Press back pocket 1,Manual,0.18,SG-0441
Back pocket press (2nd),Manual,0.18,SG-0441
Press Back Pocket hem,Manual,0.194,SG-0441
Back pocket hem press (double fold),Manual,0.198,SG-0441
Press Cargo Pocket hem (double fold),Manual,0.198,SG-0441
Press Cargo Pocket hem (double fold) 2nd,Manual,0.198,SG-0441
Back pocket hem press (double fold) (Grand Size),Manual,0.26,SG-0441
Back pocket hem press (double fold with Curvy shape Tough Handling),Manual,0.647,SG-0441
Press back pocket hem (handling),Manual,0.194,SG-0441
Front pocket hem press (double fold),Manual,0.198,SG-0441
Press back pocket panel 2,Manual,0.198,SG-0441
Back pocket dart press 2 (2nd),Manual,0.198,SG-0441
Fusing Removing (handling),Manual,0.242,SG-9983
Back pocket dart/pleat tracing,Tracing Pattern,0.19,SG-9172
Back Pocket Fashion Stitch Tracing,Tracing Pattern,0.3,SG-9865
Press Double Fly sides 1*1,Manual,0.313,SG-0441
Press Fly,Manual,0.32,SG-0441
Over Lock Fly,3T O/L,0.099,SG-0354
Over Lock Fly with cut,3T O/L,0.099,SG-0354
Tacking at fly 1*1 with turn,SNLS (UBT),0.2,SG-10791
Over Lock Fly (SPI),3T O/L,0.16,SG-0354
Over Lock Fly 1*1,3T O/L,0.198,SG-0354
Over Lock Fly box,3T O/L,0.12,SG-9459
Over Lock Button Fly,3T O/L,0.122,SG-9457
Fly Set (Fashion),SNLS (UBT),0.567,SG-10523
Set Fly (straight),3T O/L,0.14,SG-9504
Set Fly straight 1*1,3T O/L,0.57,SG-9506
Set Fly straight 1*1 (2nd),3T O/L,0.57,SG-9506
Set Fly (round),3T O/L,0.14,SG-9504
Set Fly (round) 1*1,3T O/L,0.14,SG-9504
Fly making (shapy),SNLS (UBT),0.3,SG-10520
Cut Notches + Fly turn inside out (shapy),Manual,0.3,SG-9927
Fly Top Stitch,SNLS (UBT),0.279,SG-10525
Top stitch Fly (Fashion),SNLS (UBT),0.652,SG-10851
Fly Top stitch (shapy),SNLS (UBT),0.25,SG-10525
Over Lock Fly box 3 side (Narrow SPI),3T O/L,0.234,SG-9460
Set Fly (straight) (15 SPI & above),3T O/L,0.14,SG-9504
Set Fly (straight) (15 SPI & above) 2nd,3T O/L,0.14,SG-9505
overlock double fly 1*1,3T O/L,0.3144525,SG-9470
overlock double fly 1*1 (L shape),3T O/L,0.2440389583333333,SG-9470
Over Lock Fly extra large length,3T O/L,0.25,SG-9461
Overlock fly box (narrow SPI),3T O/L,0.11,SG-9471
Over Lock Button Fly (15 SPI & above),3T O/L,0.211,SG-9457
Fly making (without set),SNLS (UBT),0.214,SG-10520
Fly piping Tacking 2,SNLS (UBT),0.1813482,SG-10522
Attach Piping Single Fly,SNLS (UBT),0.19,SG-3076
Attach Piping Double Fly,SNLS (UBT),0.18,SG-3076
Fly Attach With Panel,SNLS (UBT),0.603,SG-3322
Attach Zip to Fly (3/5mm) with zip tape folding,DNLS (UBT),0.146,SG-9677
Attach Zip to Fly (3/5mm) Handling,DNLS (UBT),0.17,SG-9678
Double Fly Attachment to Zip Levi's Style,SNLS (UBT),0.109,SG-10493
Fly Making With SNLS for Levi's style,SNLS (UBT),0.214,SG-10520
Attach fusing on single fly 1*1,Fusing attach m/c,0.1477748,SG-0064
Attach fusing on double fly 1*1,Fusing attach m/c,0.15,SG-0064
Attach fusing on single fly,Fusing attach m/c,0.1477748,SG-0064
Attach fusing on double fly,Fusing attach m/c,0.15,SG-0064
Fusing press on fly,Manual,0.207,SG-0441
Patch pasting on single fly,Manual,0.1661724,SG-10016
Patch pasting on double fly,Manual,0.155,SG-10015
Tracing at Fly for Hook & Zip attachment,Tracing Pattern,0.113,SG-10136
Tracing at Box Fly for Bar attachment,Tracing Pattern,0.108,SG-10126
Fly tracing for Set,Tracing Pattern,0.115,SG-9961
Tracing for (2-3) labels at belt,Tracing Pattern,0.25,SG-10173
Attach Label Fly 2,SNLS (UBT),0.17,SG-4194
Attach Label Fly 3,SNLS (UBT),0.17,SG-4194
Attach label at facing / pkt bag,SNLS (UBT),0.2,SG-10293
Attach label at facing / pkt bags (2),SNLS (UBT),0.221,SG-10294
Attach label at facing / pkt bags (3),SNLS (UBT),0.248,SG-10294
Attach Label Fly 3 (Jagging),SNLS (UBT),0.209,SG-4194
Attach Care & Size Label (4 Label),SNLS (UBT),0.24,SG-10265
Attach Couler Label,SNLS (UBT),0.174,SG-10269
Attach label at Fly (3-sided) small label insertion,SNLS (UBT),0.34,SG-10295
Attach Size Label (jegging ring),SNLS (UBT),0.174,SG-4239
Attach Care label (jegging ring),SNLS (UBT),0.1,SG-4184
Attach Cut Label (jegging ring),SNLS (UBT),0.164,SG-10272
Attach Shade Label (jegging ring),SNLS (UBT),0.1,SG-10321
Attach Size Label,SNLS (UBT),0.12,SG-4239
Attach Care & Size Label,SNLS (UBT),0.12,SG-10265
Attach Coloure Label,SNLS (UBT),0.12,SG-10268
Attach Care label,SNLS (UBT),0.12,SG-4184
Attach Size Label 2nd,SNLS (UBT),0.1,SG-4239
Attach Care label 2nd,SNLS (UBT),0.1,SG-4184
Attach W/ O Label,SNLS (UBT),0.1,SG-10331
Attach Cut Label,SNLS (UBT),0.1,SG-10272
Attach WashLoad Label,SNLS (UBT),0.174,SG-10332
Reinforcement Back Patch over lock 2sides (3 patches),3T O/L,0.28,SG-9494
Reinforcement Back Patch cutting (3 patches),Manual,0.07,SG-4887
Reinforcement Back Patch over lock 2sides (4 patches),3T O/L,0.28,SG-9494
Reinforcement Back Patch cutting (4 patches),Manual,0.07,SG-4887
Reinforcement Back Patch over lock 2sides (4 patches) 2nd,3T O/L,0.28,SG-9495
Reinforcement Back Patch cutting (4 patches) 2nd,Manual,0.07,SG-10093
Reinforcement patch fold & Tack with SNLS 4 pcs,SNLS (UBT),0.443,SG-10654
Reinforcement patch over lock 1 sides (4 patches) after Tacking,3T O/L,0.174,SG-9498
Reinforcement patch cutting 4 Patches,Manual,0.25,SG-10095
Reinforcement Patch Fold & over lock 1 sides (4 patches),3T O/L,0.38,SG-9497
Reinforcement Back Patch Over Lock 2 Sides 1*1,3T O/L,0.26,SG-9494
Reinforcement Back Patch 1*1 Cutting,Manual,0.05,SG-4887
Reinforcement front Patch Over Lock 2 Sides 1*1,3T O/L,0.26,SG-9496
Reinforcement front Patch 1*1 Cutting,Manual,0.05,SG-10094
Press Patch (Shaped),Manual,0.48,SG-0441
Attach patch (Shaped),SNLS (UBT),1.237,SG-0844
Patches Overlock 3,3T O/L,0.699,SG-9488
Patch O/L 1,3T O/L,0.227,SG-9487
Front Knee Pennel Safty 2 (upper side) curvy,5T O/L,0.36,SG-9553
Front Knee Pennel Safty 2 (lower side) curvy,5T O/L,0.36,SG-9553
Front Knee Pennel Top Feedo 2 (upper side) curvy,Feed off Arm,0.325,SG-9779
Front Knee Pennel Top Feedo 2 (lower side) curvy,Feed off Arm,0.325,SG-9779
Front pocket hem press 1,Manual,0.19,SG-0441
Bib Pocket Run Stitch (Pleat) 1*1,SNLS (UBT),0.3,SG-10397
Attach Front Bib with body,SNLS (UBT),0.63,SG-0688
Belt attach at front Bib,SNLS (UBT),0.75,SG-0688
Hidden stitch front Bib belt,SNLS (UBT),0.68,SG-10576
Tracing at Pocket for gathering & side mmt,Tracing Pattern,0.42,SG-10149
Cargo pocket Gathering 1*1,SNLS (UBT),0.387,SG-10437
Knee Pocket patch overlock U shape (4 sides),3T O/L,0.567,SG-9453
Tracing at Patch for gathering & attachment 1*1,Tracing Pattern,0.41,SG-10146
Top stitch knee pocket gathering area,SNLS (UBT),0.846,SG-10855
Tracing at Pocket for Gathering 1,Tracing Pattern,0.127,SG-10148
Cargo pocket Gathering 1,SNLS (UBT),0.183,SG-10437
Bib Pocket Top Stitch on pleat 1*1,SNLS (UBT),0.32,SG-10398
Side Fly attach to Panel 1*1 L shape,SNLS (UBT),1.182,SG-3665
Fly close stitch 1*1,SNLS (UBT),0.768,SG-10518
Side fly attach to panel 1*1,SNLS (UBT),1.04218,SG-3665
Fly close stitch 1*1 L shape,SNLS (UBT),1.027,SG-10519
Hem Bib pocket o/l,3T O/L,0.09,SG-9449
Press bib pocket hem (single fold),Manual,0.12,SG-0441
Tracing for Velcro tape attach at Flap 1*1,Tracing Pattern,0.213,SG-3025
Tracing for Velcro tape attach at Flap 1*1 (2nd),Tracing Pattern,0.213,SG-3025
Tracing for Velcro tape attach at Pocket 1*1,Tracing Pattern,0.209,SG-9198
Tracing for Velcro tape attach at Pocket 1*1 (2nd),Tracing Pattern,0.209,SG-9198
Velcro Tape Set with Flap 1*1,SNLS (UBT),0.316,SG-10884
Velcro Tape Set with Flap 1*1 (2nd),SNLS (UBT),0.303,SG-10884
Velcro Tape Set with Pocket 1*1,SNLS (UBT),0.316,SG-10884
Velcro Tape Attach with Flap 1*1 (Auto),Bartack m/c,0.364,SG-9661
Velcro Tape Attach with Flap 1*1 (Auto)(2nd),Bartack m/c,0.39,SG-9661
Velcro Tape Attach with Pocket 1*1 (Auto),Bartack m/c,0.39,SG-9661
Velcro Tape Attach with Pocket 1*1 (Manual),SNLS (UBT),0.66,SG-10883
Velcro Patch Cutting 8 Parts,Manual,0.817,SG-10207
Hem Bib Pkt,SNLS (UBT),0.135,SG-10561
Hem Bib Pkt 2nd,SNLS (UBT),0.135,SG-10562
Set & top front Bib hem strip,SNLS (UBT),0.36,SG-10672
Press Bib pkt (Miterd Sides),Manual,0.22,SG-0441
Front Bib Strip Safety,5T O/L,0.14,SG-9550
Top stitch on bib strip,SNLS (UBT),0.16,SG-10859
Attach inner lining at front bib (complete),SNLS (UBT),1.8,SG-0688
Tacking at front bib lining bottom side 1,SNLS (UBT),0.3,SG-10792
Set & top front Bib hem strip (HiDDEN),SNLS (UBT),0.36,SG-10672
Front bib hem strip press,Manual,0.12,SG-0441
Front Bib hem strip close stitch,SNLS (UBT),0.24,SG-9208
Front Bib heming at sides,SNLS (UBT),0.68,SG-10530
Front Bib hemming at sides up to fly with close band ends,SNLS (UBT),1.6,SG-10531
Tracing For Pocket attach at Bib,Tracing Pattern,0.15,SG-9112
Attach Front Bib Pocket,SNLS (UBT),0.55,SG-0688
Attach Front Bib Pocket (round shape),SNLS (UBT),0.7,SG-0688
Attach Front Bib Pocket (having 4 corners),SNLS (UBT),0.7,SG-0688
Serge hanging strip end 1*1,3T O/L,0.1,SG-9502
Adjuster tacking at end 1*1,SNLS (UBT),0.12,SG-10232
Back Bib hem strip close stitch,SNLS (UBT),0.24,SG-9199
Hem back bib inner strip w/o press,SNLS (UBT),0.135,SG-10560
Belt attach at back Bib,SNLS (UBT),0.8,SG-0460
Hidden stitch back Bib belt,SNLS (UBT),0.8,SG-10575
Tracing for show stitch at back bib (V shape),Tracing Pattern,0.12,SG-10179
Adjusters making center lock stitch U shape (hanging strips) 2,SNLS (UBT),0.7391459999999999,SG-10234
Adjusters making (hanging strips) 2,W/B,0.4701570833333334,SG-1336
Top stitch adjuster along with end close (pair),SNLS (UBT),1.21,SG-10823
Close Band Ends Double,SNLS (UBT),0.674544,SG-10442
Tacking hanging strips 2 with back bib,SNLS (UBT),0.3286039999999999,SG-10812
Tacking hanging strips 2 with Front bib,SNLS (UBT),0.3286039999999999,SG-10812
Front Bib Curvy Strip attach (Tough Handling),SNLS (UBT),1.28,SG-0688
Fashion stitch tracing at front,Tracing Pattern,0.38,SG-9951
Top stitch front Bib Fashion stitch Curvy (Tough Handling),SNLS (UBT),1.47,SG-9211
Top stitch front Bib Fashion stitch Curvy (Tough Handling) 2nd,SNLS (UBT),1.5,SG-9211
Top stitch on back bib strip,SNLS (UBT),0.16,SG-1610
Set back bib inner strip,SNLS (UBT),0.45,SG-10675
Cut notches + turn bib inner strip,Manual,0.27,SG-9928
Cut notches + turn bib inner strip (2nd),Manual,0.27,SG-9928
Back Bib hemming at sides,SNLS (UBT),0.7108849500000001,SG-10357
Top stitch bib back hemming at sides,SNLS (UBT),0.75,SG-9201
Back pocket strip safety 1,5T O/L,0.15,SG-9541
Attach Patti Edge Stitch,SNLS (UBT),0.35,SG-10305
Front pkt edge o/l (4sides) 1,3T O/L,0.144,SG-9437
Attach labels at out seam (jacket),SNLS (UBT),0.383,SG-10296
Back Pennel Feedo,Feed off Arm,0.4,SG-1410
Tracing at back bib for attachment,Tracing Pattern,0.2,SG-2391
Shell Fabric belt Making (Tuck-in) 1,W/B,0.891,SG-1336
Tacking 14*14,SNLS (UBT),1.993,SG-10780
Bartack at bone pkt bag 4,Bartack m/c,0.615,SG-9614
Bone Pkt bag Safety (Curvy& L shape) 1*1,5T O/L,1.216,SG-9544
Top stitch zipper bone pkt (upper lip) 1,SNLS (UBT),0.79,SG-10878
Top stitch zipper bone pkt (upper lip) 2nd Time,SNLS (UBT),0.79,SG-10879
Tacking at bone pkt bag 3*3,SNLS (UBT),0.676,SG-10787
Overlock Front inner Strip,3T O/L,0.1641666666666667,SG-9472
Tracing at Zip for Attachment,Tracing Pattern,0.1831875,SG-10155
Set Zip with Front Panel (Left Side),SNLS (UBT),0.543,SG-10734
Set Inner Strip with Zip (Left Side),SNLS (UBT),1.189,SG-10719
Attach Zip with Front Panel Right side,SNLS (UBT),1.189,SG-10340
Tracing for bottom hem (jacket),Tracing Pattern,0.522,SG-1196
Bottom hem tacking 1*1 (jacket),SNLS (UBT),0.5767777777777777,SG-10416
Back Bottom Strip Gathering (Skirt),SNLS (UBT),0.5843999999999999,SG-10358
Tracing at Fabric Strip for Gathering,Tracing Pattern,0.41,SG-10131
Back ruffle attach (Skirt),SNLS (UBT),0.906,SG-10371
Back ruffle O/L (Skirt),3T O/L,0.319,SG-9401
Front Bottom Strip Gathering (Skirt),SNLS (UBT),0.584,SG-10532
Front ruffle attach (Skirt),SNLS (UBT),0.906,SG-10553
Front ruffle O/L (Skirt),3T O/L,0.319,SG-9442
Hem Bottom Curvy Strip (WDT),SNLS (UBT),0.81,SG-0053
Bottom Curvy Strip top edge hidden stitch,SNLS (UBT),1.132,SG-10407
Chain Stitch Open 2/3 chains (1pc) jacket belt 1*1,Manual,0.97,SG-9893
Strips attach at side zip 1*1,SNLS (UBT),0.895808,SG-10777
Tacking at slits 2 along with cut notches,SNLS (UBT),0.871024,SG-10804
Tacking to join panel at side seam zipper side,SNLS (UBT),0.897787,SG-10818
Attach Fashion strip at Front panel,5T O/L,0.772,SG-9525
Tacking 1,SNLS (UBT),0.12,SG-10780
Tacking 2,SNLS (UBT),0.24,SG-10780
Tacking 2 (2nd),SNLS (UBT),0.24,SG-10780
Secure Waist Band,SNLS (UBT),0.22,SG-10671
Strip tacking,SNLS (UBT),0.141,SG-10776
Zipper tacking 1,SNLS (UBT),0.220494,SG-10909
Attach zipper at side seam 1,SNLS (UBT),1.3593696,SG-10348
Ball chain strip overlock with strip (both sides) 2*2,3T O/L,0.6476893333333333,SG-9406
Reference stitch at Ball chain strip (both sides) 2*2,SNLS (UBT),0.87,SG-10652
Label attach (set + top),SNLS (UBT),0.4358399999999999,SG-4200
Press Knee Patch,Manual,0.221,SG-0441
Press Patch Extra-large 1*1,Manual,0.5,SG-0441
Set Front Pocket Strip,SNLS (UBT),0.4,SG-10717
Front pocket strip edges trim 1*1,Edge Cutter,0.183,SG-9745
Attach Front Panel Patch,SNLS (UBT),0.795,SG-3393
Set front pannel Patch 1 (overlaping),SNLS (UBT),0.5,SG-10715
Attach Front Patch Stitch,SNLS (UBT),0.893,SG-3437
Facing fly over lock,3T O/L,0.12,SG-0331
Set front panel (fashion),SNLS (UBT),0.3986759999999999,SG-10708
Attach Front Pannel safety (vertical) 2*2,5T O/L,0.8,SG-9526
Top Stitch Front Pannel 2*2,Feed off Arm,0.75,SG-9779
Top Stitch Front Panel (fashion),SNLS (UBT),0.23,SG-3436
Front Panel FOA 2*2,Feed off Arm,0.669,SG-9779
Front Pennel Feedo,Feed off Arm,0.4,SG-9779
Tracing for Zig Zag Stitch at Pkt Bag,Tracing Pattern,0.444,SG-10190
Zig Zag Loop 1,Zig-zag machine,0.15,SG-1375
Zig Zag stitch at Pkt bag (2*2),Zig-zag machine,0.673,SG-1375
Back tack on pocket bag safety 2,SNLS (UBT),0.43504,SG-10373
Saddle Stitch at waist band,Saddle Stitch Machine,0.62,SG-10910
Attach ball chain narrow strip with back panel (side seam) 1*1,SNLS (UBT),1.6,SG-10262
Attach fusing on front scoop strips,Fusing attach m/c,0.15,SG-0064
CUT & TRIM WAIST BAND ( V SHAPE),Manual,0.244458015,SG-9913
TOP EDGE STITCH ON W/B (V SHAPE),SNLS (UBT),0.536,SG-10820
Attach Yoke Safety,5T O/L,0.283,SG-9534
Attach Yoke Safety (Grand Size),5T O/L,0.283,SG-9534
Attach yoke safety (15 SPI & above),5T O/L,0.49,SG-9534
Attach Yoke Safety (having joints) 2 new,5T O/L,0.3,SG-9537
Attach Yoke Safety (having joints) 4,5T O/L,0.3,SG-9534
Attach Yoke Safety (Reverse),5T O/L,0.283,SG-9534
Attach yoke safety (curvy),5T O/L,0.32,SG-9534
Attach yoke safety curvy (15 SPI & above),5T O/L,0.3631663541666666,SG-9535
Attach Yoke Safety (Curvy) joints 1*1,5T O/L,0.3903599999999999,SG-9536
Attach Fashion strip at back panel,SNLS (UBT),0.7111612500000001,SG-10280
Top Stitch Yoke S/n,SNLS (UBT),0.38,SG-10875
Top Stitch Back Pannel,SNLS (UBT),0.28,SG-1610
Show stitch at yoke,SNLS (UBT),0.2452799999999999,SG-10737
Strip Attatch On Back Yoke 1*1,SNLS (UBT),0.3805059999999999,SG-10775
Strip Attach On Back Yoke tacking 2*2,SNLS (UBT),0.41,SG-1727
Strip Attatch On Back Yoke 1,SNLS (UBT),0.12,SG-10775
Attach Back Yoke Patch,SNLS (UBT),0.393,SG-2043
4 Strips Attach On Back panel (8 tacking),SNLS (UBT),0.838,SG-10778
Back Yoke corner strip attach (having joints)1*1,SNLS (UBT),0.469654,SG-1727
Yoke Top Stitch,Feed off Arm,0.225,SG-1400
Yoke Top Stitch (Grand Size),Feed off Arm,0.225,SG-1400
Yoke Top Stitch (DNLS),DNLS (UBT),0.3008434166666667,SG-9744
Yoke Top Stitch (having joints 2),Feed off Arm,0.225,SG-1400
Top stitch yoke (curvy),Feed off Arm,0.24,SG-1400
Yoke Top Stitch (Curvy) joints 1*1,Feed off Arm,0.3297666666666667,SG-1400
Attach Yokes Folder,Feed off Arm,0.229,SG-1400
Attach Yokes Folder (Grand size),Feed off Arm,0.329,SG-1400
Attach Yokes Folder with joints (1*1),Feed off Arm,0.229,SG-1400
Attach Yokes Folder (Reverse),Feed off Arm,0.229,SG-1400
Attach Yokes by Feedo Folder (with narrow gauge),Feed off Arm,0.2511758333333333,SG-1400
Attach Yokes by Feedo Folder (with narrow gauge) Grand size,Feed off Arm,0.351,SG-1400
Attach Yokes by Feedo Folder (with wide range),Feed off Arm,0.229,SG-1400
Attach Yokes folder 2nd (handling),Feed off Arm,0.25,SG-1400
Seat Seam Join SNLS Handling,SNLS (UBT),0.411,SG-10664
Seat Top Stitch (DNLS) Tilted shape,DNLS (UBT),0.539,SG-9719
Tracing at back panel for Tilted Seat Join,Tracing Pattern,0.2744429166666666,SG-10112
Tracing at back panel for Tilted Seat Top,Tracing Pattern,0.2438895,SG-10113
Back panel slit hem 1*1 (DNL),DNLS (UBT),1.28,SG-9681
Seat seam folder up to slit (Handling),Feed off Arm,0.842,SG-1410
Back yoke FOA,Feed off Arm,0.35,SG-1400
Tracing for seat attachment mmt,Tracing Pattern,0.12,SG-10177
Seat matching and pairing,Manual,,SG-10096
Seat seam top (close garment),Feed off Arm,0.41,SG-1410
Seat Seam Thread Cutting,Manual,,SG-10097
Attach Seat Seam Safety upto slit,5T O/L,0.29,SG-9532
Attach Seat Seam Safety,5T O/L,0.22,SG-9531
Attach Seat Seam Folder (Less RPM),Feed off Arm,0.21,SG-1410
Attach Seat Seam Safety (15 SPI & above),5T O/L,0.22,SG-9531
Attach Seat Seam Safety (having joint),5T O/L,0.28,SG-9531
Attach Seat Seam Safety (Grand Size),5T O/L,0.227,SG-9531
Attach Seat Seam Safety W/O helper,5T O/L,0.22,SG-9533
Attach Seat Seam Safety W/O helper (grand size),5T O/L,0.2497,SG-9533
Attach Seat Seam Safety W/O helper (edge folding),5T O/L,0.486,SG-9533
Attach seat seam safety (Patch Handling),5T O/L,0.28,SG-9531
Attach Seat Seam Safety (Grand Size)(Reverse),5T O/L,0.227,SG-9531
Seat Seam Top Stitch (Grand Size),Feed off Arm,0.268,SG-1410
Seat Seam Top Stitch,Feed off Arm,0.19,SG-1410
Seat Seam Top Stitch (having Joint),Feed off Arm,0.19,SG-1410
Seat Top Stitch (DNLS),DNLS (UBT),0.3852346875,SG-9718
Seat Seam Top Stitch W/O helper,Feed off Arm,0.19,SG-1410
Seat Seam Top Stitch W/O helper (grand size),Feed off Arm,0.2948,SG-1410
Seat Seam Run stitch (having slit),SNLS (UBT),0.39,SG-10665
Attach Seat Seam Folder,Feed off Arm,0.197,SG-1410
Attach Seat Seam Folder (having 1 joint),Feed off Arm,0.197,SG-1410
Attach Seat Seam Folder (Grand size),Feed off Arm,0.297,SG-1410
Attach Seat Seam Folder (Reverse),Feed off Arm,0.412,SG-1410
Attach Seat Seam Folder (W/O HELPER),Feed off Arm,0.28,SG-1410
Attach Seat by Feedo Folder (with narrow gauge),Feed off Arm,0.2829495833333333,SG-1410
Attach Seat by Feedo Folder (with narrow gauge) Grand size,Feed off Arm,0.383,SG-1410
Attach Seat Seam Folder (Bone +Joint handling),Feed off Arm,0.197,SG-1410
Seat Seam Top stich upto slit,Feed off Arm,0.288,SG-1410
Back Pocket Tracing (fashion),Tracing Pattern,0.24,SG-9170
Tracing at back panel for Pocket (side top & Seat),Tracing Pattern,0.299,SG-10110
Back Pocket & side mmt Tracing (Fashion),Tracing Pattern,0.454,SG-9863
Tracing at panel for Flap attach,Tracing Pattern,0.2388166666666667,SG-9258
Show stitch at back pocket,DNLS (UBT),0.275,SG-9721
Back Pocket Tracing,Tracing Pattern,0.24,SG-9170
Tracing For Back Pocket Fashion,Tracing Pattern,0.274,SG-10158
Back Pocket Box Stitch Tracing,Tracing Pattern,0.274,SG-1900
Tracing Back Pocket Attatch Fashion Box,Tracing Pattern,0.24,SG-10156
Attach Back Pocket (Round Shape) Single Stitch only,SNLS (UBT),0.8,SG-1623
Attach Back Pocket Single Stitch only,SNLS (UBT),0.7191200000000002,SG-1623
Attach Back Pocket (basic) new,SNLS (UBT),0.8,SG-1623
Attach Back Pocket Basic,SNLS (UBT),0.71,SG-1623
Attach Back Pocket (3mm) new,SNLS (UBT),0.71,SG-1623
Top stitch back Pocket Design Fashion,SNLS (UBT),0.942,SG-9150
Top stitch Back Pocket (basic) new,SNLS (UBT),0.45,SG-9141
Top stitch Back pocket (3mm) having joints 2,SNLS (UBT),0.45,SG-9150
Attatch Back Pocket Fashion',SNLS (UBT),1.35,SG-1623
Attach back pocket (Gas ) with insertion of label,SNLS (UBT),1.85484,SG-1623
Attach Back Pocket (semi curve),SNLS (UBT),0.9,SG-1623
Attach Back Pocket (Edge margin),SNLS (UBT),0.8,SG-1623
Attatch Back Pocket Fashion,SNLS (UBT),0.91,SG-1623
Back pocket corner stitch 1*1,SNLS (UBT),0.28,SG-1652
Attach Back Pocket Fashion,SNLS (UBT),0.71,SG-1623
Attach Back Pocket 2nd Singal Stitch,SNLS (UBT),0.942,SG-1623
Top stitch Back Pocket (with box stitches ),SNLS (UBT),0.51,SG-1672
Top St Bk Pkt (with curved box stitches),SNLS (UBT),0.873,SG-10821
Top stitch Back Pocket (fashion),SNLS (UBT),0.45,SG-1672
Top stitch Back Pocket 2nd (fashion),SNLS (UBT),0.45,SG-1672
Top stitch Back Pocket (semi curve),SNLS (UBT),0.5,SG-1672
Top stitch Back Pocket (Gas) with fashion st,SNLS (UBT),0.894519,SG-1672
Top stitch Back Pocket Centre stitch,SNLS (UBT),0.65,SG-9150
Top stitch Back pocket having joint,SNLS (UBT),0.45,SG-9150
Top stitch Back Pocket (semi fashion) New,SNLS (UBT),0.45,SG-9141
Back Pocket Attachment Simple,SNLS (UBT),0.45,SG-1623
Top stitch Back Pocket (3mm) new,SNLS (UBT),0.45,SG-9141
Top stitch Back Pocket (semi fashion),SNLS (UBT),0.45,SG-1672
Attach & Top stitch Back Pocket (semi curve),SNLS (UBT),1.38,SG-1623
Top stitch back Pocket (Design Fashion),SNLS (UBT),1.594,SG-1672
Attach & Top Stitch back Pocket (Fashion),SNLS (UBT),2.078,SG-1623
Attach & Top Stitch Front Pocket (4 Corners),DNLS (UBT),1.639,SG-9672
Attach & Top stitch Back Pocket (basic),SNLS (UBT),1.1,SG-1623
Attach & Top stitch Back Pocket (basic)(Grand Size),SNLS (UBT),1.639,SG-1623
Attach & Top stitch Back Pocket (basic) having joints 2 new,SNLS (UBT),1.16,SG-1623
Attach & Top stitch Back Pocket (basic) having joints 4,SNLS (UBT),1.25,SG-1623
Attach & Top stitch Back Pocket (basic) having joints 6,SNLS (UBT),1.25,SG-1623
Attach & Top stitch Back Pocket (basic) having joints 8,SNLS (UBT),1.321,SG-1623
Attach & Top stitch Back Pocket (semi fashion),SNLS (UBT),1.25,SG-1623
Attach & Top stitch Back Pocket (semi fashion)(Grand size),SNLS (UBT),1.639,SG-1623
Attach & Top stitch Back Pocket (semi fashion) having joints 2,SNLS (UBT),1.35,SG-1623
Attach & Top stitch Back Pocket (semi fashion) having joints 4 new,SNLS (UBT),1.35,SG-1623
Attach & Top stitch Back Pocket (semi fashion) having joints 4 ( Grand size),SNLS (UBT),1.639,SG-1623
Attach & Top stitch Back Pocket (5mm),SNLS (UBT),1.25,SG-1623
Attach & Top stitch Back Pocket (5mm) ( Grand Size),SNLS (UBT),1.477,SG-1623
Attach & Top stitch Back Pocket (5mm) (wide opening) Grand size,SNLS (UBT),1.5,SG-1623
Attach & Top stitch Back Pocket (5mm) (different thread),SNLS (UBT),1.25,SG-1623
Attach & Top stitch Back Pocket (5mm) having 2 joints,SNLS (UBT),1.25,SG-1623
Attach & Top stitch Back Pocket (5mm) having 4 joints new,SNLS (UBT),1.25,SG-1623
Attach & Top stitch Back Pocket (5mm) (wide opening ),SNLS (UBT),1.25,SG-1623
Attach & Top stitch Back Pocket (5mm) (wide opening + 4 joints ),SNLS (UBT),1.35,SG-1623
Attach & Top stitch Back Pocket (3mm),SNLS (UBT),1.25,SG-1623
ATT & TOP ST BK PKT (3MM) 2 JOINTS,SNLS (UBT),1.3,SG-10244
Back pocket corner stitch 2*2,SNLS (UBT),0.56,SG-1652
Attach & Top stitch Back Pocket (3mm) 4 joints,SNLS (UBT),1.35,SG-1623
Attach & Top stitch Back Pocket (3mm) having joint 2 (wide opening ),SNLS (UBT),1.5,SG-1623
Attach & Top stitch Back Pocket (3mm) having joint 4 (wide opening ),SNLS (UBT),1.5,SG-1623
Attach & Top stitch Back Pocket (3mm) (wide opening),SNLS (UBT),1.35,SG-1623
Attach & Top stitch Back Pocket (3mm) (wide opening) (Grand size),SNLS (UBT),1.5,SG-1623
Top stitch back pkts with cord insertion (having joints),SNLS (UBT),2.01,SG-1672
Attach & Top stitch Back Pocket (3mm) (wide opening) (Grand size) 1*1 Joints,SNLS (UBT),1.55,SG-1623
Back Side Pannel Overlock (slit),3T O/L,0.22,SG-9404
Back Side Panel O/L (Round slit),3T O/L,0.2216666666666667,SG-9403
Panels overlock back (for busted seam),3T O/L,0.34,SG-1495
Panels overlock back (for busted seam) (having joints 2),3T O/L,0.36,SG-1495
Panels overlock back (15 SPI & above),3T O/L,0.56,SG-1495
CHAIN ST.ON SERGING BACK PANEL,SNCS (NUBT),0.522,SG-10219
Back Panel Dart Top Stitch 1*1 (full length),DNLS (UBT),0.3,SG-9679
Panels overlock back (for busted seam) upto piping,3T O/L,0.34,SG-9482
Label Tracing,Tracing Pattern,0.15,SG-4266
Label Tracing (2nd),Tracing Pattern,0.15,SG-4266
Tracing on label for attachment,Tracing Pattern,0.1,SG-10199
Attatch logo label at Bk Pkt,SNLS (UBT),0.4358399999999999,SG-10352
Attach label at Back,SNLS (UBT),0.22,SG-10288
Attach label at Back 2nd,SNLS (UBT),0.22,SG-10289
Attach size label without tracing,SNLS (UBT),0.22,SG-10323
Label attach 4 sided (yoke),SNLS (UBT),0.4515149999999999,SG-9326
Gas logo label attach,Bartack m/c,0.22,SG-9658
Bartack on back pocket 4 (cross),Bartack m/c,0.2,SG-0066
Bartacks On Back pkt -4,Bartack m/c,0.185,SG-9650
Bartacks On Back pkt -4 (2nd pair),Bartack m/c,0.185,SG-9650
Bartack on back pocket 6 (cross),Bartack m/c,0.2775,SG-0066
Bartack 2 at back pocket,Bartack m/c,0.12,SG-0066
Bartack 2 at back pocket 2nd,Bartack m/c,0.12,SG-0066
Press bone upper lip 1*1,Manual,0.15,SG-0441
Press bone lower lip 1*1,Manual,0.15,SG-0441
Fake bone 1 (auto) @ Out seam Tough Handling,Auto Welt,0.417,SG-5506
Functional bone 1 (auto),Auto Welt,0.229,SG-5506
Functional bone 2 (auto),Auto Welt,0.635,SG-5506
Fake bone 2 (auto),Auto Welt,0.458,SG-5506
Bone (receive & check),Manual,0.297,SG-9872
Cut & Turn bone pkt 2,Manual,1.423425,SG-9914
Turn bone pkt 2,Manual,0.345,SG-10203
Cut notches at Bone 2*2,Manual,0.323,SG-9922
Cut notches at Bone 2*2 (2nd),Manual,0.323,SG-9922
Turn bone pkt 2 (2nd),Manual,0.323,SG-10203
Tacking at bone lip sides 2*2,Manual,0.62,SG-10103
Top stitch bone pocket (3sides),SNLS (UBT),1.15,SG-10836
Top stitch bone pocket (3sides) 2nd,SNLS (UBT),1.15,SG-10841
Top stitch on bone pkt (3sides) 1,SNLS (UBT),0.49,SG-10860
Bone making manual 2,SNLS (UBT),2.1,SG-10399
Top stitch bone pocket (3sides) after sides taking,SNLS (UBT),0.857,SG-10837
Inner (additional) strip tacking with bone strip 2*2,SNLS (UBT),0.8,SG-10578
Bone pkt inner facing attach 1*1,SNLS (UBT),0.4124,SG-10401
Bone pkt inner facing attach 1*1 (2nd),SNLS (UBT),0.4124,SG-10401
Bone pkt inner facing attach 2 (with self fold),SNLS (UBT),1.166,SG-10401
Bone pkt inner facing attach 2 (with self fold) other side,SNLS (UBT),,SG-10403
Bone pkt inner facing attach 2 (3 sides),SNLS (UBT),0.75,SG-10401
Bone pkt inner facing attach 2 (3 sides) 2nd,SNLS (UBT),0.75,SG-10402
Hidden stitch at bone inner top side,SNLS (UBT),0.4,SG-10573
Hidden stitch at bone inner top side 1,SNLS (UBT),0.2,SG-10573
Tracing for bone inner facing attach 2,Tracing Pattern,0.22,SG-10159
Tracing at bone Pocket bag 2,Tracing Pattern,0.167,SG-10123
Fashion Stitch at Bone Pocket 2*2 (D Shape),Bartack m/c,0.2,SG-9657
Set bone pocket bag L shape 1*1,SNLS (UBT),0.96,SG-10686
Top stitch bone pocket bag L shape 1*1,SNLS (UBT),0.91,SG-10838
Close bone pocket bag with over lock 1*1 Handling,3T O/L,0.636,SG-9417
Eyelet (2) Bone Pocket,Eyelet,0.4,SG-0124
Top stitch bone pocket (straight) 2 (on back panel),SNLS (UBT),1.1,SG-10836
Top stitch bone pocket (straight) 2 (on back panel) + Flap insertion,SNLS (UBT),0.94,SG-2932
Close bone pocket bag with over lock,3T O/L,0.646,SG-9417
Close bone pocket bag with over lock 1,3T O/L,0.323,SG-9417
Close bone pocket bag 2 sides with Lock stitch 1*1,SNLS (UBT),0.7,SG-10452
Top stitch bone pocket bag 3 sides after Set 1*1,SNLS (UBT),0.91,SG-10839
Bone Pkt Strips O/L (Straight & Curvy) 1*1,3T O/L,0.794,SG-9407
Turn + Top stitch bone pocket 3 sides after over lock,SNLS (UBT),1.213,SG-10882
Turn bone pocket 3 sides after over lock 1*1,Manual,0.367,SG-10204
Top stitch bone pocket 3 sides after over lock 1*1,SNLS (UBT),1.309,SG-10842
Top stitch bone pocket 3 sides after over lock 1,SNLS (UBT),0.6065,SG-10842
Tacking bone pkt bag at top sides 1*1,SNLS (UBT),0.623,SG-10807
Tacking bone pkt bag at top sides 1,SNLS (UBT),0.3115,SG-10807
Top Stitch Bone Pocket,SNLS (UBT),1.06,SG-10836
Fashion stitches on bone pocket Bags 2*2,SNLS (UBT),1.2,SG-10510
Tacking at bone pkt lining top side (water dissolvable),SNLS (UBT),0.12,SG-10788
Tacking at bone pkt lining top side (water dissolvable) 1,SNLS (UBT),0.12,SG-10788
Bartack Bone Pocket 4 handling,Bartack m/c,0.235,SG-9632
Bartack Bone Pocket 4 handling (2nd),Bartack m/c,0.235,SG-9632
Bartack Front Bone Pocket 4 Handling,Bartack m/c,0.344,SG-9633
Strip attach at Back Panel,SNLS (UBT),0.596,SG-10773
Dart Tracing 2,Tracing Pattern,0.1778888888888889,SG-9932
Dart Tracing + Bone PKT bag attach tracing,Tracing Pattern,0.213,SG-9933
Bone & Bone PKT bag attach tracing,Tracing Pattern,0.213,SG-9873
Back Pennel Dart,SNLS (UBT),0.44,SG-10366
Top stitch on back panel dart 2,SNLS (UBT),0.38,SG-10857
Dart Press 1*1,Manual,0.175,SG-0441
Dart Tracing 2 (2nd pair),Tracing Pattern,0.1778888888888889,SG-9932
Back panel Dart Tracing V shape 2,Tracing Pattern,0.1778888888888889,SG-9860
Dart Tracing V shape 2 (2nd),Tracing Pattern,0.1778888888888889,SG-9939
Set Back Panel Dart 1*1,SNLS (UBT),0.25,SG-10676
Set Back Panel Dart 1*1 (long at yoke),SNLS (UBT),0.25,SG-10676
Back Panel Dart Top Stitch 1*1,SNLS (UBT),0.22,SG-10363
Tacking at back pannel dart 2*2,SNLS (UBT),0.24,SG-10783
Set Back Panel Dart 1*1 (full length),SNLS (UBT),0.3,SG-10676
Top stitch on Back Panel Dart 1*1 (long at yoke),SNLS (UBT),0.22,SG-10857
Top stitch back Panel Dart 1*1 (full length) 2nd pair,SNLS (UBT),0.66,SG-1561
Set Back Panel Dart 1*1 (2nd pair),SNLS (UBT),0.25,SG-10676
Back Panel Dart Top Stitch 1*1 (2nd pair),SNLS (UBT),0.22,SG-10363
Set Back Panel Dart 1*1 (full length) edge to edge,SNLS (UBT),0.48,SG-10677
Set Back Panel Dart 1*1 (full length) edge to edge 2nd,SNLS (UBT),0.48,SG-10678
Set Back Panel Dart 1*1 (full length) edge to edge 2nd pair,SNLS (UBT),0.48,SG-10679
Back panel Dart Tracing V shape 2 extra large,Tracing Pattern,0.44,SG-9861
Set dart/Pleat at Back panel 3*3,SNLS (UBT),1.0823136,SG-10696
Top Stitch at back panel dart/Pleat 3*3,SNLS (UBT),0.5540784,SG-1561
Back panel join (SNLS) 1*1 (Lower side),SNLS (UBT),1.084,SG-1586
Back vertical panel join 1*1,5T O/L,0.62,SG-9542
Back vertical panel top stitch 1*1,Feed off Arm,0.57,SG-0132
Back vertical panel join 1*1 (Joints Handling),5T O/L,0.62,SG-9542
Back vertical panel join 1,5T O/L,0.3,SG-9542
Back vertical panel top stitch 1,Feed off Arm,0.25,SG-0132
Back Panel join Curvy 1*1,5T O/L,0.618,SG-9540
Back vertical panel Join 1*1 (SNLS),SNLS (UBT),1.138,SG-1586
Back panel Press Busted 1*1(inner& Out side),Manual,0.471,SG-0441
Back vertical panel top stitch DNLS 1*1 Full Pcs,DNLS (UBT),1.305,SG-9683
Back Panel FOA 1*1,Feed off Arm,0.35,SG-1410
Tacking at back pannel pleats 1*1 (2nd),SNLS (UBT),0.18,SG-10784
Tacking at back pannel dart 2,SNLS (UBT),0.18,SG-10783
Tacking at back pannel dart 2 (2nd),SNLS (UBT),0.18,SG-10783
Tacking at back pannel pleats 2*2,SNLS (UBT),0.24,SG-10784
Attach Bottom strip (back) 1*1,SNLS (UBT),0.6371889999999999,SG-0570
Bartack at Dart 4,Bartack m/c,0.325,SG-9618
Bartack at Dart 4 2nd,Bartack m/c,0.325,SG-9619
Back Patch Pannel Show Stitch,SNLS (UBT),1.3,SG-10364
Reinforcement Patch overlock 4sides 2 (rectangular),3T O/L,0.34,SG-9499
Hanger loop cutting 1,Manual,0.07,SG-9987
Hanger loop cutting 2,Manual,0.07,SG-9987
Twill Tape cutting 2,Manual,0.07,SG-10206
Twill Tape cutting 2 (2nd),Manual,0.07,SG-10206
Attach Back Patti 2,SNLS (UBT),0.198,SG-10258
Attach Reinforcement patch 3,SNLS (UBT),0.198,SG-10316
Attach Back Patti,SNLS (UBT),0.45,SG-10258
Back Patti Attatch S/n,SNLS (UBT),0.45,SG-10365
Attach hanger loop,SNLS (UBT),0.218188,SG-1761
Tracing for vent/slit -1,Tracing Pattern,0.21,SG-10188
Tracing at back panel for dart/Pleat 3*3,SNLS (UBT),0.84,SG-10880
Tacking at back panel dart/Pleat 6*6,SNLS (UBT),1.56,SG-10781
Back panel Box making 4*4,Bartack m/c,0.81,SG-9608
Waist Band Pleat/Dart making 8 point,SNLS (UBT),1.93,SG-10895
Back Knee Panel Safety 2 (curvy),5T O/L,0.36,SG-9538
Back Knee Panel Safety 1*1 (curvy) & side MMT Handling,5T O/L,0.48,SG-9539
Back Knee Panel Top Stitch FOA 2 (curvy),Feed off Arm,0.325,SG-9779
Back panel bottom hem & side turn + tack 1*1 for Slit making,SNLS (UBT),0.782,SG-10362
Lining attach with Embossing strip 2* 2,SNLS (UBT),1.326,SG-4723
Stay stitch at Embossing strip for side MMT,SNLS (UBT),1.326,SG-10768
Edge Cutting Embossing strip 2*2,SNLS (UBT),0.912,SG-10495
Bottom Slit corner turning 1*1,Manual,0.31,SG-9876
Back slit making,SNLS (UBT),0.32,SG-10372
Back panel slit hem 1 side (DNL),DNLS (UBT),0.32,SG-9682
Bartack at vent 1,Bartack m/c,0.1,SG-9628
Heart shape patch press,Manual,0.439,SG-0441
Heart shape PKT press,Manual,0.439,SG-0441
Attach twill tape at back panels SNLS 1*1,SNLS (UBT),1.541,SG-9081
PANELS OVERLOCK BACK (BUSTED) INSEAM,3T O/L,0.327,SG-9481
Back Yokes Over lock,3T O/L,0.25,SG-9405
BACK SEAT OVERLOCK,3T O/L,0.14,SG-9402
Attach Pocket Lining (having cord),SNLS (UBT),0.34,SG-3632
Attach twill tape at front panels SNLS 1*1,SNLS (UBT),1.541,SG-3407
Top stitch Front Round Folder (Patti) with lining attach,DNLS (UBT),0.375,SG-9736
Front Round Strip Cutting 2,Manual,0.12,SG-9980
Fashion strip cutting 1*1,Manual,0.12,SG-9952
Attach pocket lining (critical following mmt),SNLS (UBT),0.481548,SG-3632
Attach Pocket Lining (full panel emb),SNLS (UBT),0.4,SG-3632
Attach Pocket Lining with 4 extra edges,SNLS (UBT),0.51,SG-3632
Attach Pocket Lining (emb mmt),SNLS (UBT),0.32,SG-3632
Attach Pocket Lining Fashion,SNLS (UBT),0.32,SG-10310
Attach pocket lining (2 joints),SNLS (UBT),0.34,SG-3632
Attatch Pkt Round Fashion (1),SNLS (UBT),0.567,SG-10353
Front Pocket Hem (Fashion),DNLS (UBT),0.292,SG-5269
Press Front Pocket (Handling),Manual,0.45,SG-0441
Front Pkt Attach & Top Stitch,DNLS (UBT),1.6,SG-9709
Press front Round strip Fashion,Manual,0.45,SG-0441
Front round strip attach (having joint),SNLS (UBT),0.45,SG-10548
Front round strip Top stitch (having joint),SNLS (UBT),0.45,SG-10549
Front round strip attach (handling),SNLS (UBT),0.48,SG-10548
Front round strip attach,SNLS (UBT),0.48,SG-10548
Front shell Overlock,3T O/L,0.24,SG-9443
Tracing for patch attach 1*1 (extra-large),Tracing Pattern,0.32,SG-9115
Front pocket hem (V Shape folding),SNLS (UBT),0.579,SG-5269
Press Front Pocket Fashion,Manual,0.45,SG-0441
Press Rectangular patch (4sides)1*1,Manual,0.6013400000000001,SG-0441
Press Rectangular patch (4sides) 2nd 1*1,Manual,0.6013400000000001,SG-0441
Attach Knee Pkt Patti Tracing 4 sides 1,Tracing Pattern,0.248,SG-9851
Attach Knee Pkt Patti Tracing 4 sides. 1*1,Tracing Pattern,0.496,SG-9851
Attach Knee Pkt Patti Tracing 4 sides. 1*1 (Large),Tracing Pattern,0.582,SG-9851
Attach Knee Pkt Patti Tracing 4 sides 2nd. 1*1,Tracing Pattern,0.496,SG-9852
Attach rectangular patch (4sides) 1*1,SNLS (UBT),1.722216,SG-10312
Attach rectangular patch (4sides) 1*1 at out seam (full body handling),SNLS (UBT),2.85,SG-10313
Attach Rectangular patch (4sides) 1*1 At out seam,SNLS (UBT),1.336,SG-10313
Attach Rectangular patch (4sides) 2nd 1*1 At Out Seam,SNLS (UBT),1.336,SG-10315
Attach Rectangular patch (4sides) 1*1 (Grand size),SNLS (UBT),1.494,SG-10312
Attach Rectangular patch (4sides) 1 At out seam,SNLS (UBT),0.86,SG-10313
Attach back Pkt Patti Tracing 4 sides. 1*1,Tracing Pattern,0.35,SG-9848
Attach rectangular patch (4sides) back panel 1*1,SNLS (UBT),1.722216,SG-9143
Tracing at back panel for Pocket + Flap Attach 1*1,Tracing Pattern,0.373,SG-10111
Insert cord at front round strip (making),SNLS (UBT),0.65,SG-10580
Pocket bag attachment to panel (L shape),SNLS (UBT),0.603,SG-10644
Pocket bag attachment to panel (L shape twice),SNLS (UBT),0.603,SG-10644
Front Yoke Safty With Pkt Lining,5T O/L,0.243933525,SG-9559
Front Yoke Top With Pkt Lining,Feed off Arm,0.192972,SG-1400
Front Yoke Safety With Flap,5T O/L,0.5,SG-9558
Front Yoke Top Stitch with Flap,Feed off Arm,0.44,SG-1400
Tracing for show stitch at yokes,Tracing Pattern,0.3,SG-10182
Yoke Complet Stitch,SNLS (UBT),0.8,SG-10905
Attach Round strip (having cord) with panel,SNLS (UBT),0.35,SG-10320
Attach Pocket Lining,SNLS (UBT),0.32,SG-3632
Attach Pocket Lining (special lining),SNLS (UBT),0.45,SG-3632
Attach Front panel Strip 1*1,SNLS (UBT),0.82,SG-9276
Round Ptti Attatch,SNLS (UBT),0.409,SG-10658
Set Front Pannel Pocket S/N,SNLS (UBT),1.4,SG-10716
Attach Round Run Stitch (Hidden Stitch),SNLS (UBT),0.3218333333333334,SG-10319
Front Pocket Attatch,SNLS (UBT),1.615,SG-3470
Attach Front Pocket,SNLS (UBT),1.615,SG-3470
Label Secure stitch,SNLS (UBT),0.225,SG-10599
Set Back Pannel S/N 1,SNLS (UBT),0.66,SG-10680
Cut notch 1,Manual,0.1,SG-9916
Pkt Round Tracing (mmt handling),Tracing Pattern,0.53,SG-10017
Cut notches at round 2*2,Manual,0.14,SG-9925
Notches at round 3*3,Manual,0.3,SG-10008
Press Front Pocket,Manual,0.198,SG-0441
Front Pocket Attach,SNLS (UBT),1.15,SG-3470
Attatch Front Pocket,SNLS (UBT),1.15,SG-3470
Front Round Cord Cutting 2,Manual,0.09,SG-9979
Cut notches at round 2,Manual,0.14,SG-9925
Front round strip Top stitch (handling),SNLS (UBT),0.3218333333333334,SG-10549
Pocket bag attachment to panel (L shape) having strip,SNLS (UBT),0.61,SG-10645
Round Top Stitch tilted (DNLS),DNLS (UBT),0.59,SG-9717
Top Stitch Front Round (having edge margin),DNLS (UBT),0.3218333333333334,SG-3781
Top Stitch Front Round (having cord),DNLS (UBT),0.36,SG-3781
Top Stitch Front Round (full panel emb),DNLS (UBT),0.422,SG-3781
Top Stitch Round Top Fashion,DNLS (UBT),0.66,SG-9740
Front round strip Top stitch,SNLS (UBT),0.3218333333333334,SG-10549
Round Top Stitch (L shape),SNLS (UBT),0.745,SG-10659
Front round top stitch L shape (deep),SNLS (UBT),0.745,SG-3436
Round Top Stitch (L shape) dart + special lining,SNLS (UBT),0.81,SG-10660
Round Top Stitch tilted (SNLS),SNLS (UBT),0.43,SG-10661
Attach Round 2nd Stitch,SNLS (UBT),0.333,SG-10318
Top Stitch Front Round,DNLS (UBT),0.3218333333333334,SG-3781
Top Stitch Front Round (without helper),DNLS (UBT),0.38,SG-3781
Top Stitch Front Round (without helper) (2Joints),DNLS (UBT),0.4,SG-3781
Top Stitch Front Round (without helper) having inner strip,DNLS (UBT),0.38,SG-9737
Top Stitch Front Round (without helper)special lining,DNLS (UBT),0.48,SG-9738
Top St. Front Round (w/o helper) (jegging mesh lining),DNLS (UBT),0.54,SG-9728
Top Stitch Front Round (emb mmt),DNLS (UBT),0.3218333333333334,SG-3781
Front round strip Top stitch (handling) having joint,SNLS (UBT),0.612156,SG-3436
Front round top stitch curvy,SNLS (UBT),0.333,SG-3436
Front Pennel join Curvy SNLS 1*1,SNLS (UBT),0.54,SG-10538
"Secure sides, Tacking (L shape)",SNLS (UBT),0.4662,SG-3615
"Secure sides, Tacking at pkt bag (L shape)",SNLS (UBT),0.28,SG-3615
"Secure sides, Tacking (L shape) full",SNLS (UBT),0.412,SG-3615
"Secure sides, Tacking",SNLS (UBT),0.4120158888888888,SG-3615
"Secure sides, Tacking (L shape) full (jegging mesh lining)",SNLS (UBT),0.984,SG-3615
"Secure Side, Tacking (dungaree)",SNLS (UBT),0.4120158888888888,SG-3615
"Secure sides, Tacking (2nd)",SNLS (UBT),0.28,SG-3615
Front Round Lining Tacking,SNLS (UBT),0.1813482,SG-10547
"Secure sides, Tacking (with lips)",SNLS (UBT),0.4120158888888888,SG-3615
"Secure sides, Tacking (patch handling)",SNLS (UBT),0.4120158888888888,SG-3615
Tracing at outseam side (for mmt),Tracing Pattern,0.17,SG-10145
Tacking at outseam side (for mmt),SNLS (UBT),0.27,SG-10798
"Secure Side, Tacking (Pkt Bag Handling)",SNLS (UBT),0.44,SG-3615
Tacking at pocket 1side,SNLS (UBT),0.12,SG-10800
Stay Stitch at Pkt Bag (for stone wash) @ final,SNLS (UBT),0.32,SG-10769
Stay Stitch at bone Pkt Bag (for stone wash) @ final,SNLS (UBT),0.32,SG-10765
Tracing at front panel for edge fold,Tracing Pattern,0.167,SG-10139
Attach zip edge st.(Edge margin extended),SNLS (UBT),0.383,SG-10341
Attach Zip edge stitch (Edge margin extended) long,SNLS (UBT),0.549,SG-10343
Attach Zip Edge Stitch,SNLS (UBT),0.2503333333333334,SG-3602
Edge Stitch Fashion,SNLS (UBT),0.2,SG-10496
Top Edge Stitch,DNLS (UBT),0.2,SG-9727
Attach Zip Edge Stitch (full panel emb),SNLS (UBT),0.3,SG-3602
Set and top stitch bottom fly 2,SNLS (UBT),0.889245,SG-10673
Cut Notches at Fly,Manual,0.2179431458333334,SG-9924
Set fly making curvy (cut and sew),SNLS (UBT),0.3466239999999999,SG-10705
Fly top edge stitch (curvy),SNLS (UBT),0.421,SG-10524
Fly piping folding + tack,SNLS (UBT),0.2,SG-10521
Attach Single fly extended,SNLS (UBT),0.55,SG-10322
Top stitch Single fly extended (Hidden stitch),SNLS (UBT),0.55,SG-10871
Set bottom fly 1*1 (Hidden),SNLS (UBT),0.4712179999999999,SG-10688
Tracing for J Stitch,Tracing Pattern,0.1345696666666667,SG-3908
Tracing for J Stitch 2nd,Tracing Pattern,0.1345696666666667,SG-10168
J tracing (fake fly),Tracing Pattern,0.15,SG-3907
J Stitch,DNLS (UBT),0.185,SG-3803
J Stitch Fashion,SNLS (UBT),0.197,SG-3803
J Stitch with pkt bag handling,DNLS (UBT),0.225,SG-3803
2nd J Stitch (fashion),SNLS (UBT),0.22,SG-3803
J Stitch With Fly Full,DNLS (UBT),0.437,SG-3803
J Stitch Fashion (1),SNLS (UBT),0.75,SG-3803
J Stitch (fashion) tilt twice,SNLS (UBT),0.394705,SG-3803
J Stitch (Reverse) Inserted in Pkt Bag Only For Levi's Style,DNLS (UBT),0.185,SG-3803
J Stitch with fly attachment,DNLS (UBT),0.1982868,SG-3803
J Stitch with full body handling,SNLS (UBT),0.748,SG-3803
Over Lock Front rise panel (1& 2 sides),3T O/L,0.24,SG-3214
Over Lock Front rise pannel (2 sides) special lining,3T O/L,0.24,SG-9464
Over Lock Front rise panel (1&2 sides) (15 SPI & above),3T O/L,0.24,SG-3214
Pocket bag trimming (2 sides),3T O/L,0.24,SG-9492
Front riser O/L (Skirt),3T O/L,0.22,SG-9440
Front riser O/L (Skirt) 2nd,3T O/L,0.22,SG-9441
Serge Right Fly With Panel (O/L) + Cut Notch 1,3T O/L,0.231,SG-9503
Panel O/L with double fly (closed),3T O/L,0.164,SG-9476
Panel O/L with double fly (opened),3T O/L,0.2025,SG-9476
Front panels Join through zip,SNLS (UBT),0.266,SG-3418
Front Rise Top Stitch & Crotch folding,SNLS (UBT),0.351,SG-3077
FRONT RISE TOP STITCH & CROTCH FOLDING (HH),SNLS (UBT),0.351,SG-3077
Cut notch on panel,Manual,0.1,SG-9919
Cut notches at Panel 2,Manual,0.18,SG-0220
Attach panels through fly simple (Right fly),SNLS (UBT),0.305,SG-3077
ATT PANEL RIGHT FLY (SIMPLE) HH,SNLS (UBT),0.305,SG-3077
Attach panels through fly with (Crotch Folding),SNLS (UBT),0.34,SG-3077
ATT PANEL RIGHT FLY (CROTCH FOLD) HH,SNLS (UBT),0.34,SG-3077
Attach panels through fly with (Crotch Folding) Handling,SNLS (UBT),0.504,SG-3077
Attach panels through fly simple (Right fly) Handling,SNLS (UBT),0.591,SG-3077
Attach panels through fly with (Crotch Folding) with zip tape handling,SNLS (UBT),0.398892,SG-3077
Attach panels through fly with pkt bag insertion & (Crotch Folding),SNLS (UBT),0.305,SG-3077
Attach panels through fly (Right fly) (full panel emb),SNLS (UBT),0.305,SG-3077
Attach panels through fly (Right fly) handling,SNLS (UBT),0.305,SG-3077
Attach panels through fly simple (Right fly) (pkt bag upto fly),SNLS (UBT),0.305,SG-3077
Set Fly to panel (L shape),SNLS (UBT),0.388606,SG-10706
Cut Notches + Fly turn inside out,Manual,0.2914920000000001,SG-9927
Crotch join (in Assembly),SNLS (UBT),0.2,SG-3728
Crotch Top Stitch (overlapping stitch),DNLS (UBT),0.324,SG-3728
CROTCH TOP STITCH(OVERLAP) HH,DNLS (UBT),0.324,SG-3728
Crotch folding stitch,SNLS (UBT),0.238896,SG-3728
Crotch Box Making,SNLS (UBT),0.18,SG-3728
CROTCH BOX MAKING (HH),SNLS (UBT),0.18,SG-3728
Crotch Box Making extra large (2nd stitch),SNLS (UBT),0.3,SG-3728
Crotch Set,SNLS (UBT),0.2,SG-3728
Front panel join (at crotch),SNLS (UBT),0.2,SG-3387
Crotch Top Stitch L Shape,SNLS (UBT),0.48,SG-3728
Crotch Top Stitch L Shape 2nd,SNLS (UBT),0.410664,SG-3728
Crotch Top Stitch,DNLS (UBT),0.2,SG-3728
CROTCH TOP STITCH (HH),DNLS (UBT),0.2,SG-3728
Crotch Top Stitch (Handling),DNLS (UBT),0.718,SG-3728
Crotch join (separate panels),SNLS (UBT),0.22,SG-3728
CROTCH JOIN ( SEPARATE PANELS) (HH),SNLS (UBT),0.22,SG-3728
Crotch join (separate panels) extra large,SNLS (UBT),0.2,SG-3728
Crotch join (separate panels) extended,DNLS (UBT),0.4,SG-3728
Top Stitch Front Panel,SNLS (UBT),0.571,SG-3436
Crotch run stitch (skirt),SNLS (UBT),0.32,SG-3728
Attach Crotch run stitch (skirt),SNLS (UBT),0.34,SG-3728
Crotch Top Stitch (skirt),DNLS (UBT),0.32,SG-3728
Press Front panel for tilted crotch,Manual,0.259,SG-0441
Crotch top stitch tilted (Fashion),DNLS (UBT),0.647,SG-3728
Crotch top stitch tilted twice,DNLS (UBT),1.34,SG-3728
Front panel slit hem 1*1 (DNL),DNLS (UBT),0.896,SG-9708
Bartack at watch pocket 1 (only),Bartack m/c,0.08,SG-0066
Bartacks On Watch pkt -2,Bartack m/c,0.1,SG-0066
Bartacks On Watch pkt + Fly,Bartack m/c,0.24,SG-9654
Bartack on watch pocket 4,Bartack m/c,0.2,SG-0066
Bartack 1 at crotch (top side),Bartack m/c,0.192,SG-9617
Bartack 1 at Crotch (Diff Thread),Bartack m/c,0.192,SG-9617
Inseam bartack 1,Bartack m/c,0.075,SG-0066
Bar tack on Front pocket 4 (cross),Bartack m/c,0.2,SG-9611
Bartack 1 on fly,Bartack m/c,0.075,SG-9640
Bartacks On Fly -2,Bartack m/c,0.15,SG-0066
Fly bartack 2 (2nd),Bartack m/c,0.15,SG-0066
Bartack on fly 3 (full piece handling),Bartack m/c,0.225,SG-9640
Bartack on pocket bag 2,Bartack m/c,0.15,SG-0066
Bartack on pocket bag 2 (with thread folding) New,Bartack m/c,0.2222416666666667,SG-9642
Bartacks 4 on Fly (dungaree),Bartack m/c,0.32,SG-0066
Bartack 2 on Fly (dungaree),Bartack m/c,0.32,SG-9640
Front Side Pannel Overlock (slit),3T O/L,0.22,SG-9446
Front Side Panel Overlock (slit) 2nd,3T O/L,0.22,SG-9445
Front Side Panel O/L (Round slit),3T O/L,0.2216666666666667,SG-9444
Front vertical panel join 1*1 upto slit,5T O/L,0.68,SG-9557
VERTICAL PANEL TOP UPTO SLIT 1*1,Feed off Arm,0.882,SG-9779
Panels overlock front for Busted,3T O/L,0.34,SG-1495
Panels over lock front for Busted 2nd,3T O/L,0.34,SG-9479
Panels over lock front for Busted (4th),3T O/L,0.34,SG-9478
Panels over lock front for Busted (5th),3T O/L,0.34,SG-9478
CHAIN ST.ON SERGING FRONT PANEL,3T O/L,0.34,SG-9416
Panels overlock front (for busted seam) upto piping,3T O/L,0.34,SG-9485
Panels overlock front (for busted seam) (having joints 2),3T O/L,0.34,SG-9483
Over Lock Front rise panel extended,3T O/L,0.36,SG-9463
Strip Overlock Front,3T O/L,0.157,SG-9514
Strip attach at Front Panel,SNLS (UBT),0.596,SG-9276
Attach Front Seat Seam Safety,5T O/L,0.2033433333333333,SG-9527
Attach Front Seat Seam Safety W/O helper,5T O/L,0.2033433333333333,SG-9528
Attach Front Seat Seam Top,Feed off Arm,0.19,SG-1410
Attach Front Seat Seam Top W/O helper,Feed off Arm,0.19,SG-1410
Panels overlock front (15 SPI & above),3T O/L,0.757,SG-9483
Attach Fabric Patch with front Panel wearer(R),SNLS (UBT),0.484,SG-10274
Tracing at front panel for Tilted Crotch Join,Tracing Pattern,0.263,SG-10142
Top Stitch Front Panel Patch Handling DNLS,DNLS (UBT),0.525,SG-3767
Tracing at front panel for Patch Pocket attach,Tracing Pattern,0.274,SG-10141
Tracing for bone on Panel 2,Tracing Pattern,0.17,SG-10160
Tracing for bone on Panel 2 (2nd),Tracing Pattern,0.19,SG-10160
Tracing for manual bone (diagonal),Tracing Pattern,0.4802458333333333,SG-10174
Tracing for bone on Panel & Pkt bag lining attach 2 (Jacket/Shirt),Tracing Pattern,0.575,SG-10161
Cut with clipper & Turn bone pkt 2,Manual,1.022941666666667,SG-9912
Bone pkt corner tacking 2*2,SNLS (UBT),1.5,SG-10400
Top stitch zipper bone pkt (3 sides),SNLS (UBT),4.656,SG-10878
Top stitch zipper bone pkt (upper lip) 2,SNLS (UBT),1.5,SG-10878
Top stitch zipper bone pkt (lower lip) 2,SNLS (UBT),0.8,SG-10878
Set Bone Facing Strip (Hem),SNLS (UBT),0.328,SG-10684
Bone pkt bag close safety 2,5T O/L,0.5500064999999998,SG-9543
Tacking bone pkt bag at sides 2*2,SNLS (UBT),0.623,SG-10806
Tacking at bone lip sides 2*2 (2nd),SNLS (UBT),0.62,SG-10786
Attach & top stitch front pocket 1,SNLS (UBT),0.8,SG-3504
Attach fusing on bone lips 2,Fusing attach m/c,0.342816,SG-0064
Attach fusing on bone Strips 2,Fusing attach m/c,0.15,SG-0064
Bone pocket bag trimming 2,3T O/L,0.1047083333333333,SG-9408
Attach Bottom strip (front) 1*1,SNLS (UBT),0.6371889999999999,SG-0570
Front Knee Pennel Safty 2 (upper side),5T O/L,0.36,SG-9552
Front Knee Panel Safety 1*1 (curvy) Joints & side MMT Handling,5T O/L,0.36,SG-9551
Back Knee Panel Safety 2,5T O/L,0.46,SG-9538
Front Knee Pennel Safty 2 (lower side),5T O/L,0.36,SG-9552
Front vertical panel Join 1*1 (SNLS),SNLS (UBT),0.822,SG-10555
Front panel Press Busted 1*1(inner& Out side),Manual,0.471,SG-0441
Front vertical panel top stitch DNLS 1*1 Full Pcs,DNLS (UBT),1.15,SG-9711
Front vertical panel join 1*1,5T O/L,0.3619666666666667,SG-9556
Front vertical panel join 1,5T O/L,0.3,SG-9556
Front vertical panel top stitch 1,Feed off Arm,0.25,SG-9779
Set Front Seat Seam,SNLS (UBT),0.2033433333333333,SG-10718
Front Knee Pennel Top Feedo 2 (lower side),Feed off Arm,0.325,SG-9779
Tracing at front bib for attachment,Tracing Pattern,0.2,SG-9119
Top Stitch Back Pannel S/N 1,SNLS (UBT),0.4569472083333334,SG-1610
Back Knee Panel Top FOA 2,Feed off Arm,0.452,SG-9779
Front Knee Pennel Top Feedo 2 (upper side),Feed off Arm,0.325,SG-9779
Overlock Front Seat Seam,SNLS (UBT),0.265,SG-10623
Front Panel Top stitch Curvy 1*1 (2nd),Feed off Arm,0.43,SG-9779
Dart Tracing 2 (front),Tracing Pattern,0.12,SG-9932
Dart Tracing 2 (3rd pair),Tracing Pattern,0.23,SG-9932
Front panel Dart Tracing V shape 2,Tracing Pattern,0.3858921666666667,SG-9966
Front Panel Dart Top Stitch 1*1,SNLS (UBT),0.38,SG-10534
Dart Tracing 2 (front) 2nd pair,Tracing Pattern,0.12,SG-9936
Set Front Panel Dart 1*1 (2nd pair),SNLS (UBT),0.4,SG-10709
Front Panel Dart Top Stitch 1*1 (2nd pair),SNLS (UBT),0.38,SG-10534
Set Front Panel Dart 1*1,SNLS (UBT),0.8403000000000002,SG-10709
Set Front Panel Dart 1*1 (full length),SNLS (UBT),0.8403000000000002,SG-10709
Set Front panel dart 2,SNLS (UBT),0.44,SG-10709
Dart Tracing 2 (3rd pair),Tracing Pattern,0.23,SG-9932
Set Dart 2,SNLS (UBT),0.53,SG-10695
Tracing at Bellow pocket for pleats & corners making,Tracing Pattern,1.02,SG-10120
Tracing at Bellow pocket for attachment,Tracing Pattern,,SG-10119
Bellow Pocket dart cut & Turn,Manual,1.26,SG-9871
Top stitch dart 2,SNLS (UBT),0.42,SG-10845
Top stitch dart 2 2nd,SNLS (UBT),0.42,SG-10846
Dart Run Stitch 2*2,SNLS (UBT),0.581,SG-10487
Dart Run Stitch 2*2 (2nd),SNLS (UBT),0.581,SG-10487
Dart Top Stitch 2*2,SNLS (UBT),0.488,SG-10488
Dart Top Stitch 2*2 (2nd),SNLS (UBT),0.581,SG-10488
Tacking at Pocket dart 2*2,SNLS (UBT),0.28,SG-10799
Dart Press 2*2,Manual,0.351,SG-0441
Dart Press 2*2 (2nd),Manual,0.351,SG-0441
Dart Press 4*4,Manual,0.48,SG-0441
Dart Tracing 4*4 (Different parts) Lower side,Tracing Pattern,0.451,SG-9935
Dart Tracing 4*4 (Different parts) Upper side,Tracing Pattern,0.4,SG-9938
Back Panel Dart Top Stitch 4*4,SNLS (UBT),0.581,SG-10363
Set Front Panel Dart/Pleat Round shape 1*1,SNLS (UBT),0.794,SG-10713
Set Front Panel Dart 1*1 (full length) edge to edge,SNLS (UBT),0.38,SG-10710
Set Front Panel Dart 1*1 (full length) edge to edge 2nd Pair,SNLS (UBT),0.38,SG-10711
Set Front Panel Dart 1*1 (full length) edge to edge 3rd Pair,SNLS (UBT),0.38,SG-10712
Dart top stitch 2*2 edge to edge,DNLS (UBT),0.797,SG-9696
Top stitch Front Panel Dart 1*1 (full length),DNLS (UBT),0.325,SG-9730
Top stitch Front Panel Dart 1*1 (full length) 2nd pair,DNLS (UBT),0.325,SG-9731
Top stitch Front Panel Dart 1*1 (full length) 3rd pair,DNLS (UBT),0.325,SG-9732
Tacking on Front panel pleated patch (3*3),SNLS (UBT),,SG-10814
Tacking at front panel dart 2*2,SNLS (UBT),0.65,SG-10793
Tacking at front panel dart 2*2 (2nd),SNLS (UBT),0.3,SG-10793
Tacking at front panel pleats 4*4,SNLS (UBT),0.8,SG-10794
Tacking at front panel pleats 4*4 (2nd pair),SNLS (UBT),0.8,SG-10794
Tacking at front panel pleats 2*2,SNLS (UBT),0.4,SG-10794
Tacking at front pannel dart 2,SNLS (UBT),0.3,SG-10795
Tacking at front pannel dart 2,SNLS (UBT),0.23,SG-10795
Tacking at front pannel dart 2 (2nd),SNLS (UBT),0.3,SG-10795
Tacking at pockets dart 2*2 (2nd),SNLS (UBT),0.309,SG-10801
Tracing for cargo pleats 8*8 with hem 1*1,Tracing Pattern,0.421,SG-10162
Thigh pockets edge o/l (3sides) + Hem Overlock 1*1 Grand size,3T O/L,0.842,SG-9517
Dart Tracing 4*4 (front),Tracing Pattern,0.421,SG-9932
Darts/Pleats making 4*4,SNLS (UBT),0.633,SG-10491
Set Front Panel Darts 4*4,SNLS (UBT),0.633,SG-10714
Front Panel Dart Top Stitch 4*4,SNLS (UBT),0.633,SG-10534
Dart Tracing 9*9 (front),Tracing Pattern,0.446,SG-9932
Dart Tracing 9*9 (Back),Tracing Pattern,0.446,SG-9932
Darts at Front panel (8-9 Darts),SNLS (UBT),0.969,SG-10490
Darts at Back panel (8-9 Darts),SNLS (UBT),0.969,SG-10489
Tacking at back panel pleats 4*4,SNLS (UBT),0.8,SG-10782
Set dart/Pleat at Front panel 3*3,SNLS (UBT),1.0823136,SG-10697
Top stitch at Front panel dart/Pleat 3*3,SNLS (UBT),0.5540784,SG-3353
Set Front Panel Dart 1*1 (extra-Large)(Shirt),SNLS (UBT),0.718,SG-10709
Top stitch front Panel Dart 1*1 (extra-Large)(Shirt),DNLS (UBT),0.65,SG-9730
Front Pocket Box Stitch Tracing,Tracing Pattern,0.274,SG-9314
Front Pocket Box Stitch Tracing 2nd,Tracing Pattern,0.274,SG-9976
Front pocket + side mmt tracing (fashion),Tracing Pattern,0.58,SG-9315
Attach Front Pocket (Round Shape) Single Stitch only,SNLS (UBT),1.15,SG-9289
Attach Front Pocket 1 Stitch,SNLS (UBT),1.25,SG-9289
Top stitch Front Pocket (semi fashion) New,SNLS (UBT),,SG-5269
Bartacks On Front pkt -4,Bartack m/c,0.185,SG-0066
Front vertical panel top stitch 1*1,Feed off Arm,0.4,SG-9779
Tracing at front panel for fly attach,Tracing Pattern,0.167,SG-9119
Set front pannel Patch,SNLS (UBT),0.5,SG-10715
Attach scoop strip (safety) 2 joints,5T O/L,0.42,SG-9530
Attach scoop strip (safety),5T O/L,0.2723440499999999,SG-9529
Pocket round + side mmt tracing,Tracing Pattern,0.2,SG-10023
Zipper tacking 2,SNLS (UBT),0.220494,SG-10909
Attach Fabric Strip to zipper bottom,SNLS (UBT),0.4,SG-0570
Tracing at Front panel bottom for Piping attach,Tracing Pattern,0.2,SG-9114
Front Out Side Panel Piping,SNLS (UBT),0.45,SG-10533
Tracing at back panel bottom for Piping attach,Tracing Pattern,0.2,SG-9114
Back Out Side Panel Piping,SNLS (UBT),0.45,SG-10360
Front slit making,SNLS (UBT),0.45,SG-10554
Bottom hem Turn & Tack 2*2 for Slit making (Shirt/Jacket),SNLS (UBT),0.95,SG-10418
Bottom Slit Cut & turning 2*2 (Shirt/Jacket),Manual,0.88,SG-9877
Slit making (Front&back) Shirt,SNLS (UBT),1.23,SG-10762
Cord Piping Making,SNLS (UBT),0.484,SG-10468
Cord Attachment with Front Panel (Handling),SNLS (UBT),1.411,SG-10467
Shoulder Overlock 1*1 + Cut,3T O/L,0.444,SG-9509
Attach zipper at front panel 1side + Notch,SNLS (UBT),0.696,SG-9239
Top stitch zipper at front panel 1side,SNLS (UBT),0.691,SG-3402
Attach zipper at front panel 2nd side with join crotch,SNLS (UBT),1.02,SG-9239
Top stitch zipper at front panel 2nd side with join crotch,SNLS (UBT),0.6,SG-3402
Front Pannel Feedo,Feed off Arm,0.35,SG-9779
Front Pannel Safety,5T O/L,0.362,SG-9554
Front Panel Top Stitch,Feed off Arm,0.362,SG-9779
Front Ptach Safety,5T O/L,0.437,SG-9555
Top Stitch Front Patch,DNLS (UBT),0.394,SG-3767
Front Panel Top (Fashion),DNLS (UBT),1.41,SG-1141
Front panel join Curvy handling 1*1,3T O/L,1.15,SG-9433
Fold and tack zipper 1*1,SNLS (UBT),0.45,SG-10526
ATT FASHION STRIP FRT PANEL (R),SNLS (UBT),0.52,SG-10245
ATT FASHION STRIP FRT PANEL (L),SNLS (UBT),0.52,SG-10245
PANELS OVERLOCK FRT (BUSTED) INSEAM,3T O/L,0.327,SG-9481
Loop Macking (2),Loop machine,0.08133333333333333,SG-4292
Loop Macking (3),Loop machine,0.122,SG-4292
Loop Macking (4),Loop machine,0.122,SG-4292
Loop Making -5,Loop machine,0.13,SG-4292
Loop Macking (6),Loop machine,0.16,SG-4292
Loop Macking (7),Loop machine,0.1866666666666667,SG-4292
Loop Macking (8),Loop machine,0.2133333333333333,SG-4292
Loop Macking (10),Loop machine,0.243,SG-4292
Loop Macking (12),Loop machine,0.28,SG-4292
Loop tacking (to pass through folder),SNLS (UBT),0.1,SG-0794
Loop Macking 1 Fashion,SNLS (UBT),0.2,SG-10610
Loop Macking 1,SNLS (UBT),0.78,SG-0794
Loop Macking Fashion,SNLS (UBT),0.2,SG-10610
Loop Over Lock 1 side 5 Loop,3T O/L,0.11,SG-9454
Show Stitch Back loop,SNLS (UBT),0.45,SG-10738
Lining Press,Manual,0.1,SG-0441
Loop make (SNLS/DNLS) 1,SNLS (UBT),0.035,SG-4292
Loop make (SNLS/DNLS) 2,SNLS (UBT),0.06999999999999999,SG-4292
Loop make (SNLS/DNLS) 3,SNLS (UBT),0.105,SG-4292
Loop make (SNLS/DNLS) 4,SNLS (UBT),0.14,SG-4292
Loop make (SNLS/DNLS) 5,SNLS (UBT),0.175,SG-4292
Loop make (SNLS/DNLS) 6,SNLS (UBT),0.21,SG-4292
Loop make (SNLS/DNLS) 7,SNLS (UBT),0.245,SG-4292
Loop make (SNLS/DNLS) 8,SNLS (UBT),0.28,SG-4292
Loop centre stitch 1,SNLS (UBT),0.014,SG-10609
Loop centre stitch 2,SNLS (UBT),0.028,SG-10609
Loop centre stitch 3,SNLS (UBT),0.04200000000000001,SG-10609
Loop centre stitch 4,SNLS (UBT),0.05600000000000001,SG-10609
Loop centre stitch 5,SNLS (UBT),0.07,SG-10609
Loop centre stitch 6,SNLS (UBT),0.08400000000000002,SG-10609
Loop centre stitch 7,SNLS (UBT),0.09800000000000002,SG-10609
Loop centre stitch 8,SNLS (UBT),0.112,SG-10609
Attach fusing on loops 1,Fusing attach m/c,0.02671139361111117,SG-0064
Attach fusing on loops 2,Fusing attach m/c,0.05342278722222233,SG-0064
Attach fusing on loops 3,Fusing attach m/c,0.0801341808333335,SG-0064
Attach fusing on loops 4,Fusing attach m/c,0.1068455744444447,SG-0064
Attach fusing on loops 5,Fusing attach m/c,0.145,SG-0064
Attach fusing on loops 6,Fusing attach m/c,0.1602683616666667,SG-0064
Attach fusing on loops 7,Fusing attach m/c,0.1869797552777782,SG-0064
Attach fusing on loops 8,Fusing attach m/c,0.2136911488888893,SG-0064
Center Loop Press,Manual,0.1,SG-0441
Sorting Loops,Manual,0.1,SG-4300
Loop Strip turn (manual) (5-6 Loops),Manual,0.91,SG-9998
1*1 Top Stitch at Loop (5-6 Loop),SNLS (UBT),1.26,SG-4329
Loop Tracing V Shape 3,Tracing Pattern,0.681,SG-10001
Loop Tab making V Shape 3,SNLS (UBT),0.589,SG-10614
Loop Tab cut & turn 3,Manual,1.456,SG-9999
Loop Tab top stitch V Shape 3,SNLS (UBT),1.158,SG-4329
Attach fusing on Loop Tab 5,Fusing attach m/c,0.45,SG-0064
Press Front Pocket 1,Manual,0.14361355,SG-0441
Buckle Tab Press 2*2,Manual,0.846,SG-0441
Buckle Tracing V Shape 2,Tracing Pattern,0.363,SG-9882
Buckle making V Shape 2,SNLS (UBT),0.839,SG-10432
Buckle cut & turn 2,Manual,1.003,SG-9880
Buckle top stitch V Shape 2,SNLS (UBT),1.657,SG-10433
Loop Tab Press 2 pointed,Manual,0.42,SG-0441
Loop Tab Press 2 pointed (2nd),Manual,0.48,SG-0441
Loop Tab Making 2 ( Direct after Press),SNLS (UBT),0.99,SG-10612
Loop Tab Making 4 corners (Direct after Press) 1*1,SNLS (UBT),0.75,SG-10613
Loop Tab Making 4 corners (Direct after Press) 1*1 (2nd),SNLS (UBT),0.75,SG-10613
Attach fusing on Loop Tab 2,Manual,0.215,SG-9850
Attach & Top stitch Loop tab 1*1 (Small),SNLS (UBT),0.64,SG-10254
Attach & Top stitch Loop tab 1*1 (Large),SNLS (UBT),0.64,SG-10254
Loop Tab top stitch (4 sided box making),SNLS (UBT),1.629,SG-10615
Loop Tab top stitch (4 sided box making)(2nd),SNLS (UBT),1.629,SG-10615
Loop Tab Press 3 pointed,Manual,1.323,SG-0441
Loop Tab Making 3 ( Direct after Press),SNLS (UBT),2.002,SG-10612
Diagonal Strip Press 1*1,Manual,0.402081,SG-0441
Diagonal Strip tracing 1,Tracing Pattern,0.14966525,SG-9942
Loop Tracing V Shape 2 (Large size),Tracing Pattern,0.514,SG-10001
Loop Making V shape 2 ( Large size),SNLS (UBT),0.846,SG-10611
Loop cutting V shape 2 (Large Size),Manual,0.503,SG-9996
Loop turn V shape 2 (Large Size),Manual,1.317,SG-10002
Loop Tab Attach 2,Bartack m/c,0.49,SG-0067
Loop Tab top stitch,Bartack m/c,0.42,SG-9659
Bartack at Tab 2*2,Bartack m/c,0.56,SG-9627
Diagonal Strip cut & turn 1,Manual,0.39848575,SG-9940
Diagonal Strip top stitch 1,SNLS (UBT),0.7384664999999999,SG-10492
Belt Fusing Attach 2pc,Fusing attach m/c,0.205,SG-0064
Attach Waist Band Fusing (3 separate parts),Fusing attach m/c,0.42,SG-0064
Attach Waist Band Fusing (3 separate parts) 2*2,Fusing attach m/c,0.526,SG-0064
Attach Waist Band Fusing 4 parts,Fusing attach m/c,0.3,SG-0064
Attach Waist Band Fusing 4 parts (2nd),Fusing attach m/c,0.3,SG-0064
Press Waist Band (3 separate parts),Manual,0.51,SG-0441
Press Waist Band (2 separate parts),Manual,0.51,SG-0441
Attach Waist Band Fusing (2 separate parts) 2*2,Fusing attach m/c,0.526,SG-0064
Belt Fusing Attach(1&2 part) with NO WB Press,Fusing attach m/c,0.205,SG-0064
Belt Fusing Attach(1&2 part) with NO WB Press (Special Fusing),Fusing attach m/c,0.32,SG-0064
Belt Fusing Attach(1&2 part) with NO WB Press (Special Fusing) 2nd,Fusing attach m/c,0.205,SG-0064
Join w/b panel + tacking (1*1),SNLS (UBT),0.3452989999999999,SG-10589
Join w/b panels 2 + tacking (2*2),SNLS (UBT),0.3452989999999999,SG-10591
Join w/b panels 2 + tacking (1*1),SNLS (UBT),0.34,SG-10591
Join w/b panels 2 + tacking (1*1) 2nd side,SNLS (UBT),0.34,SG-10592
Set Waist Band 6 parts (making 1st pair),SNLS (UBT),0.27,SG-10730
Set Waist Band 6 parts (making 2nd pairs),SNLS (UBT),0.27,SG-10730
Set Waist Band 6 parts (making 3rd pairs),SNLS (UBT),0.27,SG-10730
Join w/b vertical panels 1*1 (with notch matching),SNLS (UBT),0.44,SG-10593
Tacking at waist band joint 2*2 (along the seam),SNLS (UBT),0.85,SG-9092
Join w/b panel 1*1,SNLS (UBT),0.339,SG-10588
Join w/b panel 1*1 (2nd),SNLS (UBT),0.339,SG-10588
Waist belt tacking after join (4*4),SNLS (UBT),0.83,SG-10900
Waist belt Ring hem (Folder),SNLS (UBT),0.509,SG-10899
Waist band Fashion stitch tracing,Tracing Pattern,1.514,SG-10210
Waist band Fashion stitch,SNLS (UBT),2.698,SG-10891
Ring Shell edges Trimming (Joints Handling),3T O/L,0.287439,SG-9500
Join w/b panel + tacking (1*1) Ring Handling,SNLS (UBT),0.43,SG-10590
Waist Band Set (Ring making) SNCS,SNCS (NUBT),0.746,SG-10230
Reference stitch at waist belt ring all around (water Thread),SNLS (UBT),0.381,SG-10653
Waist band lining tacking,SNLS (UBT),0.1813482,SG-9092
Lining Piping Attach at Waist Band,SNLS (UBT),0.23,SG-5177
Waist Band set (Lining) upper side,SNLS (UBT),0.23,SG-10897
W/B Panel Tacking for joiint match,SNLS (UBT),0.12,SG-10887
Rib Attach to Waist Band,SNLS (UBT),1.5,SG-9068
Set waist belt with joint,SNLS (UBT),0.32,SG-10731
Waist Band Set (Handling),SNLS (UBT),0.271,SG-10896
Waist Band Set,SNLS (UBT),0.223,SG-10896
Press Waist Band,Manual,0.224337,SG-0441
Press Waist Band (Handling),Manual,0.224337,SG-0441
Press Waist Band (through folder),Manual,0.727,SG-0441
Join w/b panels 2 + tacking (2*2) 2nd side,SNLS (UBT),0.34,SG-10592
Waist band joint matching 1*1,SNLS (UBT),0.3180649999999999,SG-10893
"Belt making (piping, lining, panel) altogether",SNLS (UBT),1.086888333333333,SG-10393
Double flys attach with panel both sides,SNLS (UBT),0.70201,SG-10494
Tacking at outseam having double fly 2,SNLS (UBT),0.25,SG-10797
Elastic Insertion+ Fabric Patch Closing,SNLS (UBT),1.23,SG-10498
Side Top fashion stitch (tilt twice),SNLS (UBT),0.65,SG-0745
5 Point tracing at wb (handling),Tracing Pattern,0.2,SG-9113
3/5 Point tracing at wb,Tracing Pattern,0.2,SG-9113
5 Point tracing at wb (Grand size),Tracing Pattern,0.2,SG-9113
3/5 pt tracing at wb 2nd,Tracing Pattern,0.18,SG-10090
3/5 Point tracing at wb (2nd),Tracing Pattern,0.18,SG-9113
Tracing on elastic 7 points,Tracing Pattern,0.237,SG-10193
7 Point tracing at wb,Tracing Pattern,0.204,SG-9113
7 Point tracing at wb 2nd,Tracing Pattern,0.204,SG-10029
9 Point tracing at WB Handling,Tracing Pattern,0.204,SG-10028
9 Point tracing at wb,Tracing Pattern,0.204,SG-9113
9 Point tracing at wb 2nd,Tracing Pattern,0.204,SG-10029
11 Point tracing at wb,Tracing Pattern,0.204,SG-9113
5 pt tracing (front and back) (dungaree),Tracing Pattern,0.3,SG-10089
5 pt tracing 2nd (front and back) (dungaree),Tracing Pattern,0.3,SG-10091
Tracing for Denim Patch at Belt,Tracing Pattern,0.18,SG-10163
"Tracing For Hip Stitch, mouth and Yoke High Low",Tracing Pattern,0.18,SG-10166
Attatch Waist Band Fashion Complet Tracing,Tracing Pattern,0.376,SG-9859
Attach Waist Band & Bone high low Tracing,Tracing Pattern,0.374,SG-9853
Side top tracing (fashion),Tracing Pattern,0.256,SG-10098
Attatch W/B High Lo & side top Tracing,Tracing Pattern,0.174,SG-9855
Attatch W/B + yoke High Lo & side top Tracing,Tracing Pattern,0.256,SG-9858
Attatch W/B High Low tracing,Tracing Pattern,0.21,SG-9857
Tracing for back at front for W/B,Tracing Pattern,0.478,SG-10157
Tracing at back panel for W/B,Tracing Pattern,0.24,SG-10114
Tracing at Front panel for W/B,Tracing Pattern,0.24,SG-10143
Tracing at Back panel for W/B & side MMT,Tracing Pattern,0.36,SG-10115
Tracing at Front panel for W/B & side MMT,Tracing Pattern,0.36,SG-10144
Fabric Patch Cutting (mmt),Manual,0.08,SG-9949
Ruffle making 2 (full length),SNLS (UBT),1.9704,SG-10663
Back Bottom Strip Gathering,SNLS (UBT),0.317,SG-10358
Front Bottom Strip Gathering,SNLS (UBT),0.317,SG-10532
Inseam Safty,5T O/L,0.34,SG-0363
INSEAM SAFETY (HH),5T O/L,0.34,SG-0363
Inseam Safty (Curly Fabric),5T O/L,0.429,SG-0363
Inseam Safety Joints&Fashion,5T O/L,0.411,SG-0363
Inseam Safety after Out seam (Strip handling),5T O/L,1.11960657,SG-0363
Inseam Safety (separate panels)Less RPM &Narrow SPI(Dillards),5T O/L,0.5,SG-0363
INSEAM SAFETY (JOINTS & Fashion) HH,5T O/L,0.411,SG-0363
Inseam Safty (Grand size),5T O/L,0.38,SG-0363
Inseam Safety (Grand size)(HH),5T O/L,0.38,SG-0363
Inseam Safety St. (reverse),5T O/L,0.355845,SG-0363
INSEAM SAFETY (REVERSE) HH,5T O/L,0.355845,SG-0363
Inseam Safety (1 joint),5T O/L,0.36,SG-0363
Inseam Safty 2 joints,5T O/L,0.365,SG-0363
Inseam Safety 4 joints,5T O/L,0.37,SG-0363
Inseam Safety 6 joints,5T O/L,0.39,SG-0363
Inseam Safety 8 joints,5T O/L,0.4,SG-0363
Inseam Safty (separate panels),5T O/L,0.462,SG-0363
Inseam Safety (15 SPI & above),5T O/L,0.4279716,SG-0363
Inseam Safety (15 SPI & above) & Curly Fabric Handling,5T O/L,0.48,SG-0363
Inseam Safety (16 SPI & above) Handling,5T O/L,0.624,SG-0363
Inseam Safety upto slit,5T O/L,0.4177813333333333,SG-0363
Inseam Folder,Feed off Arm,0.325,SG-0132
Inseam Folder 2 Joints,Feed off Arm,0.35,SG-0132
INSEAM FOLDER (HH),Feed off Arm,0.325,SG-0132
Inseam Folder (after outseam),Feed off Arm,0.645,SG-0132
Inseam folder (after out seam) handling,Feed off Arm,0.645,SG-0132
Inseam Folder (narrow gauge),Feed off Arm,0.345,SG-0132
INSEAM FOLDER (NARROW GUAGE) HH,Feed off Arm,0.345,SG-0132
In seam Top Feedo Fashion ( Closed Garment Short),Feed off Arm,0.3,SG-0132
Top Stitch Inseam FOA (edge margin),Feed off Arm,0.3,SG-0132
Top Stitch Inseam FOA (edge margin)(Grand Size),Feed off Arm,0.36,SG-0132
TOP STITCH INSEAM FOA (EDGE MARGIN) HH,Feed off Arm,0.3,SG-0132
Top Stitch Inseam Feedo,Feed off Arm,0.3,SG-0132
TOP STITCH INSEAM FOA (HH),Feed off Arm,0.3,SG-0132
Top Stitch Inseam Feedo (Grand size),Feed off Arm,0.33,SG-0132
Top Stitch Inseam Feedo (Grand size)(HH),Feed off Arm,0.33,SG-0132
Top Stitch Inseam Feedo (having 4 joints),Feed off Arm,0.3,SG-0132
Top Stitch Inseam Feedo (having 6 joints),Feed off Arm,0.4,SG-0132
Top Stitch Inseam Feedo 2 joints,Feed off Arm,0.34,SG-0132
Top Stitch inseam feedo (closed garment),Feed off Arm,0.78,SG-0132
Inseam Press (Busted),Manual,0.471,SG-0440
Inseam supporting seam,SNLS (UBT),0.4517699999999999,SG-10579
Panel strips over lock both sides,3T O/L,0.45,SG-9477
Tack twill tape 1*1 (with folding),SNLS (UBT),0.38,SG-1783
Out seam lock stitch (Tough Handling),SNLS (UBT),1.5,SG-10620
Out Seam Safety,5T O/L,0.4,SG-9575
OUTSEAM SAFETY (HH),5T O/L,0.4,SG-9575
Out Seam Safety (Curly Fabric),5T O/L,0.48,SG-9575
OUTSEAM SAFETY (HH)(1 Joint),5T O/L,0.4,SG-9575
Out Seam Safety ( Cross Round ),5T O/L,0.4,SG-9575
OUTSEAM SAFETY (CROSS ROUND) HH,5T O/L,0.4,SG-9575
Out Seam Safety ( Cross Round ) 4 joints,5T O/L,0.653,SG-9575
Outseam Safety (3500 RPM),5T O/L,0.4,SG-9575
Outseam Safety (3500 RPM)(HH),5T O/L,0.4,SG-9575
Out seam safety (3500 RPM) 2 joints,5T O/L,0.4,SG-9575
Outseam Safety (3500 RPM)2 Joints (HH),5T O/L,0.4,SG-9575
Outseam Safety (mesh),5T O/L,0.4,SG-9575
Outseam Safety (HH) mesh,5T O/L,0.4,SG-9575
Out Seam Safety (Grand size),5T O/L,0.56,SG-9575
Out Seam Safety (Grand size)(HH),5T O/L,0.58,SG-9575
Out Seam Safety (Grand size) 1*1 Joints,5T O/L,0.58,SG-9575
Out Seam Safety bottom to top cross round (Grand size),5T O/L,0.56,SG-9575
"Out Seam Safety, Less RPM &Narrow SPI(Dillards)",5T O/L,0.4,SG-9575
Out Seam Safety (Tape Handling),5T O/L,0.819,SG-9575
Out Seam Safety (1 joint),5T O/L,0.4,SG-9575
Out Seam Safety (2 joints),5T O/L,0.42,SG-9575
Out Seam Safety (3 joints),5T O/L,0.42,SG-9575
Out Seam Safety (4 joints),5T O/L,0.43,SG-9575
Out Seam Safety (Upto 4 joints) Curvy Yokes,5T O/L,0.651,SG-9575
Out Seam Safety (5 joints),5T O/L,0.42,SG-9575
Out Seam Safety (6 joints),5T O/L,0.45,SG-9575
Out Seam Safety (7 joints),5T O/L,0.46,SG-9575
Out Seam Safety (8 joints),5T O/L,0.47,SG-9575
Out Seam Safety (emb mmt throughout length),5T O/L,0.75,SG-9575
Out Seam Safety (following side mmt),5T O/L,0.534891075,SG-9575
Out Seam Safety bottom to top,5T O/L,0.43,SG-9575
Out Seam Safety (2 joints) bottom to top,5T O/L,0.5,SG-9575
Out Seam Safety bottom to top (1 joint),5T O/L,0.6173985,SG-9575
Out Seam Safety having double fly 2,5T O/L,0.4,SG-9575
Out Seam Safety (15 SPI & above),5T O/L,0.5,SG-9575
Out Seam Safety (15 SPI & above) & Curly Fabric Handling,5T O/L,0.56,SG-9575
Out Seam Safety (16 SPI & above)Handling,5T O/L,0.886,SG-9575
Out seam Safety (16 SPI & above) with tape attach Handling,5T O/L,1.115,SG-9575
Out Seam Safety (having piping at bottom),5T O/L,0.55953615,SG-9575
Out Seam Safety upto slit,5T O/L,0.48,SG-9575
OUTSEAM SAFETY UPTO SLIT (HH),5T O/L,0.48,SG-9575
Out Seam Safety (following side mmt)(having joint 2),5T O/L,0.5,SG-9575
Out Seam Safety (15 SPI & above) side MMT,5T O/L,0.6,SG-9575
Out seam lock stitch having cord tough Handling,SNLS (UBT),2.433,SG-10622
Out Seam Safety (having cord) Handling,3T O/L,0.4,SG-9455
Out seam Chain stitch having cord tough Handling,SNCS (NUBT),1.31,SG-10228
Out seam top stitch (FOA),Feed off Arm,0.55,SG-0132
Out seam top stitch (FOA) HH,Feed off Arm,0.55,SG-0132
Out seam top stitch (FOA) (having joint 6),Feed off Arm,0.62,SG-0132
Out seam top stitch (FOA) (edge margin),Feed off Arm,0.6,SG-0132
Out seam top stitch (FOA)Less RPM &Narrow SPI(Dillards),Feed off Arm,0.55,SG-0132
Garment Turn Up ( Contractual),Manual,0.183,SG-9014
Garment Turn Up 2nd ( Contractual),Manual,0.183,SG-9986
Panel Turning,Manual,0.183,SG-10013
Panel Turning 2nd,Manual,0.183,SG-10014
Out seam Folder after inseam,Feed off Arm,1.099,SG-0132
Out Seam Press Busted,Manual,0.471,SG-0440
Out Seam Busted Supporting Seam,SNLS (UBT),0.4517699999999999,SG-10619
Out Seam Press Busted (Inseam),Manual,0.471,SG-0440
Out seam lock stitch having cord,SNLS (UBT),,SG-10621
Set Out Seam S/N,SNLS (UBT),0.771,SG-10723
Side Set S/N,SNLS (UBT),0.4,SG-10743
Inner side Tacking at out seam,SNLS (UBT),0.556,SG-10577
Back Out Side Pannel Set S/N,SNLS (UBT),0.28,SG-10361
Side Over Lock,3T O/L,0.3362833333333334,SG-9510
Attach piping at bottom side seam 2,SNLS (UBT),0.9,SG-9060
"Side Top 7"" 3x (Overlap stitches) 1*1",SNLS (UBT),0.805,SG-0745
"Side Top 7""",SNLS (UBT),0.34,SG-0745
"Side Top 7"" (Grand size)",SNLS (UBT),0.45,SG-0745
"Side Top 7"" (Grand size) 1*1 Joints",SNLS (UBT),0.45,SG-0745
7'' Sides D/N,DNLS (UBT),0.489,SG-9724
"Side Top 7"" (handling)",SNLS (UBT),0.36,SG-0745
"Side Top 7"" center stitch (busted seam)",SNLS (UBT),0.8834519999999999,SG-0745
Side Top fashion stitch (tilt once),SNLS (UBT),0.37,SG-0745
"Side Top 7"" (slanted)",SNLS (UBT),0.4760439999999999,SG-0745
Side Top (DNLS) diff thread,DNLS (UBT),0.535,SG-9722
"Side Top 7"" (busted) DNLS",DNLS (UBT),0.535,SG-0745
"Side Top 7"" (busted seam)",SNLS (UBT),0.38,SG-0745
"Side Top 7"" having double fly 2",SNLS (UBT),0.34,SG-0745
"Side Top 7"" Basic (1 side only)",SNLS (UBT),0.2,SG-0745
"Side Top 7"" (having edge margin)",SNLS (UBT),0.38,SG-0745
7'' Sides D/N Fashion,SNLS (UBT),0.535,SG-10751
Loops tracing 2 1st,Tracing Pattern,0.1666666666666667,SG-10006
Loops tracing 2 2nd,Tracing Pattern,0.1666666666666667,SG-1324
Loops tracing 2 3rd,Tracing Pattern,0.1666666666666667,SG-10005
10 Point tracing at wb for Loops Attach,Tracing Pattern,0.247,SG-10027
Set Loop (2),SNLS (UBT),0.17,SG-10721
Set Loop (3),SNLS (UBT),0.17,SG-10721
Set Loop (4),SNLS (UBT),0.33,SG-10721
Set Loop (5),SNLS (UBT),0.4,SG-10721
Set Loop (6),SNLS (UBT),0.44,SG-10721
Set Loop (7),SNLS (UBT),0.5133333333333333,SG-10721
Set Loop (8),SNLS (UBT),0.5866666666666667,SG-10721
Set Loop (5) Double,SNLS (UBT),0.6,SG-10722
CBE High Low Tracing,Tracing Pattern,0.13,SG-9108
CBE H/L + SHELL TRACING,Tracing Pattern,0.23,SG-9885
CBE High Low Tracing (dungaree),Tracing Pattern,0.32,SG-9108
Tracing yoke height for belt attachment,Tracing Pattern,0.256,SG-10201
Front Complet 80096 Tracing,Tracing Pattern,0.256,SG-9965
Attach 2 Label,SNLS (UBT),0.15,SG-4200
Tracing For label at belt,Tracing Pattern,0.13,SG-10172
Attach main label 2 sided (hidden),SNLS (UBT),0.25,SG-4184
Attach main label 2 sided (hidden) 2nd,SNLS (UBT),0.25,SG-4222
Attach label 2 sided (hidden stitches),SNLS (UBT),0.25,SG-9326
Attach main label 2 sided (hidden) with edge folding,SNLS (UBT),0.3953639999999999,SG-4184
Attach Main Label 2 Side,SNLS (UBT),0.25,SG-4184
"Attach label at belt (4-sided, Hidden)",SNLS (UBT),0.34,SG-10290
"Attach label at belt (4-sided, Hidden) 2nd",SNLS (UBT),0.34,SG-10291
Tracing on fabric for elastic ring attach,Tracing Pattern,0.215988,SG-10195
Elastic Attach Tracing (size wise),Tracing Pattern,0.172,SG-9944
Tracing on elastic ring,Tracing Pattern,0.219,SG-10194
Elastic Tracing Cutting,Tracing Pattern,0.23,SG-9946
Elastic tracing cutting 2nd pair,Tracing Pattern,0.23,SG-9947
Elastic tacking at waist band 5,SNLS (UBT),1.17,SG-0668
Tracing on facing for eyelet placement,Tracing Pattern,0.12,SG-10196
Elastic With Pennel Over Lock,3T O/L,0.3491192499999999,SG-9423
Elastic Ring Making,SNLS (UBT),0.2,SG-10500
Elastic Tacking on Waist belt-2,SNLS (UBT),0.243984,SG-10501
Tacking elastic with belt -3,SNLS (UBT),0.50063,SG-10808
Elastic Insert B/W (4 Eyelets),Manual,0.389525,SG-9945
Elastic Insert B/W (2 Eyelets),Manual,0.24,SG-9945
Attach Elastic Belt (size wise),SNLS (UBT),0.45,SG-0444
W/B fabric ring making,SNLS (UBT),0.2,SG-10885
Tacking elastic with w/b -8,SNLS (UBT),0.91,SG-10808
Tacking elastic with w/b -4 Tacking,SNLS (UBT),0.455,SG-10808
Tacking elastic with w/b -4 Tacking 2nd,SNLS (UBT),0.455,SG-10808
Elastic tacking at waist band 3,SNLS (UBT),0.556,SG-0668
Elastic Ring attach with fabric Ring (2nd),SNLS (UBT),0.55848,SG-10499
Tacking elastic with w/b -4,SNLS (UBT),0.5682432,SG-10808
Elastic Ring attach with fabric Ring (tubular form),SNLS (UBT),1.0202925,SG-10499
Elastic Ring attach with fabric Ring (tubular form) after tacking sides,SNLS (UBT),1.0202925,SG-10499
Overlock Front Seat Seam (Rib interlining),3T O/L,0.217,SG-9473
Overlock Back Seat Seam (Rib interlining),3T O/L,0.292,SG-9468
Inseam Safety (Rib interlining),5T O/L,0.534,SG-0363
Out Seam Safety (Rib interlining),5T O/L,0.691,SG-9575
Rib interlining attach with Fly 1*1,SNLS (UBT),1.2108,SG-10655
Rib interlining attached to waist band,SNLS (UBT),0.7324,SG-10657
Rib interlining attached to bottom,SNLS (UBT),1.1535,SG-10656
Waistband attach with elastic (Rib interlining),Tuck-in machine,1.951,SG-1336
Lining Shell attach with body (Single.+ D Fly area) + turning,SNLS (UBT),1.273,SG-10607
Lining Shell attach with body (belt area),SNLS (UBT),0.978,SG-10607
Belt attach to Body (manual)(Cut pocket handling),SNLS (UBT),1.473,SG-10388
Belt top edge Lock stitch (Ditch stitch) after tacking,SNLS (UBT),1.273,SG-10395
Waist band shell hem,SNLS (UBT),1.379,SG-10898
Elasticated W/B attach at inner side (folder),W/B,1.53,SG-1336
Kaj Belt (2),Eyelet,0.21,SG-0124
Tracing for eyelet 4,Tracing Pattern,0.13,SG-10164
Tracing for eyelet 4 (2nd),Tracing Pattern,0.13,SG-10164
Eyelets 4 (straight),Eyelet,0.3755948,SG-0124
Eyelets 4 (straight) (2nd),Eyelet,0.3755948,SG-0124
Eyelets 4 (straight) at Bottom,Eyelet,0.539,SG-0124
Attach Thigh Pocket,DNLS (UBT),1.15,SG-9674
Attach Thigh Pocket 2nd,DNLS (UBT),0.777,SG-9676
Attach Thigh Pocket Fashion,SNLS (UBT),1.487,SG-10327
Attach Thigh Pocket Fashion,SNLS (UBT),2,SG-10327
Top stitch Thigh Pocket Fashion,SNLS (UBT),,SG-9371
Attach Knee Pocket Fashion,SNLS (UBT),1.487,SG-10287
Attach Thigh Pocket Fashion (4 Corners),DNLS (UBT),1.6,SG-9675
Bellow Pocket corners tacking,SNLS (UBT),0.5927,SG-10382
Bellow Pocket corners tacking (2nd),SNLS (UBT),0.5927,SG-10382
Knee pkt attach fashion (Grand Size),DNLS (UBT),2.014,SG-9716
Tracing Knee Bellow Pocket + Flap Attach,Tracing Pattern,0.322,SG-10192
Tracing for Knee Pocket + Flap Attach 1,Tracing Pattern,0.1865,SG-10170
Tracing for Knee Pocket + Flap Attach 1*1,Tracing Pattern,0.373,SG-10170
Tracing for Knee Pocket + Flap Attach 1*1 2nd,Tracing Pattern,0.373,SG-10171
Tracing for Knee Pocket + Flap Attach 2*2,Tracing Pattern,0.634,SG-10170
Tracing for knee pkt 1*1 reference from w/band (Twill fabric light weight),Tracing Pattern,0.72,SG-10169
Attach Bellow Pocket with Tacking 1*1,DNLS (UBT),2.342,SG-9673
Attach Bellow Pocket with Tacking 2nd 1*1,DNLS (UBT),2.342,SG-9673
Pocket Overlapped stitch,SNLS (UBT),0.4358399999999999,SG-10648
Tracing for flap attach 1*1,Tracing Pattern,0.17,SG-3023
Flap Attach 1*1,SNLS (UBT),0.666,SG-1132
Flap Top Stitch 1*1,SNLS (UBT),0.666,SG-2994
Flap Attach 1*1 (2nd),SNLS (UBT),0.666,SG-1132
Flap Top Stitch 1*1 (2nd),SNLS (UBT),0.666,SG-2994
Flap Attach 1*1 (3rd),SNLS (UBT),0.666,SG-1132
Flap Top Stitch 1*1 (3rd),SNLS (UBT),0.666,SG-2994
Flap Attach 1*1 (Grand size),SNLS (UBT),0.532416,SG-1132
Flap Top Stitch 1*1 (Grand size),SNLS (UBT),0.6349262999999999,SG-2994
Flap Attach 1*1 (Closed Garment),SNLS (UBT),0.6349262999999999,SG-1132
Flap Top Stitch 1*1 (Close Garment),SNLS (UBT),0.6349262999999999,SG-2994
Flap Attach 1,SNLS (UBT),0.333,SG-1132
Flap Top Stitch 1,SNLS (UBT),0.333,SG-2994
Flap Top Stitch 1 (2nd),DNLS (UBT),0.333,SG-2994
Bartack on Cargo Pocket 4,Bartack m/c,0.3,SG-0066
Bartack on Cargo Pocket 4 2nd,Bartack m/c,0.3,SG-9638
Bartack on flap 2,Bartack m/c,0.2,SG-0066
Bartack on flap 4,Bartack m/c,0.325,SG-0066
Bartack on flap 4 2nd,Bartack m/c,0.325,SG-9639
Bar tack on flap 4 (3rd),Bartack m/c,0.325,SG-9610
Attach hanger loop 2,SNLS (UBT),0.42,SG-1761
Attach patch inside belt (reinforcement) 1,SNLS (UBT),0.22,SG-10304
Shell Overlock,3T O/L,0.287439,SG-9508
Shell Overlock (with 4 joints),3T O/L,0.4892933333333334,SG-9508
Shell Overlock with (16 Joints) Pleats Handling,3T O/L,0.65,SG-9508
Chain stitch at shell,SNCS (NUBT),0.4270999999999999,SG-0173
Attach Elastic with Pannel,SNLS (UBT),0.88,SG-10273
Elastic Ring attach with fabric Ring,SNLS (UBT),0.88,SG-10499
Set Waist Band Lining,SNLS (UBT),1.023,SG-10729
W/B Top edge stitch with inner strip,SNCS (NUBT),2.035,SG-10229
Stay stitch at elastic all around,SNLS (UBT),0.714,SG-10767
Belt attach to Body (manual) New,SNLS (UBT),1.4,SG-10389
Belt attach to Body (manual)(Chain Handling) New,SNLS (UBT),1.51,SG-10389
Waist Band /Elastic tacking (4 points) Tough handling,SNLS (UBT),0.56,SG-10889
Waist Band /Elastic tacking (9*9 points) Tough handling,SNLS (UBT),2.527,SG-10889
Belt top edge Lock stitch (Ditch stitch),SNLS (UBT),2.601,SG-10394
Belt Centre Stitch (Handling),SNCS (NUBT),0.848,SG-10217
Hand Belt Folding+U,SNLS (UBT),1.304,SG-10559
Waist Band 1St Top,SNCS (NUBT),1.538,SG-10231
Top Stitch Belt (Upper),W/B,0.837,SG-1336
Attach Wasit Band 2 ply (Label) with insertion of Front Bib,DNCS (UBT),0.7678685333333334,SG-9669
Attach Wasit Band 2 ply (Label) with insertion of Back Bib,DNCS (UBT),0.8691323333333334,SG-9669
Waist Band Attachment 2pc (extended) having Chain,W/B,0.65,SG-1336
Waist band Attachment 2pc (Tuck-in),Tuck-in machine,1.592,SG-1336
Waist band Attachment 2pc (Tuck-in) ZH,Tuck-in machine,1.592,SG-1336
Waist band Attachment (Tuck-in) 3cm Height only (New),Tuck-in machine,1.283,SG-1336
W/B Attach 1 ply (Tuck-in) Wide Width & Elastic (Grand Size),Tuck-in machine,1.313,SG-1336
W/B Attach 1 ply (Tuck-in) Wide Width & Elastic (Grand Size) ZH,Tuck-in machine,1.313,SG-1336
Waist band Attachment 1 ply (setting 2part) Tucking m/c) with eyelet,Tuck-in machine,0.96,SG-1336
Waist band Attachment 1 ply (setting 2part) Tucking m/c) with eyelet ZH,Tuck-in machine,0.96,SG-1336
W/B ATTACH 1 PLY (SET 2 PARTS)(TUCK IN) WITH EYELETS HH,Tuck-in machine,0.804187596,SG-1336
W/B ATTACH 1 PLY (SET 2 PARTS)(TUCK IN) WITH EYELETS HH ZH,Tuck-in machine,0.804187596,SG-1336
"Waist band Attachment 1 ply (setting 2part) Tucking m/c) with eyelet, 6part",Tuck-in machine,1.1,SG-1336
"Waist band Attachment 1 ply (setting 2part) Tucking m/c) with eyelet, 6part ZH",Tuck-in machine,1.1,SG-1336
"Waist band Attachment 1 ply (setting 2part) Tucking m/c) with eyelet, 6part (Grand size)",Tuck-in machine,1.24,SG-1336
W/B Attach 1 ply (Tuck-in)(Wide Width) Tough Handling,Tuck-in machine,1.868,SG-1336
Waist Band Attachment 2pc (4 part) chain handling,Tuck-in machine,0.75,SG-1336
"Waist band Attachment 1 ply (setting 2part) Tucking m/c) with eyelet, 6part (Grand size) ZH",Tuck-in machine,1.24,SG-1336
"W/B ATTACH 1 PLY ( SETTING 2 PARTS) (TUCK-IN) WITH EYELETS, 6 PART (GRAND SIZE)(HH)",Tuck-in machine,1.24,SG-1336
"W/B ATTACH 1 PLY ( SETTING 2 PARTS) (TUCK-IN) WITH EYELETS, 6 PART (GRAND SIZE)(HH) ZH",Tuck-in machine,1.24,SG-1336
Waist Band Attachment 1 ply (Setting 2part)(Tucking m/c),Tuck-in machine,0.75,SG-1336
Waist Band Attachment 1 ply (Setting 2part)(Tucking m/c) ZH,Tuck-in machine,0.75,SG-1336
Waist Band Attachment 1 ply (Setting 2part)(Tucking m/c) Piping,Tuck-in machine,0.75,SG-1336
Waist Band Attachment 1 ply (Setting 2part)(Tucking m/c) Piping ZH,Tuck-in machine,0.75,SG-1336
W/B ATTACH 1 PLY ( SETTING 2 PARTS) (TUCK-IN) HH,Tuck-in machine,0.75,SG-1336
W/B ATTACH 1 PLY ( SETTING 2 PARTS) (TUCK-IN) HH ZH,Tuck-in machine,0.75,SG-1336
Waist Band Attachment 1 ply (Setting 2part)(Tucking m/c) chain handling,Tuck-in machine,0.75,SG-1336
Waist Band Attachment 1 ply (Setting 2part)(Tucking m/c) chain handling ZH,Tuck-in machine,0.75,SG-1336
W/B (TUCKING) CHAIN STITCH AT SHELL,Tuck-in machine,0.75,SG-1336
W/B (TUCKING) CHAIN STITCH AT SHELL ZH,Tuck-in machine,0.75,SG-1336
W/B Attach 1 ply (Setting 2part)(Tuck-in) chain handling( Grand Size),Tuck-in machine,1.368,SG-1336
W/B Attach 1 ply (Setting 2part)(Tuck-in) chain handling( Grand Size) ZH,Tuck-in machine,1.368,SG-1336
Waist Band Attachment 1 ply (Setting 2part)(Tucking m/c)(Grand size),Tuck-in machine,1.315,SG-1336
Waist Band Attachment 1 ply (Setting 2part)(Tucking m/c)(Grand size) ZH,Tuck-in machine,1.315,SG-1336
"Waist band Attachment 1 ply (setting 2part) Tucking m/c), 6part",Tuck-in machine,0.966,SG-1336
"Waist band Attachment 1 ply (setting 2part) Tucking m/c), 6part ZH",Tuck-in machine,0.966,SG-1336
W/B Attach 1 ply (Setting 2part)(Tuck-in) Wide Width,Tuck-in machine,1.4,SG-1336
W/B Attach 1 ply (Setting 2part)(Tuck-in) Wide Width ZH,Tuck-in machine,1.4,SG-1336
WB Tuck-in (3 part) seam margin handling,Tuck-in machine,1.639,SG-1336
WB Tuck-in (3 part) seam margin handling ZH,Tuck-in machine,1.639,SG-1336
WB attach 2pc with elastic (5cm & above height)(Tough Handling),Tuck-in machine,1.168,SG-1336
"WB Attachment 1 ply (setting 2part) Tuck In), 4part",Tuck-in machine,1.102,SG-1336
"WB Attachment 1 ply (setting 2part) Tuck In), 4part ZH",Tuck-in machine,1.102,SG-1336
Waist band Attachment 1 ply (Tucking m/c) with eyelets,Tuck-in machine,0.8,SG-1336
Waist band Attachment 1 ply (Tucking m/c) with eyelets ZH,Tuck-in machine,0.8,SG-1336
W/B ATTACH 1 PLY (TUCK-IN) WITH EYELETS HH,Tuck-in machine,0.96,SG-1336
W/B ATTACH 1 PLY (TUCK-IN) WITH EYELETS HH ZH,Tuck-in machine,0.96,SG-1336
Waistband Attachment 1 Ply (Tucking m/c) Tape handling,Tuck-in machine,1.315,SG-1336
Waistband Attachment 1 Ply (Tucking m/c) Tape handling ZH,Tuck-in machine,1.315,SG-1336
Waistband Attachment 1 Ply (Tucking m/c) Tape handling ZH HH,Tuck-in machine,1.215,SG-1336
Waistband Attachment 1 Ply (Tucking m/c),Tuck-in machine,0.7,SG-1336
Waistband Attachment 1 Ply (Tucking m/c) ZH,Tuck-in machine,0.7,SG-1336
W/B ATTACH 1 PLY (TUCK-IN) HH,Tuck-in machine,0.75,SG-1336
W/B ATTACH 1 PLY (TUCK-IN) HH ZH,Tuck-in machine,0.75,SG-1336
W/B Attachment 1 Ply (Tuck-in) with Elastic,Tuck-in machine,1.107,SG-1336
W/B Attachment 1 Ply (Tuck-in) with Elastic ZH,Tuck-in machine,1.107,SG-1336
W/B Attach 1 Ply (Tuck-in) with Elastic & eyelets ZH,Tuck-in machine,1.107,SG-1336
W/B Attachment 1 Ply (Tuck-in) with Elastic ZH HH,Tuck-in machine,1.107,SG-1336
W/B Attachment 1 Ply (Tuck-in) with Elastic (Grand Size),Tuck-in machine,1.107,SG-1336
W/B Attachment 1 Ply (Tuck-in) with Elastic (Grand Size) HH ZH,Tuck-in machine,1.107,SG-1336
CLOSE BELT STITCH LOWER ON ELASTICATED BELT HH,SNCS (NUBT),0.769,SG-10225
CLOSE BELT STITCH ELASTICATED BELT (FLAT LOCK) HH,SNCS (NUBT),0.853,SG-10224
WB Attach 1 ply (setting 2part)(Tuck In) Elastic & Tape (tough Handling),Tuck-in machine,2.5,SG-1336
WB Attach 1 ply (setting 2part)(Tuck In) Elastic +Eyelet & Tape (tough Handling),Tuck-in machine,2.5,SG-1336
Close belt stitch (lower) on elasticated belt,SNCS (NUBT),0.6137772958333333,SG-10226
Close belt stitch elasticated belt (Flat Lock),SNCS (NUBT),0.6137772958333333,SG-10223
WB Attach 2pc having Lining & fabric Strips (Handling),W/B,1.208,SG-1336
W/B Attach 1 Ply (Tuck-in) with Elastic & eyelets (Joint Handling),Tuck-in machine,1.348,SG-1336
Waist Band Top Fashion,W/B,1.538,SG-1336
Belt In Side Top Stitch,W/B,0.22,SG-1336
PIPING ATTACH AT PANEL 1*1,SNLS (UBT),1.431,SG-10625
Chain Inserted in CBE,Manual,0.34,SG-9888
Chain Inserted in CBE (2nd),Manual,0.34,SG-9888
Chain Inserted in CBE with checking,Manual,0.3437933333333334,SG-9888
CHAIN INSERTION IN CBE (HH),Manual,0.3437933333333334,SG-9889
Chain Inserted in CBE with check (2nd Time),Manual,0.3437933333333334,SG-9888
Chain Inserted in CBE with check (3rd Time),Manual,0.3437933333333334,SG-9888
Elasticated Close bend end manual,SNLS (UBT),1.13,SG-10503
Chain Inserted in CBE with checking 3*3 Chain,Manual,0.494,SG-9888
Chain Inserted in CBE with checking 3*3 Chain 2nd,Manual,0.494,SG-9888
Chain Inserted in CBE with checking 3*3 Chain 3rd,Manual,0.494,SG-9888
Chain Inserted in CBE with checking 4*4 Chain,Manual,0.53,SG-9888
Set +Trim & turn Close band end V shape,SNLS (UBT),0.84,SG-10727
Close Band Ends V shape & Straight 2 part,SNLS (UBT),1.738,SG-10448
Chain Stitch Open 2/3 chains (1pc),Manual,0.46,SG-9891
Chain Stitch Open 2/3 chains (2pc),Manual,0.64,SG-9891
Chain Stitch Open 4 chains (2pc),Manual,0.9794173333333334,SG-9891
Waist band Chain check,Manual,0.207,SG-10208
Cut Waist Band,Manual,0.176322,SG-9929
Chain open and lock at belt,Manual,0.272,SG-0314
Chain open and lock at belt (2nd),Manual,0.272,SG-0314
Waist band End Close 1pc,SNLS (UBT),0.55,SG-9058
Close Band Ends S/N,SNLS (UBT),0.55,SG-1007
Belt End close 1 pc (above 8cm),SNLS (UBT),0.58,SG-10391
Close Band Ends 2pc (upto 8cm),SNLS (UBT),0.76,SG-10443
Close Band Ends 2pc ( above 8cm),SNLS (UBT),0.79,SG-10443
Close Band Ends straight stitch,SNLS (UBT),0.167,SG-1005
Top Stitch Belt S/n,SNLS (UBT),0.515,SG-10834
CBE MAKING V SHAPE (SET&CUT) UPPER,SNLS (UBT),1.6377,SG-10439
TOP STITCH CBE V SHAPE,SNLS (UBT),1.808,SG-10844
Close Bend End (Cut & Turn),Manual,0.824,SG-9894
Top stitch WB (Manual) all around 1st Stitch V shape,DNLS (UBT),2.688,SG-9743
Top stitch WB (Manual) all around 2nd Stitch V shape,DNLS (UBT),1.628,SG-9742
Close Band Ends straight stitch 2nd pair,SNLS (UBT),0.34,SG-10446
Close Band Ends U shape 2*2 (upper and lower),SNLS (UBT),1.971686,SG-10447
W/B Panel end close tacking 1*1,SNLS (UBT),0.423,SG-10886
Attach zipper at center front panels till Waist Band,SNLS (UBT),1.618,SG-1075
Attach Fly to Zip,SNLS (UBT),0.458,SG-3093
Bartack 2 @ Belt label,Bartack m/c,0.12,SG-9630
Bartack 2 @ Belt 2nd label,Bartack m/c,0.12,SG-9631
Loop handling 1,Manual,0.03,SG-9997
Loops handling 2,Manual,0.04,SG-10003
Loops handling 3,Manual,0.07,SG-10003
Loops handling 4,Manual,0.09,SG-10003
Loops handling 5,Manual,0.1,SG-10003
Loops handling 6,Manual,0.12,SG-10003
Loops handling 7,Manual,0.14,SG-10003
Loops handling 8,Manual,0.16,SG-10003
Loops handling 10,Manual,0.2,SG-10003
Loops handling 11,Manual,0.22,SG-10003
Loops handling 12,Manual,0.24,SG-10003
Bartack Loops(10) (dungaree),Bartack m/c,0.72,SG-0067
Bartack Loops(6) (dungaree),Bartack m/c,0.72,SG-0067
Bartack loops (02),Bartack m/c,0.1323233066666666,SG-0067
Bartack loops (04),Bartack m/c,0.35,SG-0067
Bartack loops (06),Bartack m/c,0.3969699199999999,SG-0067
Bartack loops (08),Bartack m/c,0.6352,SG-0067
Bartack loops (09),Bartack m/c,0.6616165333333334,SG-0067
Bartack loops (10),Bartack m/c,0.6616165333333334,SG-0067
BARTACK LOOPS (10) HH,Bartack m/c,0.6616165333333334,SG-9635
Bartack loops (12),Bartack m/c,0.7939398399999997,SG-0067
BARTACK LOOPS (12) HH,Bartack m/c,0.7939398399999997,SG-9635
BARTACK LOOPS (14) HH,Bartack m/c,0.9262631466666663,SG-9635
Bartack loops (4) without side top bartack,Bartack m/c,0.35,SG-9637
Bartack loops (6) without side top bartack,Bartack m/c,0.5,SG-9637
Bartack loops (7) without side top bartack,Bartack m/c,0.5,SG-9637
Bartack loops (08) without side top bartack,Bartack m/c,0.5881035851851849,SG-9637
Bartack loops (9) without side top bartack,Bartack m/c,0.6,SG-9637
Bartack loops (10) without side top bartack,Bartack m/c,0.662,SG-9637
BARTACK LOOPS 10 (W/O SIDE TOP) HH,Bartack m/c,0.662,SG-9635
Bartack loops (12) without side top bartack,Bartack m/c,0.794,SG-9637
BARTACK LOOPS 12 (W/O SIDE TOP) HH,Bartack m/c,0.794,SG-9635
Bartack loops (14) without side top bartack,Bartack m/c,1.029181274074074,SG-9637
BARTACK LOOPS 14 (W/O SIDE TOP) HH,Bartack m/c,1.029,SG-9635
Bartack loops (16) without side top bartack,Bartack m/c,1.17620717037037,SG-9637
BARTACK LOOPS 16 (W/O SIDE TOP) HH,Bartack m/c,1.029,SG-9635
Bartack at Loop 03 (shaped),Bartack m/c,0.288,SG-9622
Bartack at Loop 03 (V shape/Fashion) 2nd,Bartack m/c,0.288,SG-9623
Bartacks loop 2 (slanted),Bartack m/c,0.2,SG-0067
Loop Attach 2,Bartack m/c,0.629,SG-0067
Bartacks loop 4 (slanted),Bartack m/c,0.35,SG-0067
Centre back loops attach 2 (cross),Bartack m/c,0.45,SG-9655
Side loops attach 2 (cross),Bartack m/c,0.45,SG-0067
Side loops attach 2 (cross) 2nd pair,Bartack m/c,0.45,SG-9660
Bartack on round pocket 2,Bartack m/c,0.122,SG-9643
Bartack on round pocket 4,Bartack m/c,0.23692125,SG-9643
Bartack Side top 2 (cross),Bartack m/c,0.2,SG-9645
Bartack on pocket 2,Bartack m/c,0.2,SG-0066
Bar tack on pocket 2 (2nd),Bartack m/c,0.2,SG-9612
Bartack at sides 2 (Inner side),Bartack m/c,0.22,SG-9625
Bartack at sides 2,Bartack m/c,0.2,SG-9625
Bartack at sides 4,Bartack m/c,0.2,SG-9625
Bartack at side 1,Bartack m/c,0.11,SG-9624
Bartack 2 @ Belt,Bartack m/c,0.205,SG-9629
Bartack 1,Bartack m/c,0.075,SG-4353
Logo Bartack 1,Bartack m/c,0.224,SG-0067
Logo Bartack 1 (2nd),Bartack m/c,0.224,SG-0067
Pocket Show Stitch Tracing,Tracing Pattern,0.11,SG-10024
Fashion Bartack (Shaped),Bartack m/c,0.4,SG-9656
Bartack at Side 2 (handling),Bartack m/c,0.22,SG-9624
Bartack at bottom slit 2,Bartack m/c,0.322516875,SG-9615
Bartack at bottom 2,Bartack m/c,0.226070625,SG-0066
Bartack at belt 1,Bartack m/c,0.1,SG-0066
Bartack at bottom 4,Bartack m/c,0.32,SG-0066
Bartack at bottom slit 2 (handling),Bartack m/c,0.18953905,SG-9615
Reinforcement attach 1,Manual,0.1,SG-10092
Reinforcement attach 2,Manual,0.1,SG-10092
Reinforcement attach 3,Manual,0.12,SG-10092
Reinforcement attach 4,Manual,0.15,SG-10092
Reinforcement attach 5,Manual,0.16,SG-10092
Reinforcement attach 6,Manual,0.17,SG-10092
Reinforcement attach 8,Manual,0.18,SG-10092
Reinforcement attach 2 (2nd),Manual,0.1,SG-10092
Reinforcement attach 4 (2nd),Manual,0.15,SG-10092
Bottom strip ruffle making,SNLS (UBT),3.8,SG-10428
Bottom strip (Ring making) 1*1,SNLS (UBT),0.32,SG-10427
Tracing for bottom hem,Tracing Pattern,0.2,SG-1196
Tracing at bottom (W/O) Considering Inseam/Out seam,Tracing Pattern,0.58626,SG-10125
Attach lining strip at bottom (inner side) 1*1,SNLS (UBT),1.32,SG-0570
Front bottom strip tracing (shaped),Tracing Pattern,0.545,SG-9964
Ruffle Hemming (Skirt),SNLS (UBT),1.658,SG-10662
Front Panel Patch Press,Manual,0.9,SG-0441
Attach strip at bottom Back 1*1 (Shaped),SNLS (UBT),0.748,SG-0570
Attach strip at bottom Front 1*1 (Shaped),SNLS (UBT),0.723,SG-0570
Top stitch strip at bottom Back 1*1 (Shaped),SNLS (UBT),0.534,SG-1610
Top stitch strip at bottom Front 1*1 (Shaped),SNLS (UBT),0.534,SG-3436
Serge Bottom open skirt,3T O/L,0.5,SG-9501
Bottom hem overlock,3T O/L,0.503,SG-9411
BOTTOM HEM OVERLOCK ABOVE 34 CM (HH),3T O/L,0.502,SG-9412
Bottom hem Over Lock,3T O/L,0.5,SG-9410
BOTTOM HEM OVERLOCK (HH),3T O/L,0.5,SG-9411
Bottom hem overlock (busted),3T O/L,0.5,SG-9411
BOTTOM HEM OVERLOCK (BUSTED) HH,3T O/L,0.5,SG-9413
Bottom hem overlock (Wide Legs),3T O/L,0.553,SG-9411
Bottom Trimming,3T O/L,0.26,SG-9415
Hem Bottom Flapper (Chain Stitch),Auto hem (chain),0.584,SG-0053
Hem Bottom (Chain Stitch),Auto hem (chain),0.493,SG-0053
HEM BOTTOM (CHAIN STITCH) HH,Auto hem (chain),0.4934954999999999,SG-0053
Hem Bottom (Chain Stitch) After Set,Auto hem (chain),0.3,SG-0053
Hem Bottom,SNLS (UBT),0.54,SG-0053
Hem bottom 2 Joint,SNLS (UBT),0.48,SG-0053
Hem bottom 4 Joint,SNLS (UBT),0.756,SG-0053
Hem Bottom with piping,SNLS (UBT),0.54,SG-0053
Bottom Hemming (below 12cm),SNLS (UBT),0.54,SG-0053
Bottom hem (below 12cm) joints 2*2,SNLS (UBT),0.54,SG-0053
Hem bottom < 12cm + height 1 inch,SNLS (UBT),1.173,SG-0053
Bottom hem flat (having embroidery),DNLS (UBT),2.106074,SG-0053
Bottom hem flat (short),SNLS (UBT),1.146555,SG-0053
Set Bottom hem strip,SNLS (UBT),1.575156,SG-0053
Top Stitch Bottom hem strip,SNLS (UBT),3.016,SG-0053
Bottom Hemming (overlapping stitch)(1.5 to 2.5cm) height,SNLS (UBT),0.7564799999999999,SG-0053
BOTTOM HEM (1.5 TO 2.5CM HEIGHT)HH,SNLS (UBT),0.7564799999999999,SG-0053
Bottom Hemming (overlaping stitch),SNLS (UBT),0.45,SG-0053
BOTTOM HEM (OVERLAP) HH,SNLS (UBT),0.45,SG-0053
Bottom Hemming (overlaping stitch) busted,SNLS (UBT),0.57,SG-0053
BOTTOM HEM (OVERLAP) BUSTED HH,SNLS (UBT),0.57,SG-0053
Bottom Hemming (overlapping stitch)(3.5 to 4.5 cm) height,SNLS (UBT),0.67,SG-0053
Bottom hem tacking 1*1,SNLS (UBT),0.415,SG-10416
Bottom hem tacking 1*1 (2nd),SNLS (UBT),0.39,SG-10416
Auto bottom hem Lock (flapper),Auto Hem bottom,0.62,SG-0053
AUTO BOTTOM HEM (FLAPPER) HH,Auto Hem bottom,0.62,SG-0053
Bottom hem (23 to 26cm),SNLS (UBT),0.54,SG-0053
Bottom hem (27 to 30cm),SNLS (UBT),0.54,SG-0053
Bottom hem (31 to 34cm),SNLS (UBT),0.54,SG-0053
Bottom hem (above 34cm),SNLS (UBT),0.67,SG-0053
BOTTOM HEM ( ABOVE 34 CM) HH,SNLS (UBT),0.67,SG-0053
Bottom hem (above 40 cm),SNLS (UBT),0.67,SG-0053
Hem Bottom (Chain Stitch) 2 joints,Auto hem (chain),0.6555000000000001,SG-0053
HEM BOTTOM (DNLS) SHORT HH,DNLS (UBT),0.67,SG-0053
BOTTOM HEM ( ABOVE 38 CM) HH,SNLS (UBT),0.62,SG-0053
Bottom Hemming (busted),SNLS (UBT),0.54,SG-0053
Bottom Hemming (below 12cm) (busted),SNLS (UBT),0.54,SG-0053
Bottom Hemming (DNLS),DNLS (UBT),0.54,SG-0053
Bottom hem (open piece),SNLS (UBT),0.716,SG-0053
BOTTOM HEM (DNLS) HH,DNLS (UBT),0.54,SG-0053
Bottom hem (below 12cm) DNLS,DNLS (UBT),0.54,SG-0053
Bottom hem (12 cm to 15 cm) DNLS,DNLS (UBT),0.54,SG-0053
Bottom hem (31 to 34cm) DNLS,DNLS (UBT),1,SG-0053
Bottom hem (27 to 30cm) DNLS,DNLS (UBT),1,SG-0053
Bottom hem (above 34cm) DNLS,DNLS (UBT),0.6568116000000002,SG-0053
Bottom hem curvy (above 34cm) DNLS,DNLS (UBT),1.052766666666667,SG-0053
Bottom Hemming (12cm to 15cm) (busted),SNLS (UBT),0.54,SG-0053
Bottom Hemming (busted) (23-26cm),SNLS (UBT),0.54,SG-0053
Bottom Hemming (busted) (27-30cm),SNLS (UBT),0.54,SG-0053
Bottom hem (busted) (31 to 34cm),SNLS (UBT),0.54,SG-0053
Bottom hem (busted) (above 34cm),SNLS (UBT),0.54,SG-0053
Bottom hem (busted) (39cm-42cm),SNLS (UBT),0.54,SG-0053
Bottom hem (busted) (43cm-46cm),SNLS (UBT),0.98,SG-0053
Bottom Hem S/N,SNLS (UBT),1.354,SG-0053
Hem Bottom Full Pcs,SNLS (UBT),1.64,SG-0053
Bottom Hem Flapper (Tough Handling),SNLS (UBT),0.82,SG-0053
Hem Bottom with Cord (Handling),SNLS (UBT),0.512,SG-0053
Hem Bottom Skirt (Tough Handling),SNLS (UBT),0.771,SG-0053
Bottom hem 5cm & above height + joints & Strips Handling,SNLS (UBT),1.793,SG-0053
Bottom hem (16 to 22cm) busted (2.6 to 3.5cm height),SNLS (UBT),0.68,SG-0053
Bottom hem (above 34cm) (1.5 to 2.5cm height),SNLS (UBT),0.7564799999999999,SG-0053
Bottom hem (having slit) (1.5 to 2cm height),SNLS (UBT),0.903135,SG-0053
Hem Bottom Fashion (Above 50 cm & Curve Handling),SNLS (UBT),1.93,SG-0053
Hem Bottom Fashion(Grand Size Garment)&(Up to 55 cm width),SNLS (UBT),3.894,SG-0053
Hem Bottom Skirt,SNLS (UBT),0.653,SG-0053
Bottom hem (D/N) Short,DNLS (UBT),0.535,SG-0053
Hem Bottom with slit/vent,SNLS (UBT),0.8048639999999999,SG-0053
Bottom hem with slit/vent (above 22cm),SNLS (UBT),0.82,SG-0053
Bottom Hemming 1 Side only,SNLS (UBT),0.4,SG-0053
Bottom Hemming 2nd Side only,SNLS (UBT),0.4,SG-0053
Hem Bottom with slit/vent (having joints 2*2),SNLS (UBT),1.102629,SG-0053
Hem bottom with zipper slit,SNLS (UBT),0.6,SG-0053
Hem Bottom Fashion,SNLS (UBT),1.324,SG-0053
Bottom hem Turn & Tack 2*2,SNLS (UBT),0.9861600000000001,SG-0053
Bottom Slit turning 2*2,Manual,0.579,SG-9879
Front Round fashion stitch 2*2 (Overlap),SNLS (UBT),1.585524,SG-10546
Bottom press for Adjustment,Manual,1.465,SG-0441
Tacking bottom strip with panel @ hem 2*2,SNLS (UBT),1.34594,SG-0053
Attach strip at bottom 1*1 (Shaped) Full Pcs Handling,SNLS (UBT),2.3620128,SG-0570
Bottom strip top stitch close Lower side (Full Pcs Handling),SNLS (UBT),3.250424,SG-10429
Zipper Attach at sides 2,SNLS (UBT),1.44,SG-10906
Attach Bottom strip safety 1*1,5T O/L,0.72552,SG-9523
Attach Bottom Strip with Panel,SNLS (UBT),1.176,SG-0570
Bottom Ring making with turn (tubular form) 1*1,SNLS (UBT),0.81018,SG-10426
Top Bottom S/n,SNLS (UBT),2.111599999999999,SG-10819
Hem Bottom (Shirt),SNLS (UBT),1.892,SG-0053
Bottom fashion stitch,SNLS (UBT),0.614,SG-10408
Hem Bottom Curvy Tough Handling (Jacket),SNLS (UBT),3.454,SG-0053
Set bottom ring with panel 1*1,SNLS (UBT),1.26528,SG-10690
Overlock bottom ring with panel after set 1*1,3T O/L,0.61,SG-9469
Press bottom hem,Manual,0.594,SG-0441
Tracing For Button Hole,Tracing Pattern,0.16,SG-9104
Eyelet 1,Eyelet,0.121,SG-0124
Eyelet 1 (2nd),Eyelet,0.121,SG-0124
Eyelet 1 (3rd),Eyelet,0.121,SG-0124
Eyelet 1 Tilted shape w/o tracing,Eyelet,0.121,SG-0124
Straight Eyelet Tab (2),Eyelet,0.295,SG-0124
Eyelets 3,Eyelet,0.4,SG-0124
Eyelets 4,Eyelet,0.484,SG-0124
Straight eyelet 4 at waist belt having elastic (Close Garment),Eyelet,0.918509675,SG-0124
Garment Trimming (Front),Manual,0.3,SG-4959
Garment trimming (Assembly),Manual,0.3,SG-4959
Close belt stitch (lower) lock stitch having elastic,SNLS (UBT),1.1929955,SG-10450
Attatch Elastic Belt Punch Stitch 2*2,SNLS (UBT),0.4,SG-10351
Set elastic To Body,SNLS (UBT),0.9676199999999999,SG-10701
Attatch Elastic Belt Centre Stitch,SNLS (UBT),0.32,SG-10350
Belt Centre Stitch,SNLS (UBT),0.3626895,SG-10390
Attach label at Close band End (Triangular),SNLS (UBT),0.63,SG-10292
Front Pannel 2 Set S/N,SNLS (UBT),0.854,SG-10537
Side Chalk S/n,SNLS (UBT),0.75,SG-10740
Slit Tracing (2 Sides),Tracing Pattern,0.2,SG-10101
Tacking at slits 2,SNLS (UBT),0.326,SG-10803
Bottom Slit inside out 2*2,Manual,0.694,SG-9878
Set Elasticated belt to body,SNLS (UBT),1.2785032,SG-10702
Elasticated belt overlock (after attach),3T O/L,0.3567130833333333,SG-9424
Elasticated belt overlock (after attach)( Grand size),3T O/L,0.477,SG-9424
Elasticated belt top stitch,SNLS (UBT),0.7282799999999999,SG-10502
Top Stitch Belt Lower,W/B,0.998,SG-1336
Waist Band Elastic tacking with body following mmt (8 tacking),SNLS (UBT),1.17608,SG-0668
Waist Band /Elastic tacking (8 points),SNLS (UBT),0.81,SG-0668
Waist Band Elastic tacking (12 tacking),SNLS (UBT),0.882,SG-0668
Waist Band Elastic tacking (12 & Above),SNLS (UBT),0.935,SG-0668
Close belt stitch (lower),SNCS (NUBT),0.6,SG-10221
Close belt stitch (lower) D/N (hanging loops at sides),SNCS (NUBT),0.54524025,SG-10222
Belt Top edge stitch (lock stitch),SNLS (UBT),0.76,SG-10396
Belt Top edge stitch,SNCS (NUBT),0.6,SG-10218
Fashion Patti Punch Stitch,SNLS (UBT),0.545,SG-10508
Attach PU/fabric patch (4sides),SNLS (UBT),0.8105920000000001,SG-10311
Punch stitch extended (for washing),SNLS (UBT),0.12,SG-10649
PUNCH STITCH FOR WASHING,SNLS (UBT),0.22,SG-10650
Flap secure Punch stitch (up to 4)(jacket/shirt),SNLS (UBT),0.22,SG-10515
Tacking For Washing -5,SNLS (UBT),0.828,SG-10811
Top Stitch Fashion,SNLS (UBT),0.51,SG-10849
Number Sticker Removal (upto 4 Stickers),Manual,0.21,SG-10009
Number Sticker Removal Full body,Manual,0.4,SG-0302
FABRIC STRIP END CLOSE (UPPER)1*1,SNLS (UBT),0.75,SG-10504
FABRIC STRIP END CLOSE (LOWER)1*1,SNLS (UBT),1.254,SG-10504
TACKING 10,SNLS (UBT),1.03,SG-10780
Butter fly Making Manual,SNLS (UBT),0.684,SG-10434
Front Panel join Folder 1*1 (Vest),Feed off Arm,0.436,SG-9781
Attach Yoke Safety (having joints)(Vest),5T O/L,0.441,SG-9534
Yoke Top Stitch (having joints)(Vest),Feed off Arm,0.371,SG-1400
Tracing at Front & Back Panel for Label attach 1*1(Vest),Tracing Pattern,0.21,SG-10137
Label Making (4 Label) B/W,SNLS (UBT),0.286,SG-10598
Logo Label attach at Out seam (Vest),SNLS (UBT),0.19,SG-10608
Care & Size label attach at Out seam (Vest),SNLS (UBT),0.19,SG-10436
Shoulder Safety Right side(Vest),5T O/L,0.196,SG-9595
Tacking 2 @ Shoulder (Vest),SNLS (UBT),0.264,SG-10817
Lining piping tacking(Neck&Armhole)(Vest),SNLS (UBT),0.4,SG-10606
Neck Piping Attach through Folder (Vest),SNLS (UBT),0.655,SG-10617
Neck strips edge Cutting (vest),Manual,0.247,SG-10007
Tracing at back Panel for Label attach 1*1(Vest),Tracing Pattern,0.191,SG-10109
Brand label + size label at back Panel (Vest),SNLS (UBT),0.542,SG-10431
Shoulder Safety Left side(Vest),5T O/L,0.196,SG-9594
Tacking 2 @ Shoulder (2nd)(Vest),SNLS (UBT),0.264,SG-10817
Neck Piping edge folding & Top Stitch(Vest),SNLS (UBT),1.19,SG-10618
Armhole Piping Attach through Folder(Vest),SNLS (UBT),1.238,SG-10238
Armhole Piping edge Cutting(vest),Manual,0.247,SG-9847
Armhole Piping Top Stitch(Vest),SNLS (UBT),1.447,SG-10239
Bartack at sides 2 (Vest),Bartack m/c,0.3,SG-9625
Hem Bottom Vest (Tough Handling),SNLS (UBT),1.594,SG-0053
Attach Back Panel Piping (Vest),SNLS (UBT),0.541308,SG-10257
Attach Back Neck piping (Vest),SNLS (UBT),0.286896,SG-10255
Back Neck piping (Vest) Cutting,SNLS (UBT),0.2,SG-10359
Piping Lining Tacking (Front),SNLS (UBT),0.3,SG-10626
Attach Front Panel Piping (Vest),SNLS (UBT),0.83,SG-10283
Front Panel piping Cutting (Vest),SNLS (UBT),0.2,SG-10535
Attach Butterfly at front panels 1*1 (Vest),SNLS (UBT),0.816,SG-3407
Out seam join through Zig Zag (Vest),Zig-zag machine,1.076,SG-1375
Piping Lining Tacking (Armhole),SNLS (UBT),0.4,SG-10626
Piping attach at Armhole 1*1 (Vest) Closed Garment,SNLS (UBT),0.93,SG-10624
Arm hole piping Cutting (Vest),SNLS (UBT),0.2,SG-10235
Arm hole Piping Joint after piping attach (Vest),SNLS (UBT),1.166808,SG-10236
Arm hole side MMT tacking (Water Thread)(Vest),SNLS (UBT),1.104384,SG-10237
Tacking at inseam (for matching joint),SNLS (UBT),0.373,SG-10796
Bartack 1 (after wash) only,Bartack m/c,0.1,SG-9644
Tacking at side seam 1*1,SNLS (UBT),0.75,SG-10802
Bottom over lock/trimming after wash,3T O/L,0.45,SG-9414
Bartack at inseam crotch 1 (after wash),Bartack m/c,0.075,SG-9621
Bartack loop 2 (after wash),Bartack m/c,0.075,SG-0067
Bartack loop 4 (after wash),Bartack m/c,0.35,SG-0067
Bartack loop 10 (after wash),Bartack m/c,0.662,SG-0067
Bartack loops 2 (after wash) Tough handling,Bartack m/c,0.328,SG-9636
Bartack back pocket 4 (after wash),Bartack m/c,0.237,SG-0066
Bartack side top 2 (after wash) 2nd,Bartack m/c,0.2,SG-9647
Bartack side top 2 (after wash) (2nd),Bartack m/c,0.2,SG-9645
Bartack side top 2 (after wash),Bartack m/c,0.2,SG-9645
BARTACK SIDE TOP 2 (AFTER WASH) HANDLING,Bartack m/c,0.2,SG-9646
Bartack side top 2 (after wash),Bartack m/c,0.2,SG-9645
Bartack on round pocket 4 ( After Wash),Bartack m/c,0.322,SG-9643
ATTACH TWILL TAPE AT OUTSEAM (FOLDER) A/W,Feed off Arm,1.918,SG-9767
INSEAM SAFETY FASHION (A/W),5T O/L,0.858,SG-0363
Lace Cutting (size wise),Manual,0.318,SG-9994
Lace attach at Back Panel 1*1,SNLS (UBT),0.596,SG-10600
Lace secure stitch at back panel 1*1,SNLS (UBT),0.596,SG-10603
Lace attach at Front Panel 1*1,SNLS (UBT),0.596,SG-10601
Fashion Patti Over Lock,3T O/L,0.3,SG-9429
Fashion Patti Over Lock (2nd),3T O/L,0.3,SG-9429
Lace Attachment to Bottom (Short),SNLS (UBT),2.5,SG-10602
W/B Rib ring making,SNLS (UBT),0.2,SG-10888
Bandana Scarf making,SNLS (UBT),1.5,SG-10381
Straight Eyelet (4),Eyelet,0.484040625,SG-0124
Straight Eyelet (5),Eyelet,0.605165625,SG-0124
Eyelets tracing 6,Tracing Pattern,0.475,SG-9948
Straight Eyelet (6),Eyelet,0.726,SG-0124
Elastic attach at Waist band edge (Tough Handling),SNLS (UBT),2.377,SG-0665
WB Rib Top with lock stitch,SNLS (UBT),1.06037,SG-10904
Elastic Ring attach with Rib Ring (tubular form),SNLS (UBT),1.005015,SG-10499
Elastic Tracing Cutting (bottom) 1*1,Tracing Pattern,0.46,SG-9946
Elastic Ring Making (bottom) 1*1,SNLS (UBT),0.4941,SG-10500
Tracing on elastic ring 3*3,Tracing Pattern,0.46946,SG-10194
Elastic ring attach with bottom (2*2 Tacking),SNLS (UBT),1.021,SG-10499
Elastic ring attach with bottom (2*2 Tacking) 2nd time,SNLS (UBT),0.9210999999999999,SG-10499
Out seam Opening (Chain Stitch),Manual,1.671,SG-10011
Bottom Lock Stitch Opening (Partial),Manual,0.705,SG-9874
Set bottom Elasticated Rib ring at bottom 2,SNLS (UBT),1.10964,SG-10687
Elasticated bottom Rib ring overlock (after attach),3T O/L,0.9788362500000002,SG-9425
Bottom Rib Top Stitch with lock stitch,SNLS (UBT),0.8316100000000001,SG-10425
Bottom Rib ring making 1*1,SNLS (UBT),0.4,SG-10424
Bottom Elastic Ring attach with Rib Ring (tubular form) 1*1,SNLS (UBT),1.07,SG-9032
Tacking at bottom hem with folding 2*2 (having joints),SNLS (UBT),0.469,SG-10789
Tacking at bottom hem 2*2,SNLS (UBT),0.469,SG-10789
Tacking at bottom hem 2*2 (2nd),SNLS (UBT),0.469,SG-10789
Strip tacking (to pass through folder),SNLS (UBT),0.1813482,SG-10776
Tracing at back panel for L shape Patch attach 1*1,Tracing Pattern,0.485,SG-10108
Attach back panel patch L shape 1*1,SNLS (UBT),1.795,SG-9143
Back panel patch Overlock L shape 1*1,3T O/L,0.786,SG-9394
Back panel patch top stitch L shape 1*1,DNLS (UBT),0.768,SG-9680
Back panel upper side overlock 1*1,3T O/L,0.22,SG-9395
Front vertical panel join 1*1 (Shirt),5T O/L,0.6,SG-9556
Front vertical panel top stitch 1*1 (Shirt),Feed off Arm,0.58,SG-9779
Tracing at Front panel for L shape Patch attach 1*1,Tracing Pattern,0.485,SG-10140
Attach Front panel patch L shape 1*1,SNLS (UBT),1.795,SG-3393
Front panel patch Overlock L shape 1*1,3T O/L,0.786,SG-9435
Front panel patch top stitch L shape 1*1,DNLS (UBT),0.768,SG-3767
Front panel upper side overlock 1*1,3T O/L,0.22,SG-9436
Front Bottom corners cutting 1*1,Manual,0.56,SG-9963
Armhole Overlock 1*1 (Closed garment),3T O/L,0.4892933333333334,SG-9392
Armhole Strip attach&Cutting (Handling),SNLS (UBT),2.97,SG-10240
Armhole Strip edge top inner side (Lock) Handling,SNLS (UBT),1.38,SG-10242
Cut notch at armhole strip 1*1,Manual,0.72,SG-9917
Armhole Strip edge tacking 1*1,SNLS (UBT),0.37,SG-10241
Armhole Strip edge top out side (Lock) Handling,SNLS (UBT),1.63,SG-10243
Tracing For Slit 1st,Tracing Pattern,0.8,SG-10185
Tracing For Slit 2nd,Tracing Pattern,0.8,SG-10184
Cut notch on panel 2nd,Manual,0.27,SG-9920
Hem Front Pocket (lock stitch folder) jacket,DNLS (UBT),0.08729529166666666,SG-9713
Front pkt attach 1 (Jacket),SNLS (UBT),0.442,SG-3470
Front pkt tacking 1*1,SNLS (UBT),0.15,SG-10540
Bartack 2 at front pkt (jacket),Bartack m/c,0.229,SG-9620
Front Pocket tracing (Jacket),Tracing Pattern,0.148,SG-9315
Join Back Panel FOA 1st,Feed off Arm,1.6,SG-0132
Join Back Panel FOA 2nd,Feed off Arm,1.8,SG-0132
Join Back yoke FOA,Feed off Arm,1.7,SG-1400
Bone making manual (Jacket),SNLS (UBT),3.5,SG-10399
Turn Bone,Manual,1.21,SG-10202
Bone Top for Jacket,SNLS (UBT),4.5,SG-10406
Set Pocket Bag For Bone (Jacket),3T O/L,2.5,SG-9507
Top Stitch Pocket bag for Bone (Jacket),SNLS (UBT),2.5,SG-10870
Front vertical panel join 1*1 with pkt (jacket),SNLS (UBT),4,SG-10555
Front vertical panel O/L 1*1,3T O/L,2.5,SG-9447
Front vertical panel top (Lock stitch) DN,SNLS (UBT),6.5,SG-3402
Tracing at bone pocket for bartack 2*2,Tracing Pattern,1,SG-10124
Bartack Front Bone Pocket 4 Jacket,Bartack m/c,2,SG-9634
Front Yoke Safety (Jacket),5T O/L,1.25,SG-9558
Front Yoke Safety Top (Jacket),Feed off Arm,1.2,SG-1400
Tracing for show stitch at back,Tracing Pattern,1.5,SG-10178
Show stitch at back,DNLS (UBT),5,SG-9720
Front Panel Over Lock 2*2 (Jacket),3T O/L,2,SG-9434
Armhole Safety (Handling),5T O/L,1.315,SG-9522
Armhole FOA Top Handling,Feed off Arm,0.716,SG-9779
Armhole Top (Lock) Handling,DNLS (UBT),1.377,SG-9671
Set front panel 1*1 (Jacket),SNLS (UBT),2,SG-10708
Front Panel Top Stitch (Jacket),DNLS (UBT),4,SG-3750
Front pkt Tracing Seprate Panels,Tracing Pattern,1.5,SG-9970
Front pkt show stitch tracing,Tracing Pattern,0.4,SG-9969
Attach Front 1 Pocket DN,DNLS (UBT),3,SG-1623
Front Pocket Mock Stitch (1 Side),DNLS (UBT),4,SG-9710
Front pkt hem show stitch,SNLS (UBT),1,SG-10539
Bartacks On Front pkt 4 (Jacket),Bartack m/c,1.34,SG-0066
Bartack on Mock Stitch 2 (Jacket),Bartack m/c,0.66,SG-9641
Tracing for bone on Panel 2 (Jacket),Tracing Pattern,1,SG-10160
Close pocket bag safety (Jacket),5T O/L,2,SG-9547
Tracing for straight eyelet 5,Tracing Pattern,0.345,SG-10187
6 point Tracing On Zip,Tracing Pattern,2,SG-10030
Tracing for Zip attachment on Panel,Tracing Pattern,1.5,SG-10191
Waist band Hindden Tacking,SNLS (UBT),2,SG-9092
Hidden CBE Close,SNLS (UBT),3,SG-10572
Arm hole fashion bartack 4,Bartack m/c,0.5504437500000001,SG-9607
Bartack 2 at arm hole & out seam join,Bartack m/c,0.2,SG-9613
Tracing at arm hole fashion bartack 4,Tracing Pattern,0.289,SG-10106
Shoulder Safety 1*1,5T O/L,0.455,SG-9593
Shoulder Safety 1*1 (Joints Handling),5T O/L,0.458,SG-9593
Tracing at front panel for armhole top,Tracing Pattern,0.35,SG-10138
Top Stitch Shoulder 1*1,Feed off Arm,0.309,SG-9779
Attach shoulder FOA,Feed off Arm,0.538,SG-9779
Shoulder Join,SNLS (UBT),0.45,SG-10735
Shoulder Join (2nd),SNLS (UBT),0.45,SG-10735
Top Stitch Shoulder 1*1 (DNLS),DNLS (UBT),0.633,SG-9741
Shoulder Safety,5T O/L,1.7,SG-9593
Top Stitch Shoulder,Feed off Arm,1.6,SG-9779
Closed Armhole Safety,5T O/L,7,SG-9549
Closed Armhole Feedo Top,DNLS (UBT),7,SG-9690
Jacket bottom hem,SNLS (UBT),1.426,SG-10583
Attach hanger loop (Jacket),SNLS (UBT),1,SG-1761
Waist band inner strip attachment,W/B,9,SG-1336
Close Band Ends S/N ( Jacket ),CBE Machine,1,SG-9662
Press Bottom Loop 2,Manual,1.5,SG-0441
Bottom tab Macking For Jacket,SNLS (UBT),3.5,SG-10430
Bartack at bottom Tab 2*2 (Jacket),Bartack m/c,2,SG-9616
Waist band attachment (1 Ply),W/B,6,SG-1336
Waist band Edge Cutting,Manual,0.7,SG-10209
Close Band End (Jacket),SNLS (UBT),5,SG-10440
Jacket bottom tacking for washing,SNLS (UBT),0.423,SG-10584
Bottom Trimming (Jacket),3T O/L,0.55,SG-9415
Close belt stitch (lower) Lock stitch,SNLS (UBT),1.43,SG-10449
Arm Hole Patti Press,Manual,0.2589420833333334,SG-0441
ARMHOLE TOP (SHARP CURVY),Feed off Arm,1.894449,SG-9779
Tracing at back panel for armhole top,Tracing Pattern,0.35,SG-10107
Bar tack at Armhole 2*2,Bartack m/c,0.457,SG-9609
Attach Ban Collar Fusing (3 separate parts),Fusing attach m/c,0.42,SG-0064
Attach Ban Collar Fusing (3 separate parts) 2nd,Fusing attach m/c,0.42,SG-0064
Press Ban Collar strip 1*1,Manual,0.385,SG-0441
Ban Collar Press 1,Manual,0.243,SG-0441
Ban Collar Trim & Turn,Manual,0.364,SG-9870
Tracing at Ban Collar for Set 1*1,Tracing Pattern,0.266204375,SG-1288
Tracing at Ban Collar for Set 1*1 Curvy handling,Tracing Pattern,0.4252692225,SG-10118
Tracing at Ban Collar for Set 1,Tracing Pattern,0.148809,SG-1288
Tracing at Ban Collar for Set 1 Curvy handling,Tracing Pattern,0.314,SG-10118
Join Ban Collar panels 3 pcs,SNLS (UBT),0.599,SG-10585
Join Ban Collar panels 3 pcs 2nd,SNLS (UBT),0.599,SG-10586
Press Ban Collar after Making busted seam,Manual,0.1698078,SG-0441
2 Ban Collar parts Join Curvy Handling,SNLS (UBT),0.904,SG-10378
Cut notch at Ban Collar (Upto 8),Manual,0.297,SG-9918
Stitch at Ban Collar edge for side MMT (WDT),SNLS (UBT),0.576,SG-10770
Tracing at Ban Collar for attachment,Tracing Pattern,0.236,SG-10117
Attach Ban Collar To Body,SNLS (UBT),1.563,SG-10263
Ban collar attach to body joints tacking 1*1,SNLS (UBT),0.306,SG-10377
Ban collar attach to body all around (Tough handling),SNLS (UBT),2.774,SG-10376
Ban collar top stitch,SNLS (UBT),1.262,SG-0619
Press ban collar all around curvy shape,Manual,0.915,SG-0441
Press ban collar busted & edge fold,Manual,0.3902683882,SG-0441
Collar Fusing Attach (1*1),Fusing attach m/c,0.205,SG-0064
Collar Ban Fusing Attach (1*1),Fusing attach m/c,0.205,SG-0064
Collar Press 1 Side,Manual,0.233,SG-0441
Coller Set,SNLS (UBT),0.357,SG-10463
Collar Set 3 sides Handling,SNLS (UBT),0.623,SG-10456
Collar Trim & Turn,Manual,0.342,SG-9901
Coller Half Moon Top,Feed off Arm,0.54,SG-9779
Set Coller 1st Part,SNLS (UBT),1.033518,SG-10693
Caller Attatch With Lining,SNLS (UBT),1.033518,SG-10435
Coller Set Top Body,SNLS (UBT),1.2,SG-10464
Coller 1st Top,SNLS (UBT),1.033518,SG-10465
Coller 2nd Top,SNLS (UBT),1.033518,SG-10462
Set Coller Center,SNLS (UBT),1.033518,SG-10692
Coller Top,SNLS (UBT),1.033518,SG-10466
Collar top edge Stitch,SNLS (UBT),0.46731,SG-0619
Collar top 2nd Stitch,SNLS (UBT),0.336375,SG-0619
Tracing at Collar for Set 3 sides,Tracing Pattern,0.323,SG-10127
Coller Macking,SNLS (UBT),1.8,SG-10461
Tracing at Collar for attachment,Tracing Pattern,0.197071125,SG-2579
Attach Collar To Body,SNLS (UBT),1.009,SG-10267
Collar Top stitch,SNLS (UBT),1.776,SG-0619
Collar Top 1st stitch curvy,SNLS (UBT),1.03,SG-0619
Collar Top 1st stitch curvy 2nd,SNLS (UBT),0.619,SG-0619
Collar folding press,Manual,0.317,SG-0441
Press collar (busted),Manual,0.387,SG-0441
Press collar set,Manual,0.335,SG-0441
Press collar set 2nd,Manual,0.335,SG-0441
Collar side trim for round shape & Turn,Manual,0.437,SG-9900
Press collar strip 1*1,Manual,0.416316,SG-0441
3 point tracing at Collar for attachment,Tracing Pattern,0.197071125,SG-10025
Collar Strip Gathering 3 sides,SNLS (UBT),1.11,SG-10457
Frill Strip attach with Collar,SNLS (UBT),1.88,SG-10527
Collar 2nd part attach Frill Handling,SNLS (UBT),1.29,SG-10455
Collar Trim & Turn (Gathering Strip Handling),Manual,0.6,SG-9901
Tracing at Collar for Strip Attachment,Tracing Pattern,0.247,SG-10128
collar press for top stitch,Manual,0.435,SG-0441
Tacking for collar Patch Joint,SNLS (UBT),0.51,SG-10809
Set Collar Patch with Body,SNLS (UBT),1.494,SG-10691
Top Stitch collar with Hanger Loop,SNLS (UBT),1.38,SG-0619
Twill Tape attach at Collar + Cut,Manual,1.41,SG-10205
Collar set tracing 3 sides (Special Approval),Tracing Pattern,0.482,SG-9899
Collar Trim,Manual,0.2878798,SG-2577
Collar Turn,Manual,0.206,SG-2578
Collar inner press busted,Manual,0.46,SG-0441
Tracing at Collar for Strip Attachment (2nd),Tracing Pattern,0.7000000000000001,SG-10128
Press collar half moon strip 1*1,Manual,1.2,SG-0441
Attach Collar Half moon strips 1*1,SNLS (UBT),2.6,SG-10266
Attach Collar To Body (Strip Handling),SNLS (UBT),1.009,SG-10267
Cuffs chain stitch opening 1*1,Manual,0.5,SG-9911
Tracing at Cuff for V shape (Outer side),Tracing Pattern,0.41,SG-10130
Cuff Cutting V shape,Manual,0.45,SG-9904
Tracing at Cuff for V shape (Inner side),Tracing Pattern,0.41,SG-10130
Cuff cut & turn V shape,Manual,0.45,SG-9903
Cuff Fusing Attach 2pc,Fusing attach m/c,0.15,SG-0064
Cuff Fusing Attach (1*1),Fusing attach m/c,0.15,SG-0064
Cuff Fusing Attach (1*1) 2nd,Fusing attach m/c,0.15,SG-0064
Tracing at Cuff for attachment,Tracing Pattern,0.271192,SG-10129
Cuff Turn 1*1,Manual,0.212,SG-2641
Cuff Tracing for Set,Tracing Pattern,0.237002815,SG-9908
Cuff Tracing for Set 2nd,Tracing Pattern,0.371,SG-9909
Press Cuff hem 1*1,Manual,0.24,SG-0441
Set Cuff 1*1,SNLS (UBT),1,SG-10694
Cuff cut & Turn-2,Manual,0.648,SG-9902
Cuff hem (lock stitch) 1*1,SNLS (UBT),0.22,SG-10478
Cuff top stitch (Curvy) 1*1,SNLS (UBT),0.98,SG-0658
Cuff top stitch (Straight) 1*1,SNLS (UBT),1.57,SG-0658
Attach Cuff with Sleeve 1*1,SNLS (UBT),1.56,SG-10271
Cuff Press (inner& outer side),Manual,0.59,SG-0441
Cuff Ring Making 1*1,SNLS (UBT),0.377,SG-10479
Cuff Ring Making 1*1 2nd,SNLS (UBT),0.377,SG-10480
Cuff Turn 1*1 2nd,Manual,0.212,SG-2642
Cuff turning + insertion 1*1,Manual,0.484,SG-9910
Cuff top stitch (chain),SNCS (NUBT),0.7,SG-10227
Cuff Hem with zipper 1*1,SNLS (UBT),1.406,SG-10478
Tracing for cuff high low 1*1 (jacket),Tracing Pattern,0.286,SG-9106
Cuffs chain stitch opening 2*2,Manual,0.94,SG-9911
Attach Cuff (Jacket) 1*1,W/B,0.6,SG-1336
Chain Stitch Open 2/3 chains (1pc) cuff 1*1,Manual,0.46,SG-0206
Close Band End Jacket (Cuff),SNLS (UBT),1.6,SG-10441
Cuff Fusing Attach (1&2 part)(Special Fusing),Fusing attach m/c,0.15,SG-0064
Attach Cuff 1*1 ( Tuck-in),Tuck-in machine,1.894,SG-1336
Straight Cuff Eyelet (2),Eyelet,0.295,SG-0124
Cuff strip set,SNLS (UBT),0.429,SG-10481
Cuff strip top with box stitch,SNLS (UBT),1.89,SG-10482
Attach Cuff 1*1 ( Tuck-in) 3*3 chains,Tuck-in machine,1.102,SG-1336
Attach Cuff 1*1 ( Tuck-in)(3cm height) 4*4 chains,Tuck-in machine,2.34,SG-1336
Cuff close band ends straight stitch 2*2,CBE Machine,0.353,SG-9663
Cuff Straight Eyelet (2),Eyelet,0.378,SG-0124
Cuff Hem 1*1,W/B,3.4,SG-1336
Attach Cuff with Self Fold,SNLS (UBT),8,SG-10271
Cuff Hem Press 2*2,Manual,1.25,SG-0441
Cuff Folding press,Manual,1.25,SG-0441
Set Cuff 1*1 (2 sides),SNLS (UBT),2.5,SG-10694
Tracing for Neck Placket,Tracing Pattern,0.24,SG-10176
Front Placket (Tacking +cut notch+ Turn),SNLS (UBT),0.632,SG-10541
Front Placket (cut & Turn) after Tacking,SNLS (UBT),0.423,SG-10542
Placket Set,SNLS (UBT),1.08,SG-10633
Placket 1st Top,SNLS (UBT),1.3,SG-10634
Front Placket (Left Side) WDT,SNLS (UBT),0.4688924,SG-10544
Front Placket (Right Side),SNLS (UBT),0.562,SG-10541
Front Placket (Left Side) 2nd,SNLS (UBT),0.6011219999999999,SG-10543
Placket edge stitch 1 without press (2nd),SNLS (UBT),0.562,SG-10628
Attach collar Patch with Plackets Safety 1*1,5T O/L,0.362,SG-9524
Tracing at body for Placket MMT,Tracing Pattern,0.417,SG-10121
Overlock Placket All Around,3T O/L,0.9423333333333332,SG-9474
Overlock Placket Strip with Body,3T O/L,1.01325,SG-9475
Tacking Placket Strip for Body,SNLS (UBT),0.374,SG-10816
Top Stitch Placket Left Side with CBE,SNLS (UBT),1.713,SG-10865
Front Placket (cut & Turn) after Tacking 2nd,Manual,0.336375,SG-9971
Top Stitch Placket Right Side with Zip,SNLS (UBT),1.509,SG-10866
Set Left Placket (L-Shape),SNLS (UBT),0.552,SG-10720
CBE 5 cm & Above height Zip &Placket Handling,SNLS (UBT),1.892,SG-10438
Attach Right Placket with zip and panel (L shape),SNLS (UBT),0.5619999999999999,SG-10317
Front Placket,SNLS (UBT),1.6,SG-10541
Front Placket edge cutting,Manual,0.643,SG-9974
Placket Press double fold 1,Manual,0.48,SG-0441
Placket edge stitch 1 without press,SNLS (UBT),0.4,SG-10628
Placket fly attach with panel,SNLS (UBT),0.4176816999999999,SG-10629
Attach Zipper to placket,SNLS (UBT),1.291785,SG-10349
Top stitch on zipper at placket,SNLS (UBT),1.295648,SG-10864
Placket press 2 (double fold press),Manual,0.58,SG-0441
Placket edge stitch 1*1,SNLS (UBT),0.81,SG-0444
Placket 2nd Top,SNLS (UBT),0.614982,SG-10632
Placket attach,SNLS (UBT),0.654,SG-0853
Placket Fusing Attach (1*1),Fusing attach m/c,0.205,SG-0064
Placket strip attach with Collar,SNLS (UBT),0.75,SG-10635
Front placket corners cutting 1*1,Manual,0.56,SG-9972
Top stitch front Placket Strip L shape 1*1,DNLS (UBT),2.24,SG-9336
Top stitch front Placket Strip (Water thread) 1*1,SNLS (UBT),0.95,SG-9057
Placket edge half making,SNLS (UBT),0.933,SG-10627
Placket straight Eyelet (5),Eyelet,0.613,SG-0124
Placket hem folding tacking 1*1 (jacket),SNLS (UBT),0.814,SG-10631
Placket edge cutting 2*2,Manual,0.12,SG-10019
Tracing at placket edge L shape (Special Approval),Tracing Pattern,0.2375055416666667,SG-10147
Placket Half Set SNLS,SNLS (UBT),2,SG-10630
Front Placket Cut after Tacking,Manual,1.21,SG-9973
Front Placket Turn After Tacking,Manual,1.21,SG-9975
Front Placket 1st Top,SNLS (UBT),8,SG-4465
Front Placket 2nd Top,SNLS (UBT),6,SG-4461
Placket strip O/L 1*1,3T O/L,2,SG-9489
Top Stitch Placket strip SNLS,SNLS (UBT),1.7815,SG-10867
Tracing for Neck Half Placket,Tracing Pattern,1,SG-10175
Placket High Low tracing for Zip,Tracing Pattern,1.5,SG-10020
Attach Zip to Placket,SNLS (UBT),9,SG-10344
Attach Placket Strip,SNLS (UBT),7.5,SG-10309
Placket Strip O/L Zip Handling,3T O/L,3.5,SG-9490
Placket Strip Tacking 1*1,SNLS (UBT),3,SG-10638
Placket Top Stitch With Zip Handling,SNLS (UBT),9,SG-0857
Lining attach at Placket for washing,SNLS (UBT),1.055,SG-10604
Placket Fusing Attach manual 1 (Shirt),Fusing attach m/c,0.79,SG-0064
Placket Fusing Attach manual 1 (Shirt)(2nd),Fusing attach m/c,0.79,SG-0064
Ban strip join with Placket set + tacking 1*1 (Shirt),SNLS (UBT),0.56,SG-10380
Belt join with Placket set + tacking 1*1 (Shirt),SNLS (UBT),0.56,SG-10392
Placket strip hem manual Shapy full pcs (Shirt),SNLS (UBT),3.28,SG-10637
Placket strip edge margin stitch full pcs (Shirt),SNLS (UBT),1.67,SG-10636
Placket strip attach with body all around shapy (Shirt),SNLS (UBT),3.68,SG-10635
Placket strip top edge hidden stitch all around shapy (Shirt),SNLS (UBT),2.05,SG-10640
Placket strip top edge outside side all around shapy (Shirt),SNLS (UBT),3.02,SG-10641
Placket strip tacking for top stitch 6 tacking (Shirt),SNLS (UBT),1.31,SG-10639
Placket strip top stitch upper side (Shirt),SNLS (UBT),2.31,SG-10642
Placket Busted Press 1*1,Manual,0.59,SG-0441
Sleeve panel top stitch,SNLS (UBT),0.6,SG-10753
Sleeve panel top stitch (Lock Stitch),SNLS (UBT),0.676,SG-10753
Sleeve Piping,SNLS (UBT),0.676,SG-10754
Sleeve Slit Overlock 1*1,3T O/L,0.274,SG-9512
Tracing at Sleeve for Slit making,Tracing Pattern,0.335,SG-10151
Strip attach with Sleeve 1*1,SNLS (UBT),0.771,SG-10772
Sleeves cutting 1 *1,Manual,0.353,SG-10100
Hidden stitch at sleeve strip with turn 1*1,SNLS (UBT),0.47,SG-10574
Zipper Attach at Sleeve 1*1 ( 1 side),SNLS (UBT),1.306,SG-9350
Zipper 2nd top stitch at Sleeve 1*1 ( 1 side),SNLS (UBT),0.638,SG-10908
Set Zip with Sleeve Panel (2nd side),SNLS (UBT),0.322,SG-10734
Small strip attach with Sleeve 1*1,SNLS (UBT),0.97,SG-10763
Strip attach with Sleeve 1*1,SNLS (UBT),0.491,SG-10772
Sleeve strip top stitch shaped,SNLS (UBT),0.91,SG-10759
Sleeve strip top stitch shaped (2nd),SNLS (UBT),0.91,SG-10759
Sleeve panel top stitch upto 6 Joints,Feed off Arm,0.574,SG-9779
Dart Tracing 4*4 (Sleeve) Large,Tracing Pattern,0.451,SG-9934
Dart Tracing 4*4 (Sleeve) small,Tracing Pattern,0.3105,SG-9937
Set pleat at Sleeve 2*2 Large,SNLS (UBT),0.8849999999999999,SG-10724
Top stitch pleat at Sleeve 2*2 Larg,SNLS (UBT),0.7116250000000001,SG-10868
Set pleat at Sleeve 2*2 Short,SNLS (UBT),0.581,SG-10725
Top stitch pleat at Sleeve 2*2 Short,SNLS (UBT),0.467,SG-10869
Join Sleeve panel 2*2,SNLS (UBT),0.448,SG-10587
Sleeve Safety with Joints,5T O/L,0.539,SG-9597
Sleeve Slit Hem D/N,DNLS (UBT),0.344,SG-9725
Sleeve Slit Hem S/N,SNLS (UBT),0.5551111111111111,SG-10756
Sleeve panels over lock after set,3T O/L,0.5,SG-9511
Saleev Macking,Feed off Arm,0.75,SG-9779
Side seam close with sleeves FOA,Feed off Arm,1.001,SG-0132
Out Seam safety along with sleeve (Joints) Handling,5T O/L,1.065,SG-9577
Out Seam Top FOA along with sleeve,Feed off Arm,1.187,SG-9779
Tracing at back Panel for Yoke High low & Sleeve attach,Tracing Pattern,0.304,SG-10116
Sleeve attach with arm hole,5T O/L,1.237,SG-9596
Gathering making (Sleeve) 1*1,SNLS (UBT),0.636,SG-10557
Gathering secure (Sleeve) 1*1,SNLS (UBT),0.67,SG-10558
Sleeve pleats tacking 2*2,SNLS (UBT),0.599,SG-10755
Cut notches at sleeve 2,Manual,0.14,SG-9926
Sleeve strip cutting 2*2,Manual,0.12,SG-10099
Bartack at sleeve strip edge 1*1,Bartack m/c,0.218,SG-9626
Sleeve strip edge O/L,3T O/L,0.133,SG-9513
Tracing at sleeves strip (4 points),Tracing Pattern,0.315,SG-10152
Sleeve Folder,Feed off Arm,5,SG-9779
Bartack Sleeve 2 Slit,Bartack m/c,1,SG-9649
Sleeve Safety 1*1,5T O/L,2.009723000000001,SG-9597
Out Seam safety along with sleeve strips (Handling),5T O/L,1.14,SG-9577
Sleeve Slit Hem S/N 1st,SNLS (UBT),2.5,SG-10758
Sleeve Slit Hem S/N 2nd,SNLS (UBT),2.5,SG-10757
Tacking On Sleeve Slit,SNLS (UBT),2,SG-10815
Sleeves safety 1*1,5T O/L,2.5,SG-9598
Sleeves Top stitch 1*1,Feed off Arm,2,SG-9779
Bartack Sleeve 2 at vent Z Shaped,Bartack m/c,2.5,SG-9648
Out Seam safety along with sleeve (Joints) Bone Handling,5T O/L,6,SG-9577
Sleeves strip press,SNLS (UBT),0.401,SG-10760
Sleeve Dart/Pleat making 4*4 (Lower side),SNLS (UBT),0.948,SG-10752
Sleve top stitch dart/pleat 4*4 (Lower side),SNLS (UBT),0.68,SG-10761
Sleeve Dart/Pleat making 4*4 (Upper side),SNLS (UBT),0.948,SG-10752
Sleve top stitch dart/pleat 4*4 (Upper side),SNLS (UBT),0.68,SG-10761
Tracing at body for shoulder patch 6 points (Shirt),Tracing Pattern,0.188,SG-10122
Tracing for sleeve set 2x2,Tracing Pattern,0.188,SG-10183
Join sleeve with front panel,5T O/L,0.98,SG-9574
Top sleeve front panel,Feed off Arm,1.36,SG-9779
Join sleeve with back panel,5T O/L,0.98,SG-9574
Top sleeve Back panel,Feed off Arm,1.36,SG-9779
Inner side Tacking at out seam (Shirt),5T O/L,0.4,SG-9560
Set arm hole back side SNLS,SNLS (UBT),0.4,SG-10674
Top arm hole front & back with bone (Feedo),Feed off Arm,2.61,SG-9779
Fashion strip tracing front back complete,Tracing Pattern,0.45,SG-9953
Top stitch fashion strip complete front back self folding,SNLS (UBT),2.3,SG-1610
Strip attach with Shell all around (Folder) Jacket,DNLS (UBT),2.088,SG-9726
Fashion strip corner tacking 8*8,SNLS (UBT),1.695,SG-10511
Closed Armhole Safety (Lining & Joint Handling),5T O/L,3.05,SG-9549
Closed Armhole Top (Lining & Joint Handling),DNLS (UBT),2.95,SG-9691
Top stitch at fashion Strip,DNLS (UBT),2.088,SG-9729
Corner edges Tacking V shape 04,SNLS (UBT),1.4,SG-10469
Edge cutting with Pattern 4*4,Manual,1.203,SG-9943
